2026-01-30 11:51:18,339 - app.services.gmail_service - INFO - Gmail OAuth credentials loaded successfully
2026-01-30 11:51:18,344 - app.main - INFO - Starting PhishGuard AI...
2026-01-30 11:51:21,934 - app.services.gmail_service - INFO - Gmail OAuth credentials loaded successfully
2026-01-30 11:51:21,939 - app.main - INFO - Starting PhishGuard AI...
2026-01-30 11:52:02,861 - app.services.gmail_service - INFO - Gmail OAuth credentials loaded successfully
2026-01-30 11:52:02,866 - app.main - INFO - Starting PhishGuard AI...
2026-01-30 11:52:02,888 - app.main - INFO - Database initialized
2026-01-30 13:52:00,125 - app.main - INFO - Shutting down PhishGuard AI...
2026-01-30 13:52:03,618 - app.services.gmail_service - INFO - Gmail OAuth credentials loaded successfully
2026-01-30 13:52:03,627 - app.main - INFO - Starting PhishGuard AI...
2026-01-30 13:52:03,634 - app.main - INFO - Database initialized
2026-01-30 14:15:48,097 - googleapiclient.discovery_cache - INFO - file_cache is only supported with oauth2client<4.0.0
2026-01-30 14:15:59,865 - google_auth_httplib2 - INFO - Refreshing credentials due to a 401 response. Attempt 1/2.
2026-01-30 14:16:00,990 - app.services.gmail_service - INFO - Retrieved 20 emails from Gmail
2026-01-30 14:16:07,349 - googleapiclient.discovery_cache - INFO - file_cache is only supported with oauth2client<4.0.0
2026-01-30 14:16:08,056 - google_auth_httplib2 - INFO - Refreshing credentials due to a 401 response. Attempt 1/2.
2026-01-30 14:16:08,978 - app.services.gmail_service - INFO - Retrieved 20 emails from Gmail
2026-01-30 14:16:15,436 - googleapiclient.discovery_cache - INFO - file_cache is only supported with oauth2client<4.0.0
2026-01-30 14:16:16,146 - google_auth_httplib2 - INFO - Refreshing credentials due to a 401 response. Attempt 1/2.
2026-01-30 14:16:17,081 - app.services.gmail_service - INFO - Retrieved email content for message ID: 19c0e66702019972
2026-01-30 14:16:17,087 - app.routes.analysis - INFO - Analyzing email content (length: 19881)
2026-01-30 14:16:17,108 - app.routes.analysis - INFO - Email analysis complete: safe (confidence: 76.54961380106987%)
2026-01-30 14:16:21,436 - googleapiclient.discovery_cache - INFO - file_cache is only supported with oauth2client<4.0.0
2026-01-30 14:16:22,086 - google_auth_httplib2 - INFO - Refreshing credentials due to a 401 response. Attempt 1/2.
2026-01-30 14:16:23,113 - app.services.gmail_service - INFO - Retrieved email content for message ID: 19c0e5232c98ab9c
2026-01-30 14:16:23,117 - app.routes.analysis - INFO - Analyzing email content (length: 1293)
2026-01-30 14:16:23,125 - app.routes.analysis - INFO - Email analysis complete: safe (confidence: 79.93076351547364%)
2026-01-30 14:29:25,422 - googleapiclient.discovery_cache - INFO - file_cache is only supported with oauth2client<4.0.0
2026-01-30 14:29:26,193 - google_auth_httplib2 - INFO - Refreshing credentials due to a 401 response. Attempt 1/2.
2026-01-30 14:29:27,315 - app.services.gmail_service - INFO - Retrieved 20 emails from Gmail
2026-01-30 14:29:33,670 - googleapiclient.discovery_cache - INFO - file_cache is only supported with oauth2client<4.0.0
2026-01-30 14:29:34,484 - google_auth_httplib2 - INFO - Refreshing credentials due to a 401 response. Attempt 1/2.
2026-01-30 14:29:35,405 - app.services.gmail_service - INFO - Retrieved 20 emails from Gmail
2026-01-30 14:29:41,757 - googleapiclient.discovery_cache - INFO - file_cache is only supported with oauth2client<4.0.0
2026-01-30 14:29:42,486 - google_auth_httplib2 - INFO - Refreshing credentials due to a 401 response. Attempt 1/2.
2026-01-30 14:29:43,500 - app.services.gmail_service - INFO - Retrieved 20 emails from Gmail
2026-01-30 14:29:49,856 - googleapiclient.discovery_cache - INFO - file_cache is only supported with oauth2client<4.0.0
2026-01-30 14:29:50,561 - google_auth_httplib2 - INFO - Refreshing credentials due to a 401 response. Attempt 1/2.
2026-01-30 14:29:51,687 - app.services.gmail_service - INFO - Retrieved 20 emails from Gmail
2026-01-30 14:30:09,059 - googleapiclient.discovery_cache - INFO - file_cache is only supported with oauth2client<4.0.0
2026-01-30 14:30:09,711 - google_auth_httplib2 - INFO - Refreshing credentials due to a 401 response. Attempt 1/2.
2026-01-30 14:30:10,735 - app.services.gmail_service - INFO - Retrieved email content for message ID: 19c0f17f2aca7bdd
2026-01-30 14:30:10,740 - app.routes.analysis - INFO - Analyzing email content (length: 119)
2026-01-30 14:30:10,747 - app.routes.analysis - INFO - Email analysis complete: safe (confidence: 79.71972362679561%)
2026-01-30 14:30:23,685 - googleapiclient.discovery_cache - INFO - file_cache is only supported with oauth2client<4.0.0
2026-01-30 14:30:24,357 - google_auth_httplib2 - INFO - Refreshing credentials due to a 401 response. Attempt 1/2.
2026-01-30 14:30:25,378 - app.services.gmail_service - INFO - Retrieved email content for message ID: 19c0f17f84092873
2026-01-30 14:30:25,382 - app.routes.analysis - INFO - Analyzing email content (length: 718)
2026-01-30 14:30:25,389 - app.routes.analysis - INFO - Email analysis complete: safe (confidence: 82.22506238269948%)
2026-01-30 14:45:04,548 - app.routes.analysis - INFO - Analyzing email content (length: 2622)
2026-01-30 14:45:04,556 - app.routes.analysis - INFO - Email analysis complete: suspicious (confidence: 81.44690656797567%)
2026-01-30 14:47:23,141 - app.routes.analysis - INFO - Analyzing email content (length: 3038)
2026-01-30 14:47:23,149 - app.routes.analysis - INFO - Email analysis complete: safe (confidence: 78.49416619021386%)
2026-01-30 14:47:26,709 - app.routes.analysis - INFO - Analyzing email content (length: 3038)
2026-01-30 14:47:26,717 - app.routes.analysis - INFO - Email analysis complete: safe (confidence: 78.49416619021386%)
2026-01-30 14:47:35,605 - app.routes.analysis - INFO - Analyzing email content (length: 3217)
2026-01-30 14:47:35,613 - app.routes.analysis - INFO - Email analysis complete: safe (confidence: 76.82064563749286%)
2026-01-30 14:47:44,152 - app.routes.analysis - INFO - Analyzing email content (length: 3217)
2026-01-30 14:47:44,160 - app.routes.analysis - INFO - Email analysis complete: safe (confidence: 76.82064563749286%)
2026-01-30 14:49:30,705 - app.routes.analysis - INFO - Analyzing email content (length: 2083)
2026-01-30 14:49:30,712 - app.routes.analysis - INFO - Email analysis complete: suspicious (confidence: 76.02356519557895%)
2026-01-30 14:50:06,924 - app.routes.analysis - INFO - Analyzing email content (length: 1904)
2026-01-30 14:50:06,931 - app.routes.analysis - INFO - Email analysis complete: safe (confidence: 75.75848147359919%)
2026-01-30 14:59:48,905 - app.main - INFO - Shutting down PhishGuard AI...
2026-01-30 14:59:51,833 - app.services.gmail_service - INFO - Gmail OAuth credentials loaded successfully
2026-01-30 14:59:51,839 - app.main - INFO - Starting PhishGuard AI...
2026-01-30 14:59:51,844 - app.main - INFO - Database initialized
2026-01-30 14:59:54,613 - app.services.gmail_service - INFO - Gmail OAuth credentials loaded successfully
2026-01-30 14:59:54,619 - app.main - INFO - Starting PhishGuard AI...
2026-01-30 14:59:54,623 - app.main - INFO - Database initialized
2026-01-30 19:08:55,820 - app.services.gmail_service - INFO - Gmail OAuth credentials loaded successfully
2026-01-30 19:08:55,826 - app.main - INFO - Starting PhishGuard AI...
2026-01-30 19:08:55,832 - app.main - INFO - Database initialized
2026-01-30 19:11:43,222 - app.services.gmail_service - INFO - Generated Gmail authorization URL
2026-01-30 19:11:56,448 - app.services.gmail_service - INFO - Successfully exchanged code for token
2026-01-30 19:11:56,619 - googleapiclient.discovery_cache - INFO - file_cache is only supported with oauth2client<4.0.0
2026-01-30 19:11:57,441 - app.services.gmail_service - INFO - Retrieved 20 emails from Gmail
2026-01-30 19:12:02,958 - googleapiclient.discovery_cache - INFO - file_cache is only supported with oauth2client<4.0.0
2026-01-30 19:12:03,682 - app.services.gmail_service - INFO - Retrieved 20 emails from Gmail
2026-01-30 19:12:18,329 - googleapiclient.discovery_cache - INFO - file_cache is only supported with oauth2client<4.0.0
2026-01-30 19:12:19,126 - app.services.gmail_service - INFO - Retrieved 20 emails from Gmail
2026-01-30 19:12:24,966 - googleapiclient.discovery_cache - INFO - file_cache is only supported with oauth2client<4.0.0
2026-01-30 19:12:25,700 - app.services.gmail_service - INFO - Retrieved 20 emails from Gmail
2026-01-30 19:12:31,445 - googleapiclient.discovery_cache - INFO - file_cache is only supported with oauth2client<4.0.0
2026-01-30 19:12:32,230 - app.services.gmail_service - INFO - Retrieved email content for message ID: 19c10011c75ea2a1
2026-01-30 19:12:32,233 - googleapiclient.discovery_cache - INFO - file_cache is only supported with oauth2client<4.0.0
2026-01-30 19:12:33,017 - app.services.gmail_service - INFO - Retrieved email content for message ID: 19c10011a7a5f5e7
2026-01-30 19:12:33,020 - app.routes.analysis - INFO - Analyzing email content (length: 908)
2026-01-30 19:12:33,031 - app.routes.analysis - INFO - Analyzing email content (length: 811)
2026-01-30 19:12:33,044 - app.routes.analysis - INFO - Email analysis complete: safe (confidence: 80.40403578460841%)
2026-01-30 19:12:33,054 - app.routes.analysis - INFO - Email analysis complete: safe (confidence: 81.62497437330197%)
2026-01-30 19:12:39,185 - googleapiclient.discovery_cache - INFO - file_cache is only supported with oauth2client<4.0.0
2026-01-30 19:12:39,967 - app.services.gmail_service - INFO - Retrieved email content for message ID: 19c0ffe99e67e126
2026-01-30 19:12:39,971 - googleapiclient.discovery_cache - INFO - file_cache is only supported with oauth2client<4.0.0
2026-01-30 19:12:40,748 - app.services.gmail_service - INFO - Retrieved email content for message ID: 19c0ffe99e67e126
2026-01-30 19:12:40,750 - app.routes.analysis - INFO - Analyzing email content (length: 707)
2026-01-30 19:12:40,755 - app.routes.analysis - INFO - Analyzing email content (length: 707)
2026-01-30 19:12:40,762 - app.routes.analysis - INFO - Email analysis complete: safe (confidence: 83.8441489694156%)
2026-01-30 19:12:40,797 - app.routes.analysis - INFO - Email analysis complete: safe (confidence: 83.8441489694156%)
2026-01-30 19:22:57,767 - googleapiclient.discovery_cache - INFO - file_cache is only supported with oauth2client<4.0.0
2026-01-30 19:22:58,592 - app.services.gmail_service - INFO - Retrieved 20 emails from Gmail
2026-01-30 19:23:04,414 - googleapiclient.discovery_cache - INFO - file_cache is only supported with oauth2client<4.0.0
2026-01-30 19:23:05,112 - app.services.gmail_service - INFO - Retrieved 20 emails from Gmail
2026-01-30 19:23:34,465 - googleapiclient.discovery_cache - INFO - file_cache is only supported with oauth2client<4.0.0
2026-01-30 19:23:35,188 - app.services.gmail_service - INFO - Retrieved email content for message ID: 19c10011a7a5f5e7
2026-01-30 19:23:35,191 - googleapiclient.discovery_cache - INFO - file_cache is only supported with oauth2client<4.0.0
2026-01-30 19:23:35,938 - app.services.gmail_service - INFO - Retrieved email content for message ID: 19c10010317a9732
2026-01-30 19:23:35,944 - googleapiclient.discovery_cache - INFO - file_cache is only supported with oauth2client<4.0.0
2026-01-30 19:23:36,631 - app.services.gmail_service - INFO - Retrieved email content for message ID: 19c10011c75ea2a1
2026-01-30 19:23:36,634 - googleapiclient.discovery_cache - INFO - file_cache is only supported with oauth2client<4.0.0
2026-01-30 19:23:37,332 - app.services.gmail_service - INFO - Retrieved email content for message ID: 19c1000c583643f7
2026-01-30 19:23:46,059 - app.routes.analysis - INFO - Starting bulk analysis of 4 emails
2026-01-30 19:23:46,089 - app.routes.analysis - INFO - Bulk analysis complete: 4 emails processed in 0.03s
2026-01-30 19:36:15,270 - app.main - INFO - Shutting down PhishGuard AI...
2026-01-30 20:00:12,930 - app.services.gmail_service - INFO - Gmail OAuth credentials loaded successfully
2026-01-30 20:00:12,950 - app.main - INFO - Starting PhishGuard AI...
2026-01-30 20:00:12,969 - app.main - INFO - Database initialized
2026-01-30 20:17:17,346 - passlib.handlers.bcrypt - WARNING - (trapped) error reading bcrypt version
Traceback (most recent call last):
  File "C:\Users\Vyass\AppData\Roaming\Python\Python313\site-packages\passlib\handlers\bcrypt.py", line 620, in _load_backend_mixin
    version = _bcrypt.__about__.__version__
              ^^^^^^^^^^^^^^^^^
AttributeError: module 'bcrypt' has no attribute '__about__'
2026-01-30 20:17:17,370 - app.routes.auth - ERROR - Registration failed: password cannot be longer than 72 bytes, truncate manually if necessary (e.g. my_password[:72])
Traceback (most recent call last):
  File "C:\Users\Vyass\OneDrive\Desktop\PFE\backend\app\routes\auth.py", line 53, in register
    user = await auth_service.create_user(
           ^^^^^^^^^^^^^^^^^^^^^^^^^^^^^^^
    ...<5 lines>...
    )
    ^
  File "C:\Users\Vyass\OneDrive\Desktop\PFE\backend\app\services\auth_service.py", line 83, in create_user
    hashed_password = AuthService.get_password_hash(password)
  File "C:\Users\Vyass\OneDrive\Desktop\PFE\backend\app\services\auth_service.py", line 43, in get_password_hash
    return pwd_context.hash(password)
           ~~~~~~~~~~~~~~~~^^^^^^^^^^
  File "C:\Users\Vyass\AppData\Roaming\Python\Python313\site-packages\passlib\context.py", line 2258, in hash
    return record.hash(secret, **kwds)
           ~~~~~~~~~~~^^^^^^^^^^^^^^^^
  File "C:\Users\Vyass\AppData\Roaming\Python\Python313\site-packages\passlib\utils\handlers.py", line 779, in hash
    self.checksum = self._calc_checksum(secret)
                    ~~~~~~~~~~~~~~~~~~~^^^^^^^^
  File "C:\Users\Vyass\AppData\Roaming\Python\Python313\site-packages\passlib\handlers\bcrypt.py", line 591, in _calc_checksum
    self._stub_requires_backend()
    ~~~~~~~~~~~~~~~~~~~~~~~~~~~^^
  File "C:\Users\Vyass\AppData\Roaming\Python\Python313\site-packages\passlib\utils\handlers.py", line 2254, in _stub_requires_backend
    cls.set_backend()
    ~~~~~~~~~~~~~~~^^
  File "C:\Users\Vyass\AppData\Roaming\Python\Python313\site-packages\passlib\utils\handlers.py", line 2156, in set_backend
    return owner.set_backend(name, dryrun=dryrun)
           ~~~~~~~~~~~~~~~~~^^^^^^^^^^^^^^^^^^^^^
  File "C:\Users\Vyass\AppData\Roaming\Python\Python313\site-packages\passlib\utils\handlers.py", line 2163, in set_backend
    return cls.set_backend(name, dryrun=dryrun)
           ~~~~~~~~~~~~~~~^^^^^^^^^^^^^^^^^^^^^
  File "C:\Users\Vyass\AppData\Roaming\Python\Python313\site-packages\passlib\utils\handlers.py", line 2188, in set_backend
    cls._set_backend(name, dryrun)
    ~~~~~~~~~~~~~~~~^^^^^^^^^^^^^^
  File "C:\Users\Vyass\AppData\Roaming\Python\Python313\site-packages\passlib\utils\handlers.py", line 2311, in _set_backend
    super(SubclassBackendMixin, cls)._set_backend(name, dryrun)
    ~~~~~~~~~~~~~~~~~~~~~~~~~~~~~~~~~~~~~~~~~~~~~^^^^^^^^^^^^^^
  File "C:\Users\Vyass\AppData\Roaming\Python\Python313\site-packages\passlib\utils\handlers.py", line 2224, in _set_backend
    ok = loader(**kwds)
  File "C:\Users\Vyass\AppData\Roaming\Python\Python313\site-packages\passlib\handlers\bcrypt.py", line 626, in _load_backend_mixin
    return mixin_cls._finalize_backend_mixin(name, dryrun)
           ~~~~~~~~~~~~~~~~~~~~~~~~~~~~~~~~~^^^^^^^^^^^^^^
  File "C:\Users\Vyass\AppData\Roaming\Python\Python313\site-packages\passlib\handlers\bcrypt.py", line 421, in _finalize_backend_mixin
    if detect_wrap_bug(IDENT_2A):
       ~~~~~~~~~~~~~~~^^^^^^^^^^
  File "C:\Users\Vyass\AppData\Roaming\Python\Python313\site-packages\passlib\handlers\bcrypt.py", line 380, in detect_wrap_bug
    if verify(secret, bug_hash):
       ~~~~~~^^^^^^^^^^^^^^^^^^
  File "C:\Users\Vyass\AppData\Roaming\Python\Python313\site-packages\passlib\utils\handlers.py", line 792, in verify
    return consteq(self._calc_checksum(secret), chk)
                   ~~~~~~~~~~~~~~~~~~~^^^^^^^^
  File "C:\Users\Vyass\AppData\Roaming\Python\Python313\site-packages\passlib\handlers\bcrypt.py", line 655, in _calc_checksum
    hash = _bcrypt.hashpw(secret, config)
ValueError: password cannot be longer than 72 bytes, truncate manually if necessary (e.g. my_password[:72])
2026-01-30 20:24:38,003 - passlib.handlers.bcrypt - WARNING - (trapped) error reading bcrypt version
Traceback (most recent call last):
  File "C:\Users\Vyass\AppData\Roaming\Python\Python313\site-packages\passlib\handlers\bcrypt.py", line 620, in _load_backend_mixin
    version = _bcrypt.__about__.__version__
              ^^^^^^^^^^^^^^^^^
AttributeError: module 'bcrypt' has no attribute '__about__'
2026-01-30 20:24:38,011 - app.routes.auth - ERROR - Registration failed: password cannot be longer than 72 bytes, truncate manually if necessary (e.g. my_password[:72])
Traceback (most recent call last):
  File "C:\Users\Vyass\OneDrive\Desktop\PFE\backend\app\routes\auth.py", line 53, in register
    user = await auth_service.create_user(
           ^^^^^^^^^^^^^^^^^^^^^^^^^^^^^^^
    ...<5 lines>...
    )
    ^
  File "C:\Users\Vyass\OneDrive\Desktop\PFE\backend\app\services\auth_service.py", line 83, in create_user
    return None
    
  File "C:\Users\Vyass\OneDrive\Desktop\PFE\backend\app\services\auth_service.py", line 43, in get_password_hash
    @staticmethod
               ^^
  File "C:\Users\Vyass\AppData\Roaming\Python\Python313\site-packages\passlib\context.py", line 2258, in hash
    return record.hash(secret, **kwds)
           ~~~~~~~~~~~^^^^^^^^^^^^^^^^
  File "C:\Users\Vyass\AppData\Roaming\Python\Python313\site-packages\passlib\utils\handlers.py", line 779, in hash
    self.checksum = self._calc_checksum(secret)
                    ~~~~~~~~~~~~~~~~~~~^^^^^^^^
  File "C:\Users\Vyass\AppData\Roaming\Python\Python313\site-packages\passlib\handlers\bcrypt.py", line 591, in _calc_checksum
    self._stub_requires_backend()
    ~~~~~~~~~~~~~~~~~~~~~~~~~~~^^
  File "C:\Users\Vyass\AppData\Roaming\Python\Python313\site-packages\passlib\utils\handlers.py", line 2254, in _stub_requires_backend
    cls.set_backend()
    ~~~~~~~~~~~~~~~^^
  File "C:\Users\Vyass\AppData\Roaming\Python\Python313\site-packages\passlib\utils\handlers.py", line 2156, in set_backend
    return owner.set_backend(name, dryrun=dryrun)
           ~~~~~~~~~~~~~~~~~^^^^^^^^^^^^^^^^^^^^^
  File "C:\Users\Vyass\AppData\Roaming\Python\Python313\site-packages\passlib\utils\handlers.py", line 2163, in set_backend
    return cls.set_backend(name, dryrun=dryrun)
           ~~~~~~~~~~~~~~~^^^^^^^^^^^^^^^^^^^^^
  File "C:\Users\Vyass\AppData\Roaming\Python\Python313\site-packages\passlib\utils\handlers.py", line 2188, in set_backend
    cls._set_backend(name, dryrun)
    ~~~~~~~~~~~~~~~~^^^^^^^^^^^^^^
  File "C:\Users\Vyass\AppData\Roaming\Python\Python313\site-packages\passlib\utils\handlers.py", line 2311, in _set_backend
    super(SubclassBackendMixin, cls)._set_backend(name, dryrun)
    ~~~~~~~~~~~~~~~~~~~~~~~~~~~~~~~~~~~~~~~~~~~~~^^^^^^^^^^^^^^
  File "C:\Users\Vyass\AppData\Roaming\Python\Python313\site-packages\passlib\utils\handlers.py", line 2224, in _set_backend
    ok = loader(**kwds)
  File "C:\Users\Vyass\AppData\Roaming\Python\Python313\site-packages\passlib\handlers\bcrypt.py", line 626, in _load_backend_mixin
    return mixin_cls._finalize_backend_mixin(name, dryrun)
           ~~~~~~~~~~~~~~~~~~~~~~~~~~~~~~~~~^^^^^^^^^^^^^^
  File "C:\Users\Vyass\AppData\Roaming\Python\Python313\site-packages\passlib\handlers\bcrypt.py", line 421, in _finalize_backend_mixin
    if detect_wrap_bug(IDENT_2A):
       ~~~~~~~~~~~~~~~^^^^^^^^^^
  File "C:\Users\Vyass\AppData\Roaming\Python\Python313\site-packages\passlib\handlers\bcrypt.py", line 380, in detect_wrap_bug
    if verify(secret, bug_hash):
       ~~~~~~^^^^^^^^^^^^^^^^^^
  File "C:\Users\Vyass\AppData\Roaming\Python\Python313\site-packages\passlib\utils\handlers.py", line 792, in verify
    return consteq(self._calc_checksum(secret), chk)
                   ~~~~~~~~~~~~~~~~~~~^^^^^^^^
  File "C:\Users\Vyass\AppData\Roaming\Python\Python313\site-packages\passlib\handlers\bcrypt.py", line 655, in _calc_checksum
    hash = _bcrypt.hashpw(secret, config)
ValueError: password cannot be longer than 72 bytes, truncate manually if necessary (e.g. my_password[:72])
2026-01-30 20:24:38,151 - app.main - INFO - Shutting down PhishGuard AI...
2026-01-30 20:24:41,547 - app.services.gmail_service - INFO - Gmail OAuth credentials loaded successfully
2026-01-30 20:24:41,573 - app.main - INFO - Starting PhishGuard AI...
2026-01-30 20:24:41,581 - app.main - INFO - Database initialized
2026-01-30 20:24:44,911 - app.services.gmail_service - INFO - Gmail OAuth credentials loaded successfully
2026-01-30 20:24:44,928 - app.main - INFO - Starting PhishGuard AI...
2026-01-30 20:24:44,933 - app.main - INFO - Database initialized
2026-01-30 20:27:37,471 - app.services.gmail_service - INFO - Gmail OAuth credentials loaded successfully
2026-01-30 20:27:37,488 - app.main - INFO - Starting PhishGuard AI...
2026-01-30 20:27:37,493 - app.main - INFO - Database initialized
2026-01-30 20:28:45,921 - passlib.handlers.bcrypt - WARNING - (trapped) error reading bcrypt version
Traceback (most recent call last):
  File "C:\Users\Vyass\AppData\Roaming\Python\Python313\site-packages\passlib\handlers\bcrypt.py", line 620, in _load_backend_mixin
    version = _bcrypt.__about__.__version__
              ^^^^^^^^^^^^^^^^^
AttributeError: module 'bcrypt' has no attribute '__about__'
2026-01-30 20:28:45,928 - app.routes.auth - ERROR - Registration failed: password cannot be longer than 72 bytes, truncate manually if necessary (e.g. my_password[:72])
Traceback (most recent call last):
  File "C:\Users\Vyass\OneDrive\Desktop\PFE\backend\app\routes\auth.py", line 53, in register
    user = await auth_service.create_user(
           ^^^^^^^^^^^^^^^^^^^^^^^^^^^^^^^
    ...<5 lines>...
    )
    ^
  File "C:\Users\Vyass\OneDrive\Desktop\PFE\backend\app\services\auth_service.py", line 89, in create_user
    hashed_password = AuthService.get_password_hash(password)
  File "C:\Users\Vyass\OneDrive\Desktop\PFE\backend\app\services\auth_service.py", line 49, in get_password_hash
    return pwd_context.hash(password)
           ~~~~~~~~~~~~~~~~^^^^^^^^^^
  File "C:\Users\Vyass\AppData\Roaming\Python\Python313\site-packages\passlib\context.py", line 2258, in hash
    return record.hash(secret, **kwds)
           ~~~~~~~~~~~^^^^^^^^^^^^^^^^
  File "C:\Users\Vyass\AppData\Roaming\Python\Python313\site-packages\passlib\utils\handlers.py", line 779, in hash
    self.checksum = self._calc_checksum(secret)
                    ~~~~~~~~~~~~~~~~~~~^^^^^^^^
  File "C:\Users\Vyass\AppData\Roaming\Python\Python313\site-packages\passlib\handlers\bcrypt.py", line 591, in _calc_checksum
    self._stub_requires_backend()
    ~~~~~~~~~~~~~~~~~~~~~~~~~~~^^
  File "C:\Users\Vyass\AppData\Roaming\Python\Python313\site-packages\passlib\utils\handlers.py", line 2254, in _stub_requires_backend
    cls.set_backend()
    ~~~~~~~~~~~~~~~^^
  File "C:\Users\Vyass\AppData\Roaming\Python\Python313\site-packages\passlib\utils\handlers.py", line 2156, in set_backend
    return owner.set_backend(name, dryrun=dryrun)
           ~~~~~~~~~~~~~~~~~^^^^^^^^^^^^^^^^^^^^^
  File "C:\Users\Vyass\AppData\Roaming\Python\Python313\site-packages\passlib\utils\handlers.py", line 2163, in set_backend
    return cls.set_backend(name, dryrun=dryrun)
           ~~~~~~~~~~~~~~~^^^^^^^^^^^^^^^^^^^^^
  File "C:\Users\Vyass\AppData\Roaming\Python\Python313\site-packages\passlib\utils\handlers.py", line 2188, in set_backend
    cls._set_backend(name, dryrun)
    ~~~~~~~~~~~~~~~~^^^^^^^^^^^^^^
  File "C:\Users\Vyass\AppData\Roaming\Python\Python313\site-packages\passlib\utils\handlers.py", line 2311, in _set_backend
    super(SubclassBackendMixin, cls)._set_backend(name, dryrun)
    ~~~~~~~~~~~~~~~~~~~~~~~~~~~~~~~~~~~~~~~~~~~~~^^^^^^^^^^^^^^
  File "C:\Users\Vyass\AppData\Roaming\Python\Python313\site-packages\passlib\utils\handlers.py", line 2224, in _set_backend
    ok = loader(**kwds)
  File "C:\Users\Vyass\AppData\Roaming\Python\Python313\site-packages\passlib\handlers\bcrypt.py", line 626, in _load_backend_mixin
    return mixin_cls._finalize_backend_mixin(name, dryrun)
           ~~~~~~~~~~~~~~~~~~~~~~~~~~~~~~~~~^^^^^^^^^^^^^^
  File "C:\Users\Vyass\AppData\Roaming\Python\Python313\site-packages\passlib\handlers\bcrypt.py", line 421, in _finalize_backend_mixin
    if detect_wrap_bug(IDENT_2A):
       ~~~~~~~~~~~~~~~^^^^^^^^^^
  File "C:\Users\Vyass\AppData\Roaming\Python\Python313\site-packages\passlib\handlers\bcrypt.py", line 380, in detect_wrap_bug
    if verify(secret, bug_hash):
       ~~~~~~^^^^^^^^^^^^^^^^^^
  File "C:\Users\Vyass\AppData\Roaming\Python\Python313\site-packages\passlib\utils\handlers.py", line 792, in verify
    return consteq(self._calc_checksum(secret), chk)
                   ~~~~~~~~~~~~~~~~~~~^^^^^^^^
  File "C:\Users\Vyass\AppData\Roaming\Python\Python313\site-packages\passlib\handlers\bcrypt.py", line 655, in _calc_checksum
    hash = _bcrypt.hashpw(secret, config)
ValueError: password cannot be longer than 72 bytes, truncate manually if necessary (e.g. my_password[:72])
2026-01-30 20:29:09,006 - passlib.handlers.bcrypt - WARNING - (trapped) error reading bcrypt version
Traceback (most recent call last):
  File "C:\Users\Vyass\AppData\Roaming\Python\Python313\site-packages\passlib\handlers\bcrypt.py", line 620, in _load_backend_mixin
    version = _bcrypt.__about__.__version__
              ^^^^^^^^^^^^^^^^^
AttributeError: module 'bcrypt' has no attribute '__about__'
2026-01-30 20:29:09,013 - app.routes.auth - ERROR - Registration failed: password cannot be longer than 72 bytes, truncate manually if necessary (e.g. my_password[:72])
Traceback (most recent call last):
  File "C:\Users\Vyass\OneDrive\Desktop\PFE\backend\app\routes\auth.py", line 53, in register
    user = await auth_service.create_user(
           ^^^^^^^^^^^^^^^^^^^^^^^^^^^^^^^
    ...<5 lines>...
    )
    ^
  File "C:\Users\Vyass\OneDrive\Desktop\PFE\backend\app\services\auth_service.py", line 89, in create_user
    hashed_password = AuthService.get_password_hash(password)
  File "C:\Users\Vyass\OneDrive\Desktop\PFE\backend\app\services\auth_service.py", line 49, in get_password_hash
    return pwd_context.hash(password)
           ~~~~~~~~~~~~~~~~^^^^^^^^^^
  File "C:\Users\Vyass\AppData\Roaming\Python\Python313\site-packages\passlib\context.py", line 2258, in hash
    return record.hash(secret, **kwds)
           ~~~~~~~~~~~^^^^^^^^^^^^^^^^
  File "C:\Users\Vyass\AppData\Roaming\Python\Python313\site-packages\passlib\utils\handlers.py", line 779, in hash
    self.checksum = self._calc_checksum(secret)
                    ~~~~~~~~~~~~~~~~~~~^^^^^^^^
  File "C:\Users\Vyass\AppData\Roaming\Python\Python313\site-packages\passlib\handlers\bcrypt.py", line 591, in _calc_checksum
    self._stub_requires_backend()
    ~~~~~~~~~~~~~~~~~~~~~~~~~~~^^
  File "C:\Users\Vyass\AppData\Roaming\Python\Python313\site-packages\passlib\utils\handlers.py", line 2254, in _stub_requires_backend
    cls.set_backend()
    ~~~~~~~~~~~~~~~^^
  File "C:\Users\Vyass\AppData\Roaming\Python\Python313\site-packages\passlib\utils\handlers.py", line 2156, in set_backend
    return owner.set_backend(name, dryrun=dryrun)
           ~~~~~~~~~~~~~~~~~^^^^^^^^^^^^^^^^^^^^^
  File "C:\Users\Vyass\AppData\Roaming\Python\Python313\site-packages\passlib\utils\handlers.py", line 2163, in set_backend
    return cls.set_backend(name, dryrun=dryrun)
           ~~~~~~~~~~~~~~~^^^^^^^^^^^^^^^^^^^^^
  File "C:\Users\Vyass\AppData\Roaming\Python\Python313\site-packages\passlib\utils\handlers.py", line 2188, in set_backend
    cls._set_backend(name, dryrun)
    ~~~~~~~~~~~~~~~~^^^^^^^^^^^^^^
  File "C:\Users\Vyass\AppData\Roaming\Python\Python313\site-packages\passlib\utils\handlers.py", line 2311, in _set_backend
    super(SubclassBackendMixin, cls)._set_backend(name, dryrun)
    ~~~~~~~~~~~~~~~~~~~~~~~~~~~~~~~~~~~~~~~~~~~~~^^^^^^^^^^^^^^
  File "C:\Users\Vyass\AppData\Roaming\Python\Python313\site-packages\passlib\utils\handlers.py", line 2224, in _set_backend
    ok = loader(**kwds)
  File "C:\Users\Vyass\AppData\Roaming\Python\Python313\site-packages\passlib\handlers\bcrypt.py", line 626, in _load_backend_mixin
    return mixin_cls._finalize_backend_mixin(name, dryrun)
           ~~~~~~~~~~~~~~~~~~~~~~~~~~~~~~~~~^^^^^^^^^^^^^^
  File "C:\Users\Vyass\AppData\Roaming\Python\Python313\site-packages\passlib\handlers\bcrypt.py", line 421, in _finalize_backend_mixin
    if detect_wrap_bug(IDENT_2A):
       ~~~~~~~~~~~~~~~^^^^^^^^^^
  File "C:\Users\Vyass\AppData\Roaming\Python\Python313\site-packages\passlib\handlers\bcrypt.py", line 380, in detect_wrap_bug
    if verify(secret, bug_hash):
       ~~~~~~^^^^^^^^^^^^^^^^^^
  File "C:\Users\Vyass\AppData\Roaming\Python\Python313\site-packages\passlib\utils\handlers.py", line 792, in verify
    return consteq(self._calc_checksum(secret), chk)
                   ~~~~~~~~~~~~~~~~~~~^^^^^^^^
  File "C:\Users\Vyass\AppData\Roaming\Python\Python313\site-packages\passlib\handlers\bcrypt.py", line 655, in _calc_checksum
    hash = _bcrypt.hashpw(secret, config)
ValueError: password cannot be longer than 72 bytes, truncate manually if necessary (e.g. my_password[:72])
2026-01-30 20:32:21,615 - app.main - INFO - Shutting down PhishGuard AI...
2026-01-30 20:32:24,806 - app.services.gmail_service - INFO - Gmail OAuth credentials loaded successfully
2026-01-30 20:32:24,822 - app.main - INFO - Starting PhishGuard AI...
2026-01-30 20:32:24,827 - app.main - INFO - Database initialized
2026-01-30 20:32:34,687 - app.main - INFO - Shutting down PhishGuard AI...
2026-01-30 20:32:37,906 - app.services.gmail_service - INFO - Gmail OAuth credentials loaded successfully
2026-01-30 20:32:37,923 - app.main - INFO - Starting PhishGuard AI...
2026-01-30 20:32:37,928 - app.main - INFO - Database initialized
2026-01-30 20:34:23,649 - app.routes.auth - INFO - New user registered: yasine viejo
2026-01-30 20:34:58,115 - app.services.gmail_service - INFO - Generated Gmail authorization URL
2026-01-30 20:35:10,264 - app.services.gmail_service - INFO - Successfully exchanged code for token
2026-01-30 20:36:01,113 - app.services.gmail_service - INFO - Successfully exchanged code for token
2026-01-30 20:36:30,390 - app.services.gmail_service - INFO - Generated Gmail authorization URL
2026-01-30 20:36:38,681 - app.services.gmail_service - INFO - Successfully exchanged code for token
2026-01-30 20:39:40,520 - app.routes.analysis - ERROR - Failed to get history: (sqlite3.OperationalError) no such column: analysis_history.user_id
[SQL: SELECT analysis_history.id, analysis_history.user_id, analysis_history.analysis_type, analysis_history.content_preview, analysis_history.threat_level, analysis_history.confidence, analysis_history.features, analysis_history.recommendations, analysis_history.created_at 
FROM analysis_history 
WHERE analysis_history.user_id = ? ORDER BY analysis_history.created_at DESC
 LIMIT ? OFFSET ?]
[parameters: (1, 10, 0)]
(Background on this error at: https://sqlalche.me/e/20/e3q8)
Traceback (most recent call last):
  File "C:\Users\Vyass\AppData\Roaming\Python\Python313\site-packages\sqlalchemy\engine\base.py", line 1967, in _exec_single_context
    self.dialect.do_execute(
    ~~~~~~~~~~~~~~~~~~~~~~~^
        cursor, str_statement, effective_parameters, context
        ^^^^^^^^^^^^^^^^^^^^^^^^^^^^^^^^^^^^^^^^^^^^^^^^^^^^
    )
    ^
  File "C:\Users\Vyass\AppData\Roaming\Python\Python313\site-packages\sqlalchemy\engine\default.py", line 941, in do_execute
    cursor.execute(statement, parameters)
    ~~~~~~~~~~~~~~^^^^^^^^^^^^^^^^^^^^^^^
  File "C:\Users\Vyass\AppData\Roaming\Python\Python313\site-packages\sqlalchemy\dialects\sqlite\aiosqlite.py", line 147, in execute
    self._adapt_connection._handle_exception(error)
    ~~~~~~~~~~~~~~~~~~~~~~~~~~~~~~~~~~~~~~~~^^^^^^^
  File "C:\Users\Vyass\AppData\Roaming\Python\Python313\site-packages\sqlalchemy\dialects\sqlite\aiosqlite.py", line 298, in _handle_exception
    raise error
  File "C:\Users\Vyass\AppData\Roaming\Python\Python313\site-packages\sqlalchemy\dialects\sqlite\aiosqlite.py", line 129, in execute
    self.await_(_cursor.execute(operation, parameters))
    ~~~~~~~~~~~^^^^^^^^^^^^^^^^^^^^^^^^^^^^^^^^^^^^^^^^
  File "C:\Users\Vyass\AppData\Roaming\Python\Python313\site-packages\sqlalchemy\util\_concurrency_py3k.py", line 132, in await_only
    return current.parent.switch(awaitable)  # type: ignore[no-any-return,attr-defined] # noqa: E501
           ~~~~~~~~~~~~~~~~~~~~~^^^^^^^^^^^
  File "C:\Users\Vyass\AppData\Roaming\Python\Python313\site-packages\sqlalchemy\util\_concurrency_py3k.py", line 196, in greenlet_spawn
    value = await result
            ^^^^^^^^^^^^
  File "C:\Users\Vyass\AppData\Roaming\Python\Python313\site-packages\aiosqlite\cursor.py", line 48, in execute
    await self._execute(self._cursor.execute, sql, parameters)
  File "C:\Users\Vyass\AppData\Roaming\Python\Python313\site-packages\aiosqlite\cursor.py", line 40, in _execute
    return await self._conn._execute(fn, *args, **kwargs)
           ^^^^^^^^^^^^^^^^^^^^^^^^^^^^^^^^^^^^^^^^^^^^^^
  File "C:\Users\Vyass\AppData\Roaming\Python\Python313\site-packages\aiosqlite\core.py", line 132, in _execute
    return await future
           ^^^^^^^^^^^^
  File "C:\Users\Vyass\AppData\Roaming\Python\Python313\site-packages\aiosqlite\core.py", line 115, in run
    result = function()
sqlite3.OperationalError: no such column: analysis_history.user_id

The above exception was the direct cause of the following exception:

Traceback (most recent call last):
  File "C:\Users\Vyass\OneDrive\Desktop\PFE\backend\app\routes\analysis.py", line 216, in get_history
    history = await stats_service.get_recent_analyses(
              ^^^^^^^^^^^^^^^^^^^^^^^^^^^^^^^^^^^^^^^^
    ...<7 lines>...
    )
    ^
  File "C:\Users\Vyass\OneDrive\Desktop\PFE\backend\app\services\stats_service.py", line 128, in get_recent_analyses
    result = await db.execute(query)
             ^^^^^^^^^^^^^^^^^^^^^^^
  File "C:\Users\Vyass\AppData\Roaming\Python\Python313\site-packages\sqlalchemy\ext\asyncio\session.py", line 461, in execute
    result = await greenlet_spawn(
             ^^^^^^^^^^^^^^^^^^^^^
    ...<6 lines>...
    )
    ^
  File "C:\Users\Vyass\AppData\Roaming\Python\Python313\site-packages\sqlalchemy\util\_concurrency_py3k.py", line 201, in greenlet_spawn
    result = context.throw(*sys.exc_info())
  File "C:\Users\Vyass\AppData\Roaming\Python\Python313\site-packages\sqlalchemy\orm\session.py", line 2362, in execute
    return self._execute_internal(
           ~~~~~~~~~~~~~~~~~~~~~~^
        statement,
        ^^^^^^^^^^
    ...<4 lines>...
        _add_event=_add_event,
        ^^^^^^^^^^^^^^^^^^^^^^
    )
    ^
  File "C:\Users\Vyass\AppData\Roaming\Python\Python313\site-packages\sqlalchemy\orm\session.py", line 2247, in _execute_internal
    result: Result[Any] = compile_state_cls.orm_execute_statement(
                          ~~~~~~~~~~~~~~~~~~~~~~~~~~~~~~~~~~~~~~~^
        self,
        ^^^^^
    ...<4 lines>...
        conn,
        ^^^^^
    )
    ^
  File "C:\Users\Vyass\AppData\Roaming\Python\Python313\site-packages\sqlalchemy\orm\context.py", line 305, in orm_execute_statement
    result = conn.execute(
        statement, params or {}, execution_options=execution_options
    )
  File "C:\Users\Vyass\AppData\Roaming\Python\Python313\site-packages\sqlalchemy\engine\base.py", line 1418, in execute
    return meth(
        self,
        distilled_parameters,
        execution_options or NO_OPTIONS,
    )
  File "C:\Users\Vyass\AppData\Roaming\Python\Python313\site-packages\sqlalchemy\sql\elements.py", line 515, in _execute_on_connection
    return connection._execute_clauseelement(
           ~~~~~~~~~~~~~~~~~~~~~~~~~~~~~~~~~^
        self, distilled_params, execution_options
        ^^^^^^^^^^^^^^^^^^^^^^^^^^^^^^^^^^^^^^^^^
    )
    ^
  File "C:\Users\Vyass\AppData\Roaming\Python\Python313\site-packages\sqlalchemy\engine\base.py", line 1640, in _execute_clauseelement
    ret = self._execute_context(
        dialect,
    ...<8 lines>...
        cache_hit=cache_hit,
    )
  File "C:\Users\Vyass\AppData\Roaming\Python\Python313\site-packages\sqlalchemy\engine\base.py", line 1846, in _execute_context
    return self._exec_single_context(
           ~~~~~~~~~~~~~~~~~~~~~~~~~^
        dialect, context, statement, parameters
        ^^^^^^^^^^^^^^^^^^^^^^^^^^^^^^^^^^^^^^^
    )
    ^
  File "C:\Users\Vyass\AppData\Roaming\Python\Python313\site-packages\sqlalchemy\engine\base.py", line 1986, in _exec_single_context
    self._handle_dbapi_exception(
    ~~~~~~~~~~~~~~~~~~~~~~~~~~~~^
        e, str_statement, effective_parameters, cursor, context
        ^^^^^^^^^^^^^^^^^^^^^^^^^^^^^^^^^^^^^^^^^^^^^^^^^^^^^^^
    )
    ^
  File "C:\Users\Vyass\AppData\Roaming\Python\Python313\site-packages\sqlalchemy\engine\base.py", line 2355, in _handle_dbapi_exception
    raise sqlalchemy_exception.with_traceback(exc_info[2]) from e
  File "C:\Users\Vyass\AppData\Roaming\Python\Python313\site-packages\sqlalchemy\engine\base.py", line 1967, in _exec_single_context
    self.dialect.do_execute(
    ~~~~~~~~~~~~~~~~~~~~~~~^
        cursor, str_statement, effective_parameters, context
        ^^^^^^^^^^^^^^^^^^^^^^^^^^^^^^^^^^^^^^^^^^^^^^^^^^^^
    )
    ^
  File "C:\Users\Vyass\AppData\Roaming\Python\Python313\site-packages\sqlalchemy\engine\default.py", line 941, in do_execute
    cursor.execute(statement, parameters)
    ~~~~~~~~~~~~~~^^^^^^^^^^^^^^^^^^^^^^^
  File "C:\Users\Vyass\AppData\Roaming\Python\Python313\site-packages\sqlalchemy\dialects\sqlite\aiosqlite.py", line 147, in execute
    self._adapt_connection._handle_exception(error)
    ~~~~~~~~~~~~~~~~~~~~~~~~~~~~~~~~~~~~~~~~^^^^^^^
  File "C:\Users\Vyass\AppData\Roaming\Python\Python313\site-packages\sqlalchemy\dialects\sqlite\aiosqlite.py", line 298, in _handle_exception
    raise error
  File "C:\Users\Vyass\AppData\Roaming\Python\Python313\site-packages\sqlalchemy\dialects\sqlite\aiosqlite.py", line 129, in execute
    self.await_(_cursor.execute(operation, parameters))
    ~~~~~~~~~~~^^^^^^^^^^^^^^^^^^^^^^^^^^^^^^^^^^^^^^^^
  File "C:\Users\Vyass\AppData\Roaming\Python\Python313\site-packages\sqlalchemy\util\_concurrency_py3k.py", line 132, in await_only
    return current.parent.switch(awaitable)  # type: ignore[no-any-return,attr-defined] # noqa: E501
           ~~~~~~~~~~~~~~~~~~~~~^^^^^^^^^^^
  File "C:\Users\Vyass\AppData\Roaming\Python\Python313\site-packages\sqlalchemy\util\_concurrency_py3k.py", line 196, in greenlet_spawn
    value = await result
            ^^^^^^^^^^^^
  File "C:\Users\Vyass\AppData\Roaming\Python\Python313\site-packages\aiosqlite\cursor.py", line 48, in execute
    await self._execute(self._cursor.execute, sql, parameters)
  File "C:\Users\Vyass\AppData\Roaming\Python\Python313\site-packages\aiosqlite\cursor.py", line 40, in _execute
    return await self._conn._execute(fn, *args, **kwargs)
           ^^^^^^^^^^^^^^^^^^^^^^^^^^^^^^^^^^^^^^^^^^^^^^
  File "C:\Users\Vyass\AppData\Roaming\Python\Python313\site-packages\aiosqlite\core.py", line 132, in _execute
    return await future
           ^^^^^^^^^^^^
  File "C:\Users\Vyass\AppData\Roaming\Python\Python313\site-packages\aiosqlite\core.py", line 115, in run
    result = function()
sqlalchemy.exc.OperationalError: (sqlite3.OperationalError) no such column: analysis_history.user_id
[SQL: SELECT analysis_history.id, analysis_history.user_id, analysis_history.analysis_type, analysis_history.content_preview, analysis_history.threat_level, analysis_history.confidence, analysis_history.features, analysis_history.recommendations, analysis_history.created_at 
FROM analysis_history 
WHERE analysis_history.user_id = ? ORDER BY analysis_history.created_at DESC
 LIMIT ? OFFSET ?]
[parameters: (1, 10, 0)]
(Background on this error at: https://sqlalche.me/e/20/e3q8)
2026-01-30 20:40:11,512 - app.routes.analysis - ERROR - Failed to get history: (sqlite3.OperationalError) no such column: analysis_history.user_id
[SQL: SELECT analysis_history.id, analysis_history.user_id, analysis_history.analysis_type, analysis_history.content_preview, analysis_history.threat_level, analysis_history.confidence, analysis_history.features, analysis_history.recommendations, analysis_history.created_at 
FROM analysis_history 
WHERE analysis_history.user_id = ? ORDER BY analysis_history.created_at DESC
 LIMIT ? OFFSET ?]
[parameters: (1, 10, 0)]
(Background on this error at: https://sqlalche.me/e/20/e3q8)
Traceback (most recent call last):
  File "C:\Users\Vyass\AppData\Roaming\Python\Python313\site-packages\sqlalchemy\engine\base.py", line 1967, in _exec_single_context
    self.dialect.do_execute(
    ~~~~~~~~~~~~~~~~~~~~~~~^
        cursor, str_statement, effective_parameters, context
        ^^^^^^^^^^^^^^^^^^^^^^^^^^^^^^^^^^^^^^^^^^^^^^^^^^^^
    )
    ^
  File "C:\Users\Vyass\AppData\Roaming\Python\Python313\site-packages\sqlalchemy\engine\default.py", line 941, in do_execute
    cursor.execute(statement, parameters)
    ~~~~~~~~~~~~~~^^^^^^^^^^^^^^^^^^^^^^^
  File "C:\Users\Vyass\AppData\Roaming\Python\Python313\site-packages\sqlalchemy\dialects\sqlite\aiosqlite.py", line 147, in execute
    self._adapt_connection._handle_exception(error)
    ~~~~~~~~~~~~~~~~~~~~~~~~~~~~~~~~~~~~~~~~^^^^^^^
  File "C:\Users\Vyass\AppData\Roaming\Python\Python313\site-packages\sqlalchemy\dialects\sqlite\aiosqlite.py", line 298, in _handle_exception
    raise error
  File "C:\Users\Vyass\AppData\Roaming\Python\Python313\site-packages\sqlalchemy\dialects\sqlite\aiosqlite.py", line 129, in execute
    self.await_(_cursor.execute(operation, parameters))
    ~~~~~~~~~~~^^^^^^^^^^^^^^^^^^^^^^^^^^^^^^^^^^^^^^^^
  File "C:\Users\Vyass\AppData\Roaming\Python\Python313\site-packages\sqlalchemy\util\_concurrency_py3k.py", line 132, in await_only
    return current.parent.switch(awaitable)  # type: ignore[no-any-return,attr-defined] # noqa: E501
           ~~~~~~~~~~~~~~~~~~~~~^^^^^^^^^^^
  File "C:\Users\Vyass\AppData\Roaming\Python\Python313\site-packages\sqlalchemy\util\_concurrency_py3k.py", line 196, in greenlet_spawn
    value = await result
            ^^^^^^^^^^^^
  File "C:\Users\Vyass\AppData\Roaming\Python\Python313\site-packages\aiosqlite\cursor.py", line 48, in execute
    await self._execute(self._cursor.execute, sql, parameters)
  File "C:\Users\Vyass\AppData\Roaming\Python\Python313\site-packages\aiosqlite\cursor.py", line 40, in _execute
    return await self._conn._execute(fn, *args, **kwargs)
           ^^^^^^^^^^^^^^^^^^^^^^^^^^^^^^^^^^^^^^^^^^^^^^
  File "C:\Users\Vyass\AppData\Roaming\Python\Python313\site-packages\aiosqlite\core.py", line 132, in _execute
    return await future
           ^^^^^^^^^^^^
  File "C:\Users\Vyass\AppData\Roaming\Python\Python313\site-packages\aiosqlite\core.py", line 115, in run
    result = function()
sqlite3.OperationalError: no such column: analysis_history.user_id

The above exception was the direct cause of the following exception:

Traceback (most recent call last):
  File "C:\Users\Vyass\OneDrive\Desktop\PFE\backend\app\routes\analysis.py", line 216, in get_history
    history = await stats_service.get_recent_analyses(
              ^^^^^^^^^^^^^^^^^^^^^^^^^^^^^^^^^^^^^^^^
    ...<7 lines>...
    )
    ^
  File "C:\Users\Vyass\OneDrive\Desktop\PFE\backend\app\services\stats_service.py", line 128, in get_recent_analyses
    result = await db.execute(query)
             ^^^^^^^^^^^^^^^^^^^^^^^
  File "C:\Users\Vyass\AppData\Roaming\Python\Python313\site-packages\sqlalchemy\ext\asyncio\session.py", line 461, in execute
    result = await greenlet_spawn(
             ^^^^^^^^^^^^^^^^^^^^^
    ...<6 lines>...
    )
    ^
  File "C:\Users\Vyass\AppData\Roaming\Python\Python313\site-packages\sqlalchemy\util\_concurrency_py3k.py", line 201, in greenlet_spawn
    result = context.throw(*sys.exc_info())
  File "C:\Users\Vyass\AppData\Roaming\Python\Python313\site-packages\sqlalchemy\orm\session.py", line 2362, in execute
    return self._execute_internal(
           ~~~~~~~~~~~~~~~~~~~~~~^
        statement,
        ^^^^^^^^^^
    ...<4 lines>...
        _add_event=_add_event,
        ^^^^^^^^^^^^^^^^^^^^^^
    )
    ^
  File "C:\Users\Vyass\AppData\Roaming\Python\Python313\site-packages\sqlalchemy\orm\session.py", line 2247, in _execute_internal
    result: Result[Any] = compile_state_cls.orm_execute_statement(
                          ~~~~~~~~~~~~~~~~~~~~~~~~~~~~~~~~~~~~~~~^
        self,
        ^^^^^
    ...<4 lines>...
        conn,
        ^^^^^
    )
    ^
  File "C:\Users\Vyass\AppData\Roaming\Python\Python313\site-packages\sqlalchemy\orm\context.py", line 305, in orm_execute_statement
    result = conn.execute(
        statement, params or {}, execution_options=execution_options
    )
  File "C:\Users\Vyass\AppData\Roaming\Python\Python313\site-packages\sqlalchemy\engine\base.py", line 1418, in execute
    return meth(
        self,
        distilled_parameters,
        execution_options or NO_OPTIONS,
    )
  File "C:\Users\Vyass\AppData\Roaming\Python\Python313\site-packages\sqlalchemy\sql\elements.py", line 515, in _execute_on_connection
    return connection._execute_clauseelement(
           ~~~~~~~~~~~~~~~~~~~~~~~~~~~~~~~~~^
        self, distilled_params, execution_options
        ^^^^^^^^^^^^^^^^^^^^^^^^^^^^^^^^^^^^^^^^^
    )
    ^
  File "C:\Users\Vyass\AppData\Roaming\Python\Python313\site-packages\sqlalchemy\engine\base.py", line 1640, in _execute_clauseelement
    ret = self._execute_context(
        dialect,
    ...<8 lines>...
        cache_hit=cache_hit,
    )
  File "C:\Users\Vyass\AppData\Roaming\Python\Python313\site-packages\sqlalchemy\engine\base.py", line 1846, in _execute_context
    return self._exec_single_context(
           ~~~~~~~~~~~~~~~~~~~~~~~~~^
        dialect, context, statement, parameters
        ^^^^^^^^^^^^^^^^^^^^^^^^^^^^^^^^^^^^^^^
    )
    ^
  File "C:\Users\Vyass\AppData\Roaming\Python\Python313\site-packages\sqlalchemy\engine\base.py", line 1986, in _exec_single_context
    self._handle_dbapi_exception(
    ~~~~~~~~~~~~~~~~~~~~~~~~~~~~^
        e, str_statement, effective_parameters, cursor, context
        ^^^^^^^^^^^^^^^^^^^^^^^^^^^^^^^^^^^^^^^^^^^^^^^^^^^^^^^
    )
    ^
  File "C:\Users\Vyass\AppData\Roaming\Python\Python313\site-packages\sqlalchemy\engine\base.py", line 2355, in _handle_dbapi_exception
    raise sqlalchemy_exception.with_traceback(exc_info[2]) from e
  File "C:\Users\Vyass\AppData\Roaming\Python\Python313\site-packages\sqlalchemy\engine\base.py", line 1967, in _exec_single_context
    self.dialect.do_execute(
    ~~~~~~~~~~~~~~~~~~~~~~~^
        cursor, str_statement, effective_parameters, context
        ^^^^^^^^^^^^^^^^^^^^^^^^^^^^^^^^^^^^^^^^^^^^^^^^^^^^
    )
    ^
  File "C:\Users\Vyass\AppData\Roaming\Python\Python313\site-packages\sqlalchemy\engine\default.py", line 941, in do_execute
    cursor.execute(statement, parameters)
    ~~~~~~~~~~~~~~^^^^^^^^^^^^^^^^^^^^^^^
  File "C:\Users\Vyass\AppData\Roaming\Python\Python313\site-packages\sqlalchemy\dialects\sqlite\aiosqlite.py", line 147, in execute
    self._adapt_connection._handle_exception(error)
    ~~~~~~~~~~~~~~~~~~~~~~~~~~~~~~~~~~~~~~~~^^^^^^^
  File "C:\Users\Vyass\AppData\Roaming\Python\Python313\site-packages\sqlalchemy\dialects\sqlite\aiosqlite.py", line 298, in _handle_exception
    raise error
  File "C:\Users\Vyass\AppData\Roaming\Python\Python313\site-packages\sqlalchemy\dialects\sqlite\aiosqlite.py", line 129, in execute
    self.await_(_cursor.execute(operation, parameters))
    ~~~~~~~~~~~^^^^^^^^^^^^^^^^^^^^^^^^^^^^^^^^^^^^^^^^
  File "C:\Users\Vyass\AppData\Roaming\Python\Python313\site-packages\sqlalchemy\util\_concurrency_py3k.py", line 132, in await_only
    return current.parent.switch(awaitable)  # type: ignore[no-any-return,attr-defined] # noqa: E501
           ~~~~~~~~~~~~~~~~~~~~~^^^^^^^^^^^
  File "C:\Users\Vyass\AppData\Roaming\Python\Python313\site-packages\sqlalchemy\util\_concurrency_py3k.py", line 196, in greenlet_spawn
    value = await result
            ^^^^^^^^^^^^
  File "C:\Users\Vyass\AppData\Roaming\Python\Python313\site-packages\aiosqlite\cursor.py", line 48, in execute
    await self._execute(self._cursor.execute, sql, parameters)
  File "C:\Users\Vyass\AppData\Roaming\Python\Python313\site-packages\aiosqlite\cursor.py", line 40, in _execute
    return await self._conn._execute(fn, *args, **kwargs)
           ^^^^^^^^^^^^^^^^^^^^^^^^^^^^^^^^^^^^^^^^^^^^^^
  File "C:\Users\Vyass\AppData\Roaming\Python\Python313\site-packages\aiosqlite\core.py", line 132, in _execute
    return await future
           ^^^^^^^^^^^^
  File "C:\Users\Vyass\AppData\Roaming\Python\Python313\site-packages\aiosqlite\core.py", line 115, in run
    result = function()
sqlalchemy.exc.OperationalError: (sqlite3.OperationalError) no such column: analysis_history.user_id
[SQL: SELECT analysis_history.id, analysis_history.user_id, analysis_history.analysis_type, analysis_history.content_preview, analysis_history.threat_level, analysis_history.confidence, analysis_history.features, analysis_history.recommendations, analysis_history.created_at 
FROM analysis_history 
WHERE analysis_history.user_id = ? ORDER BY analysis_history.created_at DESC
 LIMIT ? OFFSET ?]
[parameters: (1, 10, 0)]
(Background on this error at: https://sqlalche.me/e/20/e3q8)
2026-01-30 20:40:41,815 - app.routes.analysis - ERROR - Failed to get history: (sqlite3.OperationalError) no such column: analysis_history.user_id
[SQL: SELECT analysis_history.id, analysis_history.user_id, analysis_history.analysis_type, analysis_history.content_preview, analysis_history.threat_level, analysis_history.confidence, analysis_history.features, analysis_history.recommendations, analysis_history.created_at 
FROM analysis_history 
WHERE analysis_history.user_id = ? ORDER BY analysis_history.created_at DESC
 LIMIT ? OFFSET ?]
[parameters: (1, 10, 0)]
(Background on this error at: https://sqlalche.me/e/20/e3q8)
Traceback (most recent call last):
  File "C:\Users\Vyass\AppData\Roaming\Python\Python313\site-packages\sqlalchemy\engine\base.py", line 1967, in _exec_single_context
    self.dialect.do_execute(
    ~~~~~~~~~~~~~~~~~~~~~~~^
        cursor, str_statement, effective_parameters, context
        ^^^^^^^^^^^^^^^^^^^^^^^^^^^^^^^^^^^^^^^^^^^^^^^^^^^^
    )
    ^
  File "C:\Users\Vyass\AppData\Roaming\Python\Python313\site-packages\sqlalchemy\engine\default.py", line 941, in do_execute
    cursor.execute(statement, parameters)
    ~~~~~~~~~~~~~~^^^^^^^^^^^^^^^^^^^^^^^
  File "C:\Users\Vyass\AppData\Roaming\Python\Python313\site-packages\sqlalchemy\dialects\sqlite\aiosqlite.py", line 147, in execute
    self._adapt_connection._handle_exception(error)
    ~~~~~~~~~~~~~~~~~~~~~~~~~~~~~~~~~~~~~~~~^^^^^^^
  File "C:\Users\Vyass\AppData\Roaming\Python\Python313\site-packages\sqlalchemy\dialects\sqlite\aiosqlite.py", line 298, in _handle_exception
    raise error
  File "C:\Users\Vyass\AppData\Roaming\Python\Python313\site-packages\sqlalchemy\dialects\sqlite\aiosqlite.py", line 129, in execute
    self.await_(_cursor.execute(operation, parameters))
    ~~~~~~~~~~~^^^^^^^^^^^^^^^^^^^^^^^^^^^^^^^^^^^^^^^^
  File "C:\Users\Vyass\AppData\Roaming\Python\Python313\site-packages\sqlalchemy\util\_concurrency_py3k.py", line 132, in await_only
    return current.parent.switch(awaitable)  # type: ignore[no-any-return,attr-defined] # noqa: E501
           ~~~~~~~~~~~~~~~~~~~~~^^^^^^^^^^^
  File "C:\Users\Vyass\AppData\Roaming\Python\Python313\site-packages\sqlalchemy\util\_concurrency_py3k.py", line 196, in greenlet_spawn
    value = await result
            ^^^^^^^^^^^^
  File "C:\Users\Vyass\AppData\Roaming\Python\Python313\site-packages\aiosqlite\cursor.py", line 48, in execute
    await self._execute(self._cursor.execute, sql, parameters)
  File "C:\Users\Vyass\AppData\Roaming\Python\Python313\site-packages\aiosqlite\cursor.py", line 40, in _execute
    return await self._conn._execute(fn, *args, **kwargs)
           ^^^^^^^^^^^^^^^^^^^^^^^^^^^^^^^^^^^^^^^^^^^^^^
  File "C:\Users\Vyass\AppData\Roaming\Python\Python313\site-packages\aiosqlite\core.py", line 132, in _execute
    return await future
           ^^^^^^^^^^^^
  File "C:\Users\Vyass\AppData\Roaming\Python\Python313\site-packages\aiosqlite\core.py", line 115, in run
    result = function()
sqlite3.OperationalError: no such column: analysis_history.user_id

The above exception was the direct cause of the following exception:

Traceback (most recent call last):
  File "C:\Users\Vyass\OneDrive\Desktop\PFE\backend\app\routes\analysis.py", line 216, in get_history
    history = await stats_service.get_recent_analyses(
              ^^^^^^^^^^^^^^^^^^^^^^^^^^^^^^^^^^^^^^^^
    ...<7 lines>...
    )
    ^
  File "C:\Users\Vyass\OneDrive\Desktop\PFE\backend\app\services\stats_service.py", line 128, in get_recent_analyses
    result = await db.execute(query)
             ^^^^^^^^^^^^^^^^^^^^^^^
  File "C:\Users\Vyass\AppData\Roaming\Python\Python313\site-packages\sqlalchemy\ext\asyncio\session.py", line 461, in execute
    result = await greenlet_spawn(
             ^^^^^^^^^^^^^^^^^^^^^
    ...<6 lines>...
    )
    ^
  File "C:\Users\Vyass\AppData\Roaming\Python\Python313\site-packages\sqlalchemy\util\_concurrency_py3k.py", line 201, in greenlet_spawn
    result = context.throw(*sys.exc_info())
  File "C:\Users\Vyass\AppData\Roaming\Python\Python313\site-packages\sqlalchemy\orm\session.py", line 2362, in execute
    return self._execute_internal(
           ~~~~~~~~~~~~~~~~~~~~~~^
        statement,
        ^^^^^^^^^^
    ...<4 lines>...
        _add_event=_add_event,
        ^^^^^^^^^^^^^^^^^^^^^^
    )
    ^
  File "C:\Users\Vyass\AppData\Roaming\Python\Python313\site-packages\sqlalchemy\orm\session.py", line 2247, in _execute_internal
    result: Result[Any] = compile_state_cls.orm_execute_statement(
                          ~~~~~~~~~~~~~~~~~~~~~~~~~~~~~~~~~~~~~~~^
        self,
        ^^^^^
    ...<4 lines>...
        conn,
        ^^^^^
    )
    ^
  File "C:\Users\Vyass\AppData\Roaming\Python\Python313\site-packages\sqlalchemy\orm\context.py", line 305, in orm_execute_statement
    result = conn.execute(
        statement, params or {}, execution_options=execution_options
    )
  File "C:\Users\Vyass\AppData\Roaming\Python\Python313\site-packages\sqlalchemy\engine\base.py", line 1418, in execute
    return meth(
        self,
        distilled_parameters,
        execution_options or NO_OPTIONS,
    )
  File "C:\Users\Vyass\AppData\Roaming\Python\Python313\site-packages\sqlalchemy\sql\elements.py", line 515, in _execute_on_connection
    return connection._execute_clauseelement(
           ~~~~~~~~~~~~~~~~~~~~~~~~~~~~~~~~~^
        self, distilled_params, execution_options
        ^^^^^^^^^^^^^^^^^^^^^^^^^^^^^^^^^^^^^^^^^
    )
    ^
  File "C:\Users\Vyass\AppData\Roaming\Python\Python313\site-packages\sqlalchemy\engine\base.py", line 1640, in _execute_clauseelement
    ret = self._execute_context(
        dialect,
    ...<8 lines>...
        cache_hit=cache_hit,
    )
  File "C:\Users\Vyass\AppData\Roaming\Python\Python313\site-packages\sqlalchemy\engine\base.py", line 1846, in _execute_context
    return self._exec_single_context(
           ~~~~~~~~~~~~~~~~~~~~~~~~~^
        dialect, context, statement, parameters
        ^^^^^^^^^^^^^^^^^^^^^^^^^^^^^^^^^^^^^^^
    )
    ^
  File "C:\Users\Vyass\AppData\Roaming\Python\Python313\site-packages\sqlalchemy\engine\base.py", line 1986, in _exec_single_context
    self._handle_dbapi_exception(
    ~~~~~~~~~~~~~~~~~~~~~~~~~~~~^
        e, str_statement, effective_parameters, cursor, context
        ^^^^^^^^^^^^^^^^^^^^^^^^^^^^^^^^^^^^^^^^^^^^^^^^^^^^^^^
    )
    ^
  File "C:\Users\Vyass\AppData\Roaming\Python\Python313\site-packages\sqlalchemy\engine\base.py", line 2355, in _handle_dbapi_exception
    raise sqlalchemy_exception.with_traceback(exc_info[2]) from e
  File "C:\Users\Vyass\AppData\Roaming\Python\Python313\site-packages\sqlalchemy\engine\base.py", line 1967, in _exec_single_context
    self.dialect.do_execute(
    ~~~~~~~~~~~~~~~~~~~~~~~^
        cursor, str_statement, effective_parameters, context
        ^^^^^^^^^^^^^^^^^^^^^^^^^^^^^^^^^^^^^^^^^^^^^^^^^^^^
    )
    ^
  File "C:\Users\Vyass\AppData\Roaming\Python\Python313\site-packages\sqlalchemy\engine\default.py", line 941, in do_execute
    cursor.execute(statement, parameters)
    ~~~~~~~~~~~~~~^^^^^^^^^^^^^^^^^^^^^^^
  File "C:\Users\Vyass\AppData\Roaming\Python\Python313\site-packages\sqlalchemy\dialects\sqlite\aiosqlite.py", line 147, in execute
    self._adapt_connection._handle_exception(error)
    ~~~~~~~~~~~~~~~~~~~~~~~~~~~~~~~~~~~~~~~~^^^^^^^
  File "C:\Users\Vyass\AppData\Roaming\Python\Python313\site-packages\sqlalchemy\dialects\sqlite\aiosqlite.py", line 298, in _handle_exception
    raise error
  File "C:\Users\Vyass\AppData\Roaming\Python\Python313\site-packages\sqlalchemy\dialects\sqlite\aiosqlite.py", line 129, in execute
    self.await_(_cursor.execute(operation, parameters))
    ~~~~~~~~~~~^^^^^^^^^^^^^^^^^^^^^^^^^^^^^^^^^^^^^^^^
  File "C:\Users\Vyass\AppData\Roaming\Python\Python313\site-packages\sqlalchemy\util\_concurrency_py3k.py", line 132, in await_only
    return current.parent.switch(awaitable)  # type: ignore[no-any-return,attr-defined] # noqa: E501
           ~~~~~~~~~~~~~~~~~~~~~^^^^^^^^^^^
  File "C:\Users\Vyass\AppData\Roaming\Python\Python313\site-packages\sqlalchemy\util\_concurrency_py3k.py", line 196, in greenlet_spawn
    value = await result
            ^^^^^^^^^^^^
  File "C:\Users\Vyass\AppData\Roaming\Python\Python313\site-packages\aiosqlite\cursor.py", line 48, in execute
    await self._execute(self._cursor.execute, sql, parameters)
  File "C:\Users\Vyass\AppData\Roaming\Python\Python313\site-packages\aiosqlite\cursor.py", line 40, in _execute
    return await self._conn._execute(fn, *args, **kwargs)
           ^^^^^^^^^^^^^^^^^^^^^^^^^^^^^^^^^^^^^^^^^^^^^^
  File "C:\Users\Vyass\AppData\Roaming\Python\Python313\site-packages\aiosqlite\core.py", line 132, in _execute
    return await future
           ^^^^^^^^^^^^
  File "C:\Users\Vyass\AppData\Roaming\Python\Python313\site-packages\aiosqlite\core.py", line 115, in run
    result = function()
sqlalchemy.exc.OperationalError: (sqlite3.OperationalError) no such column: analysis_history.user_id
[SQL: SELECT analysis_history.id, analysis_history.user_id, analysis_history.analysis_type, analysis_history.content_preview, analysis_history.threat_level, analysis_history.confidence, analysis_history.features, analysis_history.recommendations, analysis_history.created_at 
FROM analysis_history 
WHERE analysis_history.user_id = ? ORDER BY analysis_history.created_at DESC
 LIMIT ? OFFSET ?]
[parameters: (1, 10, 0)]
(Background on this error at: https://sqlalche.me/e/20/e3q8)
2026-01-30 20:42:00,591 - app.routes.analysis - ERROR - Failed to get history: (sqlite3.OperationalError) no such column: analysis_history.user_id
[SQL: SELECT analysis_history.id, analysis_history.user_id, analysis_history.analysis_type, analysis_history.content_preview, analysis_history.threat_level, analysis_history.confidence, analysis_history.features, analysis_history.recommendations, analysis_history.created_at 
FROM analysis_history 
WHERE analysis_history.user_id = ? ORDER BY analysis_history.created_at DESC
 LIMIT ? OFFSET ?]
[parameters: (1, 10, 0)]
(Background on this error at: https://sqlalche.me/e/20/e3q8)
Traceback (most recent call last):
  File "C:\Users\Vyass\AppData\Roaming\Python\Python313\site-packages\sqlalchemy\engine\base.py", line 1967, in _exec_single_context
    self.dialect.do_execute(
    ~~~~~~~~~~~~~~~~~~~~~~~^
        cursor, str_statement, effective_parameters, context
        ^^^^^^^^^^^^^^^^^^^^^^^^^^^^^^^^^^^^^^^^^^^^^^^^^^^^
    )
    ^
  File "C:\Users\Vyass\AppData\Roaming\Python\Python313\site-packages\sqlalchemy\engine\default.py", line 941, in do_execute
    cursor.execute(statement, parameters)
    ~~~~~~~~~~~~~~^^^^^^^^^^^^^^^^^^^^^^^
  File "C:\Users\Vyass\AppData\Roaming\Python\Python313\site-packages\sqlalchemy\dialects\sqlite\aiosqlite.py", line 147, in execute
    self._adapt_connection._handle_exception(error)
    ~~~~~~~~~~~~~~~~~~~~~~~~~~~~~~~~~~~~~~~~^^^^^^^
  File "C:\Users\Vyass\AppData\Roaming\Python\Python313\site-packages\sqlalchemy\dialects\sqlite\aiosqlite.py", line 298, in _handle_exception
    raise error
  File "C:\Users\Vyass\AppData\Roaming\Python\Python313\site-packages\sqlalchemy\dialects\sqlite\aiosqlite.py", line 129, in execute
    self.await_(_cursor.execute(operation, parameters))
    ~~~~~~~~~~~^^^^^^^^^^^^^^^^^^^^^^^^^^^^^^^^^^^^^^^^
  File "C:\Users\Vyass\AppData\Roaming\Python\Python313\site-packages\sqlalchemy\util\_concurrency_py3k.py", line 132, in await_only
    return current.parent.switch(awaitable)  # type: ignore[no-any-return,attr-defined] # noqa: E501
           ~~~~~~~~~~~~~~~~~~~~~^^^^^^^^^^^
  File "C:\Users\Vyass\AppData\Roaming\Python\Python313\site-packages\sqlalchemy\util\_concurrency_py3k.py", line 196, in greenlet_spawn
    value = await result
            ^^^^^^^^^^^^
  File "C:\Users\Vyass\AppData\Roaming\Python\Python313\site-packages\aiosqlite\cursor.py", line 48, in execute
    await self._execute(self._cursor.execute, sql, parameters)
  File "C:\Users\Vyass\AppData\Roaming\Python\Python313\site-packages\aiosqlite\cursor.py", line 40, in _execute
    return await self._conn._execute(fn, *args, **kwargs)
           ^^^^^^^^^^^^^^^^^^^^^^^^^^^^^^^^^^^^^^^^^^^^^^
  File "C:\Users\Vyass\AppData\Roaming\Python\Python313\site-packages\aiosqlite\core.py", line 132, in _execute
    return await future
           ^^^^^^^^^^^^
  File "C:\Users\Vyass\AppData\Roaming\Python\Python313\site-packages\aiosqlite\core.py", line 115, in run
    result = function()
sqlite3.OperationalError: no such column: analysis_history.user_id

The above exception was the direct cause of the following exception:

Traceback (most recent call last):
  File "C:\Users\Vyass\OneDrive\Desktop\PFE\backend\app\routes\analysis.py", line 216, in get_history
    history = await stats_service.get_recent_analyses(
              ^^^^^^^^^^^^^^^^^^^^^^^^^^^^^^^^^^^^^^^^
    ...<7 lines>...
    )
    ^
  File "C:\Users\Vyass\OneDrive\Desktop\PFE\backend\app\services\stats_service.py", line 128, in get_recent_analyses
    result = await db.execute(query)
             ^^^^^^^^^^^^^^^^^^^^^^^
  File "C:\Users\Vyass\AppData\Roaming\Python\Python313\site-packages\sqlalchemy\ext\asyncio\session.py", line 461, in execute
    result = await greenlet_spawn(
             ^^^^^^^^^^^^^^^^^^^^^
    ...<6 lines>...
    )
    ^
  File "C:\Users\Vyass\AppData\Roaming\Python\Python313\site-packages\sqlalchemy\util\_concurrency_py3k.py", line 201, in greenlet_spawn
    result = context.throw(*sys.exc_info())
  File "C:\Users\Vyass\AppData\Roaming\Python\Python313\site-packages\sqlalchemy\orm\session.py", line 2362, in execute
    return self._execute_internal(
           ~~~~~~~~~~~~~~~~~~~~~~^
        statement,
        ^^^^^^^^^^
    ...<4 lines>...
        _add_event=_add_event,
        ^^^^^^^^^^^^^^^^^^^^^^
    )
    ^
  File "C:\Users\Vyass\AppData\Roaming\Python\Python313\site-packages\sqlalchemy\orm\session.py", line 2247, in _execute_internal
    result: Result[Any] = compile_state_cls.orm_execute_statement(
                          ~~~~~~~~~~~~~~~~~~~~~~~~~~~~~~~~~~~~~~~^
        self,
        ^^^^^
    ...<4 lines>...
        conn,
        ^^^^^
    )
    ^
  File "C:\Users\Vyass\AppData\Roaming\Python\Python313\site-packages\sqlalchemy\orm\context.py", line 305, in orm_execute_statement
    result = conn.execute(
        statement, params or {}, execution_options=execution_options
    )
  File "C:\Users\Vyass\AppData\Roaming\Python\Python313\site-packages\sqlalchemy\engine\base.py", line 1418, in execute
    return meth(
        self,
        distilled_parameters,
        execution_options or NO_OPTIONS,
    )
  File "C:\Users\Vyass\AppData\Roaming\Python\Python313\site-packages\sqlalchemy\sql\elements.py", line 515, in _execute_on_connection
    return connection._execute_clauseelement(
           ~~~~~~~~~~~~~~~~~~~~~~~~~~~~~~~~~^
        self, distilled_params, execution_options
        ^^^^^^^^^^^^^^^^^^^^^^^^^^^^^^^^^^^^^^^^^
    )
    ^
  File "C:\Users\Vyass\AppData\Roaming\Python\Python313\site-packages\sqlalchemy\engine\base.py", line 1640, in _execute_clauseelement
    ret = self._execute_context(
        dialect,
    ...<8 lines>...
        cache_hit=cache_hit,
    )
  File "C:\Users\Vyass\AppData\Roaming\Python\Python313\site-packages\sqlalchemy\engine\base.py", line 1846, in _execute_context
    return self._exec_single_context(
           ~~~~~~~~~~~~~~~~~~~~~~~~~^
        dialect, context, statement, parameters
        ^^^^^^^^^^^^^^^^^^^^^^^^^^^^^^^^^^^^^^^
    )
    ^
  File "C:\Users\Vyass\AppData\Roaming\Python\Python313\site-packages\sqlalchemy\engine\base.py", line 1986, in _exec_single_context
    self._handle_dbapi_exception(
    ~~~~~~~~~~~~~~~~~~~~~~~~~~~~^
        e, str_statement, effective_parameters, cursor, context
        ^^^^^^^^^^^^^^^^^^^^^^^^^^^^^^^^^^^^^^^^^^^^^^^^^^^^^^^
    )
    ^
  File "C:\Users\Vyass\AppData\Roaming\Python\Python313\site-packages\sqlalchemy\engine\base.py", line 2355, in _handle_dbapi_exception
    raise sqlalchemy_exception.with_traceback(exc_info[2]) from e
  File "C:\Users\Vyass\AppData\Roaming\Python\Python313\site-packages\sqlalchemy\engine\base.py", line 1967, in _exec_single_context
    self.dialect.do_execute(
    ~~~~~~~~~~~~~~~~~~~~~~~^
        cursor, str_statement, effective_parameters, context
        ^^^^^^^^^^^^^^^^^^^^^^^^^^^^^^^^^^^^^^^^^^^^^^^^^^^^
    )
    ^
  File "C:\Users\Vyass\AppData\Roaming\Python\Python313\site-packages\sqlalchemy\engine\default.py", line 941, in do_execute
    cursor.execute(statement, parameters)
    ~~~~~~~~~~~~~~^^^^^^^^^^^^^^^^^^^^^^^
  File "C:\Users\Vyass\AppData\Roaming\Python\Python313\site-packages\sqlalchemy\dialects\sqlite\aiosqlite.py", line 147, in execute
    self._adapt_connection._handle_exception(error)
    ~~~~~~~~~~~~~~~~~~~~~~~~~~~~~~~~~~~~~~~~^^^^^^^
  File "C:\Users\Vyass\AppData\Roaming\Python\Python313\site-packages\sqlalchemy\dialects\sqlite\aiosqlite.py", line 298, in _handle_exception
    raise error
  File "C:\Users\Vyass\AppData\Roaming\Python\Python313\site-packages\sqlalchemy\dialects\sqlite\aiosqlite.py", line 129, in execute
    self.await_(_cursor.execute(operation, parameters))
    ~~~~~~~~~~~^^^^^^^^^^^^^^^^^^^^^^^^^^^^^^^^^^^^^^^^
  File "C:\Users\Vyass\AppData\Roaming\Python\Python313\site-packages\sqlalchemy\util\_concurrency_py3k.py", line 132, in await_only
    return current.parent.switch(awaitable)  # type: ignore[no-any-return,attr-defined] # noqa: E501
           ~~~~~~~~~~~~~~~~~~~~~^^^^^^^^^^^
  File "C:\Users\Vyass\AppData\Roaming\Python\Python313\site-packages\sqlalchemy\util\_concurrency_py3k.py", line 196, in greenlet_spawn
    value = await result
            ^^^^^^^^^^^^
  File "C:\Users\Vyass\AppData\Roaming\Python\Python313\site-packages\aiosqlite\cursor.py", line 48, in execute
    await self._execute(self._cursor.execute, sql, parameters)
  File "C:\Users\Vyass\AppData\Roaming\Python\Python313\site-packages\aiosqlite\cursor.py", line 40, in _execute
    return await self._conn._execute(fn, *args, **kwargs)
           ^^^^^^^^^^^^^^^^^^^^^^^^^^^^^^^^^^^^^^^^^^^^^^
  File "C:\Users\Vyass\AppData\Roaming\Python\Python313\site-packages\aiosqlite\core.py", line 132, in _execute
    return await future
           ^^^^^^^^^^^^
  File "C:\Users\Vyass\AppData\Roaming\Python\Python313\site-packages\aiosqlite\core.py", line 115, in run
    result = function()
sqlalchemy.exc.OperationalError: (sqlite3.OperationalError) no such column: analysis_history.user_id
[SQL: SELECT analysis_history.id, analysis_history.user_id, analysis_history.analysis_type, analysis_history.content_preview, analysis_history.threat_level, analysis_history.confidence, analysis_history.features, analysis_history.recommendations, analysis_history.created_at 
FROM analysis_history 
WHERE analysis_history.user_id = ? ORDER BY analysis_history.created_at DESC
 LIMIT ? OFFSET ?]
[parameters: (1, 10, 0)]
(Background on this error at: https://sqlalche.me/e/20/e3q8)
2026-01-30 20:42:00,608 - app.routes.analysis - ERROR - Failed to get history: (sqlite3.OperationalError) no such column: analysis_history.user_id
[SQL: SELECT analysis_history.id, analysis_history.user_id, analysis_history.analysis_type, analysis_history.content_preview, analysis_history.threat_level, analysis_history.confidence, analysis_history.features, analysis_history.recommendations, analysis_history.created_at 
FROM analysis_history 
WHERE analysis_history.user_id = ? ORDER BY analysis_history.created_at DESC
 LIMIT ? OFFSET ?]
[parameters: (1, 10, 0)]
(Background on this error at: https://sqlalche.me/e/20/e3q8)
Traceback (most recent call last):
  File "C:\Users\Vyass\AppData\Roaming\Python\Python313\site-packages\sqlalchemy\engine\base.py", line 1967, in _exec_single_context
    self.dialect.do_execute(
    ~~~~~~~~~~~~~~~~~~~~~~~^
        cursor, str_statement, effective_parameters, context
        ^^^^^^^^^^^^^^^^^^^^^^^^^^^^^^^^^^^^^^^^^^^^^^^^^^^^
    )
    ^
  File "C:\Users\Vyass\AppData\Roaming\Python\Python313\site-packages\sqlalchemy\engine\default.py", line 941, in do_execute
    cursor.execute(statement, parameters)
    ~~~~~~~~~~~~~~^^^^^^^^^^^^^^^^^^^^^^^
  File "C:\Users\Vyass\AppData\Roaming\Python\Python313\site-packages\sqlalchemy\dialects\sqlite\aiosqlite.py", line 147, in execute
    self._adapt_connection._handle_exception(error)
    ~~~~~~~~~~~~~~~~~~~~~~~~~~~~~~~~~~~~~~~~^^^^^^^
  File "C:\Users\Vyass\AppData\Roaming\Python\Python313\site-packages\sqlalchemy\dialects\sqlite\aiosqlite.py", line 298, in _handle_exception
    raise error
  File "C:\Users\Vyass\AppData\Roaming\Python\Python313\site-packages\sqlalchemy\dialects\sqlite\aiosqlite.py", line 129, in execute
    self.await_(_cursor.execute(operation, parameters))
    ~~~~~~~~~~~^^^^^^^^^^^^^^^^^^^^^^^^^^^^^^^^^^^^^^^^
  File "C:\Users\Vyass\AppData\Roaming\Python\Python313\site-packages\sqlalchemy\util\_concurrency_py3k.py", line 132, in await_only
    return current.parent.switch(awaitable)  # type: ignore[no-any-return,attr-defined] # noqa: E501
           ~~~~~~~~~~~~~~~~~~~~~^^^^^^^^^^^
  File "C:\Users\Vyass\AppData\Roaming\Python\Python313\site-packages\sqlalchemy\util\_concurrency_py3k.py", line 196, in greenlet_spawn
    value = await result
            ^^^^^^^^^^^^
  File "C:\Users\Vyass\AppData\Roaming\Python\Python313\site-packages\aiosqlite\cursor.py", line 48, in execute
    await self._execute(self._cursor.execute, sql, parameters)
  File "C:\Users\Vyass\AppData\Roaming\Python\Python313\site-packages\aiosqlite\cursor.py", line 40, in _execute
    return await self._conn._execute(fn, *args, **kwargs)
           ^^^^^^^^^^^^^^^^^^^^^^^^^^^^^^^^^^^^^^^^^^^^^^
  File "C:\Users\Vyass\AppData\Roaming\Python\Python313\site-packages\aiosqlite\core.py", line 132, in _execute
    return await future
           ^^^^^^^^^^^^
  File "C:\Users\Vyass\AppData\Roaming\Python\Python313\site-packages\aiosqlite\core.py", line 115, in run
    result = function()
sqlite3.OperationalError: no such column: analysis_history.user_id

The above exception was the direct cause of the following exception:

Traceback (most recent call last):
  File "C:\Users\Vyass\OneDrive\Desktop\PFE\backend\app\routes\analysis.py", line 216, in get_history
    history = await stats_service.get_recent_analyses(
              ^^^^^^^^^^^^^^^^^^^^^^^^^^^^^^^^^^^^^^^^
    ...<7 lines>...
    )
    ^
  File "C:\Users\Vyass\OneDrive\Desktop\PFE\backend\app\services\stats_service.py", line 128, in get_recent_analyses
    result = await db.execute(query)
             ^^^^^^^^^^^^^^^^^^^^^^^
  File "C:\Users\Vyass\AppData\Roaming\Python\Python313\site-packages\sqlalchemy\ext\asyncio\session.py", line 461, in execute
    result = await greenlet_spawn(
             ^^^^^^^^^^^^^^^^^^^^^
    ...<6 lines>...
    )
    ^
  File "C:\Users\Vyass\AppData\Roaming\Python\Python313\site-packages\sqlalchemy\util\_concurrency_py3k.py", line 201, in greenlet_spawn
    result = context.throw(*sys.exc_info())
  File "C:\Users\Vyass\AppData\Roaming\Python\Python313\site-packages\sqlalchemy\orm\session.py", line 2362, in execute
    return self._execute_internal(
           ~~~~~~~~~~~~~~~~~~~~~~^
        statement,
        ^^^^^^^^^^
    ...<4 lines>...
        _add_event=_add_event,
        ^^^^^^^^^^^^^^^^^^^^^^
    )
    ^
  File "C:\Users\Vyass\AppData\Roaming\Python\Python313\site-packages\sqlalchemy\orm\session.py", line 2247, in _execute_internal
    result: Result[Any] = compile_state_cls.orm_execute_statement(
                          ~~~~~~~~~~~~~~~~~~~~~~~~~~~~~~~~~~~~~~~^
        self,
        ^^^^^
    ...<4 lines>...
        conn,
        ^^^^^
    )
    ^
  File "C:\Users\Vyass\AppData\Roaming\Python\Python313\site-packages\sqlalchemy\orm\context.py", line 305, in orm_execute_statement
    result = conn.execute(
        statement, params or {}, execution_options=execution_options
    )
  File "C:\Users\Vyass\AppData\Roaming\Python\Python313\site-packages\sqlalchemy\engine\base.py", line 1418, in execute
    return meth(
        self,
        distilled_parameters,
        execution_options or NO_OPTIONS,
    )
  File "C:\Users\Vyass\AppData\Roaming\Python\Python313\site-packages\sqlalchemy\sql\elements.py", line 515, in _execute_on_connection
    return connection._execute_clauseelement(
           ~~~~~~~~~~~~~~~~~~~~~~~~~~~~~~~~~^
        self, distilled_params, execution_options
        ^^^^^^^^^^^^^^^^^^^^^^^^^^^^^^^^^^^^^^^^^
    )
    ^
  File "C:\Users\Vyass\AppData\Roaming\Python\Python313\site-packages\sqlalchemy\engine\base.py", line 1640, in _execute_clauseelement
    ret = self._execute_context(
        dialect,
    ...<8 lines>...
        cache_hit=cache_hit,
    )
  File "C:\Users\Vyass\AppData\Roaming\Python\Python313\site-packages\sqlalchemy\engine\base.py", line 1846, in _execute_context
    return self._exec_single_context(
           ~~~~~~~~~~~~~~~~~~~~~~~~~^
        dialect, context, statement, parameters
        ^^^^^^^^^^^^^^^^^^^^^^^^^^^^^^^^^^^^^^^
    )
    ^
  File "C:\Users\Vyass\AppData\Roaming\Python\Python313\site-packages\sqlalchemy\engine\base.py", line 1986, in _exec_single_context
    self._handle_dbapi_exception(
    ~~~~~~~~~~~~~~~~~~~~~~~~~~~~^
        e, str_statement, effective_parameters, cursor, context
        ^^^^^^^^^^^^^^^^^^^^^^^^^^^^^^^^^^^^^^^^^^^^^^^^^^^^^^^
    )
    ^
  File "C:\Users\Vyass\AppData\Roaming\Python\Python313\site-packages\sqlalchemy\engine\base.py", line 2355, in _handle_dbapi_exception
    raise sqlalchemy_exception.with_traceback(exc_info[2]) from e
  File "C:\Users\Vyass\AppData\Roaming\Python\Python313\site-packages\sqlalchemy\engine\base.py", line 1967, in _exec_single_context
    self.dialect.do_execute(
    ~~~~~~~~~~~~~~~~~~~~~~~^
        cursor, str_statement, effective_parameters, context
        ^^^^^^^^^^^^^^^^^^^^^^^^^^^^^^^^^^^^^^^^^^^^^^^^^^^^
    )
    ^
  File "C:\Users\Vyass\AppData\Roaming\Python\Python313\site-packages\sqlalchemy\engine\default.py", line 941, in do_execute
    cursor.execute(statement, parameters)
    ~~~~~~~~~~~~~~^^^^^^^^^^^^^^^^^^^^^^^
  File "C:\Users\Vyass\AppData\Roaming\Python\Python313\site-packages\sqlalchemy\dialects\sqlite\aiosqlite.py", line 147, in execute
    self._adapt_connection._handle_exception(error)
    ~~~~~~~~~~~~~~~~~~~~~~~~~~~~~~~~~~~~~~~~^^^^^^^
  File "C:\Users\Vyass\AppData\Roaming\Python\Python313\site-packages\sqlalchemy\dialects\sqlite\aiosqlite.py", line 298, in _handle_exception
    raise error
  File "C:\Users\Vyass\AppData\Roaming\Python\Python313\site-packages\sqlalchemy\dialects\sqlite\aiosqlite.py", line 129, in execute
    self.await_(_cursor.execute(operation, parameters))
    ~~~~~~~~~~~^^^^^^^^^^^^^^^^^^^^^^^^^^^^^^^^^^^^^^^^
  File "C:\Users\Vyass\AppData\Roaming\Python\Python313\site-packages\sqlalchemy\util\_concurrency_py3k.py", line 132, in await_only
    return current.parent.switch(awaitable)  # type: ignore[no-any-return,attr-defined] # noqa: E501
           ~~~~~~~~~~~~~~~~~~~~~^^^^^^^^^^^
  File "C:\Users\Vyass\AppData\Roaming\Python\Python313\site-packages\sqlalchemy\util\_concurrency_py3k.py", line 196, in greenlet_spawn
    value = await result
            ^^^^^^^^^^^^
  File "C:\Users\Vyass\AppData\Roaming\Python\Python313\site-packages\aiosqlite\cursor.py", line 48, in execute
    await self._execute(self._cursor.execute, sql, parameters)
  File "C:\Users\Vyass\AppData\Roaming\Python\Python313\site-packages\aiosqlite\cursor.py", line 40, in _execute
    return await self._conn._execute(fn, *args, **kwargs)
           ^^^^^^^^^^^^^^^^^^^^^^^^^^^^^^^^^^^^^^^^^^^^^^
  File "C:\Users\Vyass\AppData\Roaming\Python\Python313\site-packages\aiosqlite\core.py", line 132, in _execute
    return await future
           ^^^^^^^^^^^^
  File "C:\Users\Vyass\AppData\Roaming\Python\Python313\site-packages\aiosqlite\core.py", line 115, in run
    result = function()
sqlalchemy.exc.OperationalError: (sqlite3.OperationalError) no such column: analysis_history.user_id
[SQL: SELECT analysis_history.id, analysis_history.user_id, analysis_history.analysis_type, analysis_history.content_preview, analysis_history.threat_level, analysis_history.confidence, analysis_history.features, analysis_history.recommendations, analysis_history.created_at 
FROM analysis_history 
WHERE analysis_history.user_id = ? ORDER BY analysis_history.created_at DESC
 LIMIT ? OFFSET ?]
[parameters: (1, 10, 0)]
(Background on this error at: https://sqlalche.me/e/20/e3q8)
2026-01-30 20:42:01,847 - app.routes.analysis - ERROR - Failed to get history: (sqlite3.OperationalError) no such column: analysis_history.user_id
[SQL: SELECT analysis_history.id, analysis_history.user_id, analysis_history.analysis_type, analysis_history.content_preview, analysis_history.threat_level, analysis_history.confidence, analysis_history.features, analysis_history.recommendations, analysis_history.created_at 
FROM analysis_history 
WHERE analysis_history.user_id = ? ORDER BY analysis_history.created_at DESC
 LIMIT ? OFFSET ?]
[parameters: (1, 10, 0)]
(Background on this error at: https://sqlalche.me/e/20/e3q8)
Traceback (most recent call last):
  File "C:\Users\Vyass\AppData\Roaming\Python\Python313\site-packages\sqlalchemy\engine\base.py", line 1967, in _exec_single_context
    self.dialect.do_execute(
    ~~~~~~~~~~~~~~~~~~~~~~~^
        cursor, str_statement, effective_parameters, context
        ^^^^^^^^^^^^^^^^^^^^^^^^^^^^^^^^^^^^^^^^^^^^^^^^^^^^
    )
    ^
  File "C:\Users\Vyass\AppData\Roaming\Python\Python313\site-packages\sqlalchemy\engine\default.py", line 941, in do_execute
    cursor.execute(statement, parameters)
    ~~~~~~~~~~~~~~^^^^^^^^^^^^^^^^^^^^^^^
  File "C:\Users\Vyass\AppData\Roaming\Python\Python313\site-packages\sqlalchemy\dialects\sqlite\aiosqlite.py", line 147, in execute
    self._adapt_connection._handle_exception(error)
    ~~~~~~~~~~~~~~~~~~~~~~~~~~~~~~~~~~~~~~~~^^^^^^^
  File "C:\Users\Vyass\AppData\Roaming\Python\Python313\site-packages\sqlalchemy\dialects\sqlite\aiosqlite.py", line 298, in _handle_exception
    raise error
  File "C:\Users\Vyass\AppData\Roaming\Python\Python313\site-packages\sqlalchemy\dialects\sqlite\aiosqlite.py", line 129, in execute
    self.await_(_cursor.execute(operation, parameters))
    ~~~~~~~~~~~^^^^^^^^^^^^^^^^^^^^^^^^^^^^^^^^^^^^^^^^
  File "C:\Users\Vyass\AppData\Roaming\Python\Python313\site-packages\sqlalchemy\util\_concurrency_py3k.py", line 132, in await_only
    return current.parent.switch(awaitable)  # type: ignore[no-any-return,attr-defined] # noqa: E501
           ~~~~~~~~~~~~~~~~~~~~~^^^^^^^^^^^
  File "C:\Users\Vyass\AppData\Roaming\Python\Python313\site-packages\sqlalchemy\util\_concurrency_py3k.py", line 196, in greenlet_spawn
    value = await result
            ^^^^^^^^^^^^
  File "C:\Users\Vyass\AppData\Roaming\Python\Python313\site-packages\aiosqlite\cursor.py", line 48, in execute
    await self._execute(self._cursor.execute, sql, parameters)
  File "C:\Users\Vyass\AppData\Roaming\Python\Python313\site-packages\aiosqlite\cursor.py", line 40, in _execute
    return await self._conn._execute(fn, *args, **kwargs)
           ^^^^^^^^^^^^^^^^^^^^^^^^^^^^^^^^^^^^^^^^^^^^^^
  File "C:\Users\Vyass\AppData\Roaming\Python\Python313\site-packages\aiosqlite\core.py", line 132, in _execute
    return await future
           ^^^^^^^^^^^^
  File "C:\Users\Vyass\AppData\Roaming\Python\Python313\site-packages\aiosqlite\core.py", line 115, in run
    result = function()
sqlite3.OperationalError: no such column: analysis_history.user_id

The above exception was the direct cause of the following exception:

Traceback (most recent call last):
  File "C:\Users\Vyass\OneDrive\Desktop\PFE\backend\app\routes\analysis.py", line 216, in get_history
    history = await stats_service.get_recent_analyses(
              ^^^^^^^^^^^^^^^^^^^^^^^^^^^^^^^^^^^^^^^^
    ...<7 lines>...
    )
    ^
  File "C:\Users\Vyass\OneDrive\Desktop\PFE\backend\app\services\stats_service.py", line 128, in get_recent_analyses
    result = await db.execute(query)
             ^^^^^^^^^^^^^^^^^^^^^^^
  File "C:\Users\Vyass\AppData\Roaming\Python\Python313\site-packages\sqlalchemy\ext\asyncio\session.py", line 461, in execute
    result = await greenlet_spawn(
             ^^^^^^^^^^^^^^^^^^^^^
    ...<6 lines>...
    )
    ^
  File "C:\Users\Vyass\AppData\Roaming\Python\Python313\site-packages\sqlalchemy\util\_concurrency_py3k.py", line 201, in greenlet_spawn
    result = context.throw(*sys.exc_info())
  File "C:\Users\Vyass\AppData\Roaming\Python\Python313\site-packages\sqlalchemy\orm\session.py", line 2362, in execute
    return self._execute_internal(
           ~~~~~~~~~~~~~~~~~~~~~~^
        statement,
        ^^^^^^^^^^
    ...<4 lines>...
        _add_event=_add_event,
        ^^^^^^^^^^^^^^^^^^^^^^
    )
    ^
  File "C:\Users\Vyass\AppData\Roaming\Python\Python313\site-packages\sqlalchemy\orm\session.py", line 2247, in _execute_internal
    result: Result[Any] = compile_state_cls.orm_execute_statement(
                          ~~~~~~~~~~~~~~~~~~~~~~~~~~~~~~~~~~~~~~~^
        self,
        ^^^^^
    ...<4 lines>...
        conn,
        ^^^^^
    )
    ^
  File "C:\Users\Vyass\AppData\Roaming\Python\Python313\site-packages\sqlalchemy\orm\context.py", line 305, in orm_execute_statement
    result = conn.execute(
        statement, params or {}, execution_options=execution_options
    )
  File "C:\Users\Vyass\AppData\Roaming\Python\Python313\site-packages\sqlalchemy\engine\base.py", line 1418, in execute
    return meth(
        self,
        distilled_parameters,
        execution_options or NO_OPTIONS,
    )
  File "C:\Users\Vyass\AppData\Roaming\Python\Python313\site-packages\sqlalchemy\sql\elements.py", line 515, in _execute_on_connection
    return connection._execute_clauseelement(
           ~~~~~~~~~~~~~~~~~~~~~~~~~~~~~~~~~^
        self, distilled_params, execution_options
        ^^^^^^^^^^^^^^^^^^^^^^^^^^^^^^^^^^^^^^^^^
    )
    ^
  File "C:\Users\Vyass\AppData\Roaming\Python\Python313\site-packages\sqlalchemy\engine\base.py", line 1640, in _execute_clauseelement
    ret = self._execute_context(
        dialect,
    ...<8 lines>...
        cache_hit=cache_hit,
    )
  File "C:\Users\Vyass\AppData\Roaming\Python\Python313\site-packages\sqlalchemy\engine\base.py", line 1846, in _execute_context
    return self._exec_single_context(
           ~~~~~~~~~~~~~~~~~~~~~~~~~^
        dialect, context, statement, parameters
        ^^^^^^^^^^^^^^^^^^^^^^^^^^^^^^^^^^^^^^^
    )
    ^
  File "C:\Users\Vyass\AppData\Roaming\Python\Python313\site-packages\sqlalchemy\engine\base.py", line 1986, in _exec_single_context
    self._handle_dbapi_exception(
    ~~~~~~~~~~~~~~~~~~~~~~~~~~~~^
        e, str_statement, effective_parameters, cursor, context
        ^^^^^^^^^^^^^^^^^^^^^^^^^^^^^^^^^^^^^^^^^^^^^^^^^^^^^^^
    )
    ^
  File "C:\Users\Vyass\AppData\Roaming\Python\Python313\site-packages\sqlalchemy\engine\base.py", line 2355, in _handle_dbapi_exception
    raise sqlalchemy_exception.with_traceback(exc_info[2]) from e
  File "C:\Users\Vyass\AppData\Roaming\Python\Python313\site-packages\sqlalchemy\engine\base.py", line 1967, in _exec_single_context
    self.dialect.do_execute(
    ~~~~~~~~~~~~~~~~~~~~~~~^
        cursor, str_statement, effective_parameters, context
        ^^^^^^^^^^^^^^^^^^^^^^^^^^^^^^^^^^^^^^^^^^^^^^^^^^^^
    )
    ^
  File "C:\Users\Vyass\AppData\Roaming\Python\Python313\site-packages\sqlalchemy\engine\default.py", line 941, in do_execute
    cursor.execute(statement, parameters)
    ~~~~~~~~~~~~~~^^^^^^^^^^^^^^^^^^^^^^^
  File "C:\Users\Vyass\AppData\Roaming\Python\Python313\site-packages\sqlalchemy\dialects\sqlite\aiosqlite.py", line 147, in execute
    self._adapt_connection._handle_exception(error)
    ~~~~~~~~~~~~~~~~~~~~~~~~~~~~~~~~~~~~~~~~^^^^^^^
  File "C:\Users\Vyass\AppData\Roaming\Python\Python313\site-packages\sqlalchemy\dialects\sqlite\aiosqlite.py", line 298, in _handle_exception
    raise error
  File "C:\Users\Vyass\AppData\Roaming\Python\Python313\site-packages\sqlalchemy\dialects\sqlite\aiosqlite.py", line 129, in execute
    self.await_(_cursor.execute(operation, parameters))
    ~~~~~~~~~~~^^^^^^^^^^^^^^^^^^^^^^^^^^^^^^^^^^^^^^^^
  File "C:\Users\Vyass\AppData\Roaming\Python\Python313\site-packages\sqlalchemy\util\_concurrency_py3k.py", line 132, in await_only
    return current.parent.switch(awaitable)  # type: ignore[no-any-return,attr-defined] # noqa: E501
           ~~~~~~~~~~~~~~~~~~~~~^^^^^^^^^^^
  File "C:\Users\Vyass\AppData\Roaming\Python\Python313\site-packages\sqlalchemy\util\_concurrency_py3k.py", line 196, in greenlet_spawn
    value = await result
            ^^^^^^^^^^^^
  File "C:\Users\Vyass\AppData\Roaming\Python\Python313\site-packages\aiosqlite\cursor.py", line 48, in execute
    await self._execute(self._cursor.execute, sql, parameters)
  File "C:\Users\Vyass\AppData\Roaming\Python\Python313\site-packages\aiosqlite\cursor.py", line 40, in _execute
    return await self._conn._execute(fn, *args, **kwargs)
           ^^^^^^^^^^^^^^^^^^^^^^^^^^^^^^^^^^^^^^^^^^^^^^
  File "C:\Users\Vyass\AppData\Roaming\Python\Python313\site-packages\aiosqlite\core.py", line 132, in _execute
    return await future
           ^^^^^^^^^^^^
  File "C:\Users\Vyass\AppData\Roaming\Python\Python313\site-packages\aiosqlite\core.py", line 115, in run
    result = function()
sqlalchemy.exc.OperationalError: (sqlite3.OperationalError) no such column: analysis_history.user_id
[SQL: SELECT analysis_history.id, analysis_history.user_id, analysis_history.analysis_type, analysis_history.content_preview, analysis_history.threat_level, analysis_history.confidence, analysis_history.features, analysis_history.recommendations, analysis_history.created_at 
FROM analysis_history 
WHERE analysis_history.user_id = ? ORDER BY analysis_history.created_at DESC
 LIMIT ? OFFSET ?]
[parameters: (1, 10, 0)]
(Background on this error at: https://sqlalche.me/e/20/e3q8)
2026-01-30 20:42:08,899 - app.services.gmail_service - INFO - Generated Gmail authorization URL
2026-01-30 20:42:17,944 - app.services.gmail_service - INFO - Successfully exchanged code for token
2026-01-30 20:44:36,213 - app.services.gmail_service - INFO - Generated Gmail authorization URL
2026-01-30 20:44:36,336 - app.main - INFO - Shutting down PhishGuard AI...
2026-01-30 20:44:39,601 - app.services.gmail_service - INFO - Gmail OAuth credentials loaded successfully
2026-01-30 20:44:39,618 - app.main - INFO - Starting PhishGuard AI...
2026-01-30 20:44:39,624 - app.main - INFO - Database initialized
2026-01-30 20:44:44,670 - app.services.gmail_service - INFO - Successfully exchanged code for token
2026-01-30 20:44:44,809 - googleapiclient.discovery_cache - INFO - file_cache is only supported with oauth2client<4.0.0
2026-01-30 20:44:45,594 - app.services.gmail_service - INFO - Retrieved 20 emails from Gmail
2026-01-30 20:44:51,451 - googleapiclient.discovery_cache - INFO - file_cache is only supported with oauth2client<4.0.0
2026-01-30 20:44:52,196 - app.services.gmail_service - INFO - Retrieved 20 emails from Gmail
2026-01-30 20:44:57,901 - app.routes.analysis - ERROR - Failed to get history: (sqlite3.OperationalError) no such column: analysis_history.user_id
[SQL: SELECT analysis_history.id, analysis_history.user_id, analysis_history.analysis_type, analysis_history.content_preview, analysis_history.threat_level, analysis_history.confidence, analysis_history.features, analysis_history.recommendations, analysis_history.created_at 
FROM analysis_history 
WHERE analysis_history.user_id = ? ORDER BY analysis_history.created_at DESC
 LIMIT ? OFFSET ?]
[parameters: (1, 10, 0)]
(Background on this error at: https://sqlalche.me/e/20/e3q8)
Traceback (most recent call last):
  File "C:\Users\Vyass\AppData\Roaming\Python\Python313\site-packages\sqlalchemy\engine\base.py", line 1967, in _exec_single_context
    self.dialect.do_execute(
    ~~~~~~~~~~~~~~~~~~~~~~~^
        cursor, str_statement, effective_parameters, context
        ^^^^^^^^^^^^^^^^^^^^^^^^^^^^^^^^^^^^^^^^^^^^^^^^^^^^
    )
    ^
  File "C:\Users\Vyass\AppData\Roaming\Python\Python313\site-packages\sqlalchemy\engine\default.py", line 941, in do_execute
    cursor.execute(statement, parameters)
    ~~~~~~~~~~~~~~^^^^^^^^^^^^^^^^^^^^^^^
  File "C:\Users\Vyass\AppData\Roaming\Python\Python313\site-packages\sqlalchemy\dialects\sqlite\aiosqlite.py", line 147, in execute
    self._adapt_connection._handle_exception(error)
    ~~~~~~~~~~~~~~~~~~~~~~~~~~~~~~~~~~~~~~~~^^^^^^^
  File "C:\Users\Vyass\AppData\Roaming\Python\Python313\site-packages\sqlalchemy\dialects\sqlite\aiosqlite.py", line 298, in _handle_exception
    raise error
  File "C:\Users\Vyass\AppData\Roaming\Python\Python313\site-packages\sqlalchemy\dialects\sqlite\aiosqlite.py", line 129, in execute
    self.await_(_cursor.execute(operation, parameters))
    ~~~~~~~~~~~^^^^^^^^^^^^^^^^^^^^^^^^^^^^^^^^^^^^^^^^
  File "C:\Users\Vyass\AppData\Roaming\Python\Python313\site-packages\sqlalchemy\util\_concurrency_py3k.py", line 132, in await_only
    return current.parent.switch(awaitable)  # type: ignore[no-any-return,attr-defined] # noqa: E501
           ~~~~~~~~~~~~~~~~~~~~~^^^^^^^^^^^
  File "C:\Users\Vyass\AppData\Roaming\Python\Python313\site-packages\sqlalchemy\util\_concurrency_py3k.py", line 196, in greenlet_spawn
    value = await result
            ^^^^^^^^^^^^
  File "C:\Users\Vyass\AppData\Roaming\Python\Python313\site-packages\aiosqlite\cursor.py", line 48, in execute
    await self._execute(self._cursor.execute, sql, parameters)
  File "C:\Users\Vyass\AppData\Roaming\Python\Python313\site-packages\aiosqlite\cursor.py", line 40, in _execute
    return await self._conn._execute(fn, *args, **kwargs)
           ^^^^^^^^^^^^^^^^^^^^^^^^^^^^^^^^^^^^^^^^^^^^^^
  File "C:\Users\Vyass\AppData\Roaming\Python\Python313\site-packages\aiosqlite\core.py", line 132, in _execute
    return await future
           ^^^^^^^^^^^^
  File "C:\Users\Vyass\AppData\Roaming\Python\Python313\site-packages\aiosqlite\core.py", line 115, in run
    result = function()
sqlite3.OperationalError: no such column: analysis_history.user_id

The above exception was the direct cause of the following exception:

Traceback (most recent call last):
  File "C:\Users\Vyass\OneDrive\Desktop\PFE\backend\app\routes\analysis.py", line 216, in get_history
    history = await stats_service.get_recent_analyses(
              ^^^^^^^^^^^^^^^^^^^^^^^^^^^^^^^^^^^^^^^^
    ...<7 lines>...
    )
    ^
  File "C:\Users\Vyass\OneDrive\Desktop\PFE\backend\app\services\stats_service.py", line 128, in get_recent_analyses
    result = await db.execute(query)
             ^^^^^^^^^^^^^^^^^^^^^^^
  File "C:\Users\Vyass\AppData\Roaming\Python\Python313\site-packages\sqlalchemy\ext\asyncio\session.py", line 461, in execute
    result = await greenlet_spawn(
             ^^^^^^^^^^^^^^^^^^^^^
    ...<6 lines>...
    )
    ^
  File "C:\Users\Vyass\AppData\Roaming\Python\Python313\site-packages\sqlalchemy\util\_concurrency_py3k.py", line 201, in greenlet_spawn
    result = context.throw(*sys.exc_info())
  File "C:\Users\Vyass\AppData\Roaming\Python\Python313\site-packages\sqlalchemy\orm\session.py", line 2362, in execute
    return self._execute_internal(
           ~~~~~~~~~~~~~~~~~~~~~~^
        statement,
        ^^^^^^^^^^
    ...<4 lines>...
        _add_event=_add_event,
        ^^^^^^^^^^^^^^^^^^^^^^
    )
    ^
  File "C:\Users\Vyass\AppData\Roaming\Python\Python313\site-packages\sqlalchemy\orm\session.py", line 2247, in _execute_internal
    result: Result[Any] = compile_state_cls.orm_execute_statement(
                          ~~~~~~~~~~~~~~~~~~~~~~~~~~~~~~~~~~~~~~~^
        self,
        ^^^^^
    ...<4 lines>...
        conn,
        ^^^^^
    )
    ^
  File "C:\Users\Vyass\AppData\Roaming\Python\Python313\site-packages\sqlalchemy\orm\context.py", line 305, in orm_execute_statement
    result = conn.execute(
        statement, params or {}, execution_options=execution_options
    )
  File "C:\Users\Vyass\AppData\Roaming\Python\Python313\site-packages\sqlalchemy\engine\base.py", line 1418, in execute
    return meth(
        self,
        distilled_parameters,
        execution_options or NO_OPTIONS,
    )
  File "C:\Users\Vyass\AppData\Roaming\Python\Python313\site-packages\sqlalchemy\sql\elements.py", line 515, in _execute_on_connection
    return connection._execute_clauseelement(
           ~~~~~~~~~~~~~~~~~~~~~~~~~~~~~~~~~^
        self, distilled_params, execution_options
        ^^^^^^^^^^^^^^^^^^^^^^^^^^^^^^^^^^^^^^^^^
    )
    ^
  File "C:\Users\Vyass\AppData\Roaming\Python\Python313\site-packages\sqlalchemy\engine\base.py", line 1640, in _execute_clauseelement
    ret = self._execute_context(
        dialect,
    ...<8 lines>...
        cache_hit=cache_hit,
    )
  File "C:\Users\Vyass\AppData\Roaming\Python\Python313\site-packages\sqlalchemy\engine\base.py", line 1846, in _execute_context
    return self._exec_single_context(
           ~~~~~~~~~~~~~~~~~~~~~~~~~^
        dialect, context, statement, parameters
        ^^^^^^^^^^^^^^^^^^^^^^^^^^^^^^^^^^^^^^^
    )
    ^
  File "C:\Users\Vyass\AppData\Roaming\Python\Python313\site-packages\sqlalchemy\engine\base.py", line 1986, in _exec_single_context
    self._handle_dbapi_exception(
    ~~~~~~~~~~~~~~~~~~~~~~~~~~~~^
        e, str_statement, effective_parameters, cursor, context
        ^^^^^^^^^^^^^^^^^^^^^^^^^^^^^^^^^^^^^^^^^^^^^^^^^^^^^^^
    )
    ^
  File "C:\Users\Vyass\AppData\Roaming\Python\Python313\site-packages\sqlalchemy\engine\base.py", line 2355, in _handle_dbapi_exception
    raise sqlalchemy_exception.with_traceback(exc_info[2]) from e
  File "C:\Users\Vyass\AppData\Roaming\Python\Python313\site-packages\sqlalchemy\engine\base.py", line 1967, in _exec_single_context
    self.dialect.do_execute(
    ~~~~~~~~~~~~~~~~~~~~~~~^
        cursor, str_statement, effective_parameters, context
        ^^^^^^^^^^^^^^^^^^^^^^^^^^^^^^^^^^^^^^^^^^^^^^^^^^^^
    )
    ^
  File "C:\Users\Vyass\AppData\Roaming\Python\Python313\site-packages\sqlalchemy\engine\default.py", line 941, in do_execute
    cursor.execute(statement, parameters)
    ~~~~~~~~~~~~~~^^^^^^^^^^^^^^^^^^^^^^^
  File "C:\Users\Vyass\AppData\Roaming\Python\Python313\site-packages\sqlalchemy\dialects\sqlite\aiosqlite.py", line 147, in execute
    self._adapt_connection._handle_exception(error)
    ~~~~~~~~~~~~~~~~~~~~~~~~~~~~~~~~~~~~~~~~^^^^^^^
  File "C:\Users\Vyass\AppData\Roaming\Python\Python313\site-packages\sqlalchemy\dialects\sqlite\aiosqlite.py", line 298, in _handle_exception
    raise error
  File "C:\Users\Vyass\AppData\Roaming\Python\Python313\site-packages\sqlalchemy\dialects\sqlite\aiosqlite.py", line 129, in execute
    self.await_(_cursor.execute(operation, parameters))
    ~~~~~~~~~~~^^^^^^^^^^^^^^^^^^^^^^^^^^^^^^^^^^^^^^^^
  File "C:\Users\Vyass\AppData\Roaming\Python\Python313\site-packages\sqlalchemy\util\_concurrency_py3k.py", line 132, in await_only
    return current.parent.switch(awaitable)  # type: ignore[no-any-return,attr-defined] # noqa: E501
           ~~~~~~~~~~~~~~~~~~~~~^^^^^^^^^^^
  File "C:\Users\Vyass\AppData\Roaming\Python\Python313\site-packages\sqlalchemy\util\_concurrency_py3k.py", line 196, in greenlet_spawn
    value = await result
            ^^^^^^^^^^^^
  File "C:\Users\Vyass\AppData\Roaming\Python\Python313\site-packages\aiosqlite\cursor.py", line 48, in execute
    await self._execute(self._cursor.execute, sql, parameters)
  File "C:\Users\Vyass\AppData\Roaming\Python\Python313\site-packages\aiosqlite\cursor.py", line 40, in _execute
    return await self._conn._execute(fn, *args, **kwargs)
           ^^^^^^^^^^^^^^^^^^^^^^^^^^^^^^^^^^^^^^^^^^^^^^
  File "C:\Users\Vyass\AppData\Roaming\Python\Python313\site-packages\aiosqlite\core.py", line 132, in _execute
    return await future
           ^^^^^^^^^^^^
  File "C:\Users\Vyass\AppData\Roaming\Python\Python313\site-packages\aiosqlite\core.py", line 115, in run
    result = function()
sqlalchemy.exc.OperationalError: (sqlite3.OperationalError) no such column: analysis_history.user_id
[SQL: SELECT analysis_history.id, analysis_history.user_id, analysis_history.analysis_type, analysis_history.content_preview, analysis_history.threat_level, analysis_history.confidence, analysis_history.features, analysis_history.recommendations, analysis_history.created_at 
FROM analysis_history 
WHERE analysis_history.user_id = ? ORDER BY analysis_history.created_at DESC
 LIMIT ? OFFSET ?]
[parameters: (1, 10, 0)]
(Background on this error at: https://sqlalche.me/e/20/e3q8)
2026-01-30 20:44:57,926 - app.routes.analysis - ERROR - Failed to get history: (sqlite3.OperationalError) no such column: analysis_history.user_id
[SQL: SELECT analysis_history.id, analysis_history.user_id, analysis_history.analysis_type, analysis_history.content_preview, analysis_history.threat_level, analysis_history.confidence, analysis_history.features, analysis_history.recommendations, analysis_history.created_at 
FROM analysis_history 
WHERE analysis_history.user_id = ? ORDER BY analysis_history.created_at DESC
 LIMIT ? OFFSET ?]
[parameters: (1, 10, 0)]
(Background on this error at: https://sqlalche.me/e/20/e3q8)
Traceback (most recent call last):
  File "C:\Users\Vyass\AppData\Roaming\Python\Python313\site-packages\sqlalchemy\engine\base.py", line 1967, in _exec_single_context
    self.dialect.do_execute(
    ~~~~~~~~~~~~~~~~~~~~~~~^
        cursor, str_statement, effective_parameters, context
        ^^^^^^^^^^^^^^^^^^^^^^^^^^^^^^^^^^^^^^^^^^^^^^^^^^^^
    )
    ^
  File "C:\Users\Vyass\AppData\Roaming\Python\Python313\site-packages\sqlalchemy\engine\default.py", line 941, in do_execute
    cursor.execute(statement, parameters)
    ~~~~~~~~~~~~~~^^^^^^^^^^^^^^^^^^^^^^^
  File "C:\Users\Vyass\AppData\Roaming\Python\Python313\site-packages\sqlalchemy\dialects\sqlite\aiosqlite.py", line 147, in execute
    self._adapt_connection._handle_exception(error)
    ~~~~~~~~~~~~~~~~~~~~~~~~~~~~~~~~~~~~~~~~^^^^^^^
  File "C:\Users\Vyass\AppData\Roaming\Python\Python313\site-packages\sqlalchemy\dialects\sqlite\aiosqlite.py", line 298, in _handle_exception
    raise error
  File "C:\Users\Vyass\AppData\Roaming\Python\Python313\site-packages\sqlalchemy\dialects\sqlite\aiosqlite.py", line 129, in execute
    self.await_(_cursor.execute(operation, parameters))
    ~~~~~~~~~~~^^^^^^^^^^^^^^^^^^^^^^^^^^^^^^^^^^^^^^^^
  File "C:\Users\Vyass\AppData\Roaming\Python\Python313\site-packages\sqlalchemy\util\_concurrency_py3k.py", line 132, in await_only
    return current.parent.switch(awaitable)  # type: ignore[no-any-return,attr-defined] # noqa: E501
           ~~~~~~~~~~~~~~~~~~~~~^^^^^^^^^^^
  File "C:\Users\Vyass\AppData\Roaming\Python\Python313\site-packages\sqlalchemy\util\_concurrency_py3k.py", line 196, in greenlet_spawn
    value = await result
            ^^^^^^^^^^^^
  File "C:\Users\Vyass\AppData\Roaming\Python\Python313\site-packages\aiosqlite\cursor.py", line 48, in execute
    await self._execute(self._cursor.execute, sql, parameters)
  File "C:\Users\Vyass\AppData\Roaming\Python\Python313\site-packages\aiosqlite\cursor.py", line 40, in _execute
    return await self._conn._execute(fn, *args, **kwargs)
           ^^^^^^^^^^^^^^^^^^^^^^^^^^^^^^^^^^^^^^^^^^^^^^
  File "C:\Users\Vyass\AppData\Roaming\Python\Python313\site-packages\aiosqlite\core.py", line 132, in _execute
    return await future
           ^^^^^^^^^^^^
  File "C:\Users\Vyass\AppData\Roaming\Python\Python313\site-packages\aiosqlite\core.py", line 115, in run
    result = function()
sqlite3.OperationalError: no such column: analysis_history.user_id

The above exception was the direct cause of the following exception:

Traceback (most recent call last):
  File "C:\Users\Vyass\OneDrive\Desktop\PFE\backend\app\routes\analysis.py", line 216, in get_history
    history = await stats_service.get_recent_analyses(
              ^^^^^^^^^^^^^^^^^^^^^^^^^^^^^^^^^^^^^^^^
    ...<7 lines>...
    )
    ^
  File "C:\Users\Vyass\OneDrive\Desktop\PFE\backend\app\services\stats_service.py", line 128, in get_recent_analyses
    result = await db.execute(query)
             ^^^^^^^^^^^^^^^^^^^^^^^
  File "C:\Users\Vyass\AppData\Roaming\Python\Python313\site-packages\sqlalchemy\ext\asyncio\session.py", line 461, in execute
    result = await greenlet_spawn(
             ^^^^^^^^^^^^^^^^^^^^^
    ...<6 lines>...
    )
    ^
  File "C:\Users\Vyass\AppData\Roaming\Python\Python313\site-packages\sqlalchemy\util\_concurrency_py3k.py", line 201, in greenlet_spawn
    result = context.throw(*sys.exc_info())
  File "C:\Users\Vyass\AppData\Roaming\Python\Python313\site-packages\sqlalchemy\orm\session.py", line 2362, in execute
    return self._execute_internal(
           ~~~~~~~~~~~~~~~~~~~~~~^
        statement,
        ^^^^^^^^^^
    ...<4 lines>...
        _add_event=_add_event,
        ^^^^^^^^^^^^^^^^^^^^^^
    )
    ^
  File "C:\Users\Vyass\AppData\Roaming\Python\Python313\site-packages\sqlalchemy\orm\session.py", line 2247, in _execute_internal
    result: Result[Any] = compile_state_cls.orm_execute_statement(
                          ~~~~~~~~~~~~~~~~~~~~~~~~~~~~~~~~~~~~~~~^
        self,
        ^^^^^
    ...<4 lines>...
        conn,
        ^^^^^
    )
    ^
  File "C:\Users\Vyass\AppData\Roaming\Python\Python313\site-packages\sqlalchemy\orm\context.py", line 305, in orm_execute_statement
    result = conn.execute(
        statement, params or {}, execution_options=execution_options
    )
  File "C:\Users\Vyass\AppData\Roaming\Python\Python313\site-packages\sqlalchemy\engine\base.py", line 1418, in execute
    return meth(
        self,
        distilled_parameters,
        execution_options or NO_OPTIONS,
    )
  File "C:\Users\Vyass\AppData\Roaming\Python\Python313\site-packages\sqlalchemy\sql\elements.py", line 515, in _execute_on_connection
    return connection._execute_clauseelement(
           ~~~~~~~~~~~~~~~~~~~~~~~~~~~~~~~~~^
        self, distilled_params, execution_options
        ^^^^^^^^^^^^^^^^^^^^^^^^^^^^^^^^^^^^^^^^^
    )
    ^
  File "C:\Users\Vyass\AppData\Roaming\Python\Python313\site-packages\sqlalchemy\engine\base.py", line 1640, in _execute_clauseelement
    ret = self._execute_context(
        dialect,
    ...<8 lines>...
        cache_hit=cache_hit,
    )
  File "C:\Users\Vyass\AppData\Roaming\Python\Python313\site-packages\sqlalchemy\engine\base.py", line 1846, in _execute_context
    return self._exec_single_context(
           ~~~~~~~~~~~~~~~~~~~~~~~~~^
        dialect, context, statement, parameters
        ^^^^^^^^^^^^^^^^^^^^^^^^^^^^^^^^^^^^^^^
    )
    ^
  File "C:\Users\Vyass\AppData\Roaming\Python\Python313\site-packages\sqlalchemy\engine\base.py", line 1986, in _exec_single_context
    self._handle_dbapi_exception(
    ~~~~~~~~~~~~~~~~~~~~~~~~~~~~^
        e, str_statement, effective_parameters, cursor, context
        ^^^^^^^^^^^^^^^^^^^^^^^^^^^^^^^^^^^^^^^^^^^^^^^^^^^^^^^
    )
    ^
  File "C:\Users\Vyass\AppData\Roaming\Python\Python313\site-packages\sqlalchemy\engine\base.py", line 2355, in _handle_dbapi_exception
    raise sqlalchemy_exception.with_traceback(exc_info[2]) from e
  File "C:\Users\Vyass\AppData\Roaming\Python\Python313\site-packages\sqlalchemy\engine\base.py", line 1967, in _exec_single_context
    self.dialect.do_execute(
    ~~~~~~~~~~~~~~~~~~~~~~~^
        cursor, str_statement, effective_parameters, context
        ^^^^^^^^^^^^^^^^^^^^^^^^^^^^^^^^^^^^^^^^^^^^^^^^^^^^
    )
    ^
  File "C:\Users\Vyass\AppData\Roaming\Python\Python313\site-packages\sqlalchemy\engine\default.py", line 941, in do_execute
    cursor.execute(statement, parameters)
    ~~~~~~~~~~~~~~^^^^^^^^^^^^^^^^^^^^^^^
  File "C:\Users\Vyass\AppData\Roaming\Python\Python313\site-packages\sqlalchemy\dialects\sqlite\aiosqlite.py", line 147, in execute
    self._adapt_connection._handle_exception(error)
    ~~~~~~~~~~~~~~~~~~~~~~~~~~~~~~~~~~~~~~~~^^^^^^^
  File "C:\Users\Vyass\AppData\Roaming\Python\Python313\site-packages\sqlalchemy\dialects\sqlite\aiosqlite.py", line 298, in _handle_exception
    raise error
  File "C:\Users\Vyass\AppData\Roaming\Python\Python313\site-packages\sqlalchemy\dialects\sqlite\aiosqlite.py", line 129, in execute
    self.await_(_cursor.execute(operation, parameters))
    ~~~~~~~~~~~^^^^^^^^^^^^^^^^^^^^^^^^^^^^^^^^^^^^^^^^
  File "C:\Users\Vyass\AppData\Roaming\Python\Python313\site-packages\sqlalchemy\util\_concurrency_py3k.py", line 132, in await_only
    return current.parent.switch(awaitable)  # type: ignore[no-any-return,attr-defined] # noqa: E501
           ~~~~~~~~~~~~~~~~~~~~~^^^^^^^^^^^
  File "C:\Users\Vyass\AppData\Roaming\Python\Python313\site-packages\sqlalchemy\util\_concurrency_py3k.py", line 196, in greenlet_spawn
    value = await result
            ^^^^^^^^^^^^
  File "C:\Users\Vyass\AppData\Roaming\Python\Python313\site-packages\aiosqlite\cursor.py", line 48, in execute
    await self._execute(self._cursor.execute, sql, parameters)
  File "C:\Users\Vyass\AppData\Roaming\Python\Python313\site-packages\aiosqlite\cursor.py", line 40, in _execute
    return await self._conn._execute(fn, *args, **kwargs)
           ^^^^^^^^^^^^^^^^^^^^^^^^^^^^^^^^^^^^^^^^^^^^^^
  File "C:\Users\Vyass\AppData\Roaming\Python\Python313\site-packages\aiosqlite\core.py", line 132, in _execute
    return await future
           ^^^^^^^^^^^^
  File "C:\Users\Vyass\AppData\Roaming\Python\Python313\site-packages\aiosqlite\core.py", line 115, in run
    result = function()
sqlalchemy.exc.OperationalError: (sqlite3.OperationalError) no such column: analysis_history.user_id
[SQL: SELECT analysis_history.id, analysis_history.user_id, analysis_history.analysis_type, analysis_history.content_preview, analysis_history.threat_level, analysis_history.confidence, analysis_history.features, analysis_history.recommendations, analysis_history.created_at 
FROM analysis_history 
WHERE analysis_history.user_id = ? ORDER BY analysis_history.created_at DESC
 LIMIT ? OFFSET ?]
[parameters: (1, 10, 0)]
(Background on this error at: https://sqlalche.me/e/20/e3q8)
2026-01-30 20:45:23,842 - app.routes.analysis - ERROR - Failed to get history: (sqlite3.OperationalError) no such column: analysis_history.user_id
[SQL: SELECT analysis_history.id, analysis_history.user_id, analysis_history.analysis_type, analysis_history.content_preview, analysis_history.threat_level, analysis_history.confidence, analysis_history.features, analysis_history.recommendations, analysis_history.created_at 
FROM analysis_history 
WHERE analysis_history.user_id = ? ORDER BY analysis_history.created_at DESC
 LIMIT ? OFFSET ?]
[parameters: (1, 10, 0)]
(Background on this error at: https://sqlalche.me/e/20/e3q8)
Traceback (most recent call last):
  File "C:\Users\Vyass\AppData\Roaming\Python\Python313\site-packages\sqlalchemy\engine\base.py", line 1967, in _exec_single_context
    self.dialect.do_execute(
    ~~~~~~~~~~~~~~~~~~~~~~~^
        cursor, str_statement, effective_parameters, context
        ^^^^^^^^^^^^^^^^^^^^^^^^^^^^^^^^^^^^^^^^^^^^^^^^^^^^
    )
    ^
  File "C:\Users\Vyass\AppData\Roaming\Python\Python313\site-packages\sqlalchemy\engine\default.py", line 941, in do_execute
    cursor.execute(statement, parameters)
    ~~~~~~~~~~~~~~^^^^^^^^^^^^^^^^^^^^^^^
  File "C:\Users\Vyass\AppData\Roaming\Python\Python313\site-packages\sqlalchemy\dialects\sqlite\aiosqlite.py", line 147, in execute
    self._adapt_connection._handle_exception(error)
    ~~~~~~~~~~~~~~~~~~~~~~~~~~~~~~~~~~~~~~~~^^^^^^^
  File "C:\Users\Vyass\AppData\Roaming\Python\Python313\site-packages\sqlalchemy\dialects\sqlite\aiosqlite.py", line 298, in _handle_exception
    raise error
  File "C:\Users\Vyass\AppData\Roaming\Python\Python313\site-packages\sqlalchemy\dialects\sqlite\aiosqlite.py", line 129, in execute
    self.await_(_cursor.execute(operation, parameters))
    ~~~~~~~~~~~^^^^^^^^^^^^^^^^^^^^^^^^^^^^^^^^^^^^^^^^
  File "C:\Users\Vyass\AppData\Roaming\Python\Python313\site-packages\sqlalchemy\util\_concurrency_py3k.py", line 132, in await_only
    return current.parent.switch(awaitable)  # type: ignore[no-any-return,attr-defined] # noqa: E501
           ~~~~~~~~~~~~~~~~~~~~~^^^^^^^^^^^
  File "C:\Users\Vyass\AppData\Roaming\Python\Python313\site-packages\sqlalchemy\util\_concurrency_py3k.py", line 196, in greenlet_spawn
    value = await result
            ^^^^^^^^^^^^
  File "C:\Users\Vyass\AppData\Roaming\Python\Python313\site-packages\aiosqlite\cursor.py", line 48, in execute
    await self._execute(self._cursor.execute, sql, parameters)
  File "C:\Users\Vyass\AppData\Roaming\Python\Python313\site-packages\aiosqlite\cursor.py", line 40, in _execute
    return await self._conn._execute(fn, *args, **kwargs)
           ^^^^^^^^^^^^^^^^^^^^^^^^^^^^^^^^^^^^^^^^^^^^^^
  File "C:\Users\Vyass\AppData\Roaming\Python\Python313\site-packages\aiosqlite\core.py", line 132, in _execute
    return await future
           ^^^^^^^^^^^^
  File "C:\Users\Vyass\AppData\Roaming\Python\Python313\site-packages\aiosqlite\core.py", line 115, in run
    result = function()
sqlite3.OperationalError: no such column: analysis_history.user_id

The above exception was the direct cause of the following exception:

Traceback (most recent call last):
  File "C:\Users\Vyass\OneDrive\Desktop\PFE\backend\app\routes\analysis.py", line 216, in get_history
    history = await stats_service.get_recent_analyses(
              ^^^^^^^^^^^^^^^^^^^^^^^^^^^^^^^^^^^^^^^^
    ...<7 lines>...
    )
    ^
  File "C:\Users\Vyass\OneDrive\Desktop\PFE\backend\app\services\stats_service.py", line 128, in get_recent_analyses
    result = await db.execute(query)
             ^^^^^^^^^^^^^^^^^^^^^^^
  File "C:\Users\Vyass\AppData\Roaming\Python\Python313\site-packages\sqlalchemy\ext\asyncio\session.py", line 461, in execute
    result = await greenlet_spawn(
             ^^^^^^^^^^^^^^^^^^^^^
    ...<6 lines>...
    )
    ^
  File "C:\Users\Vyass\AppData\Roaming\Python\Python313\site-packages\sqlalchemy\util\_concurrency_py3k.py", line 201, in greenlet_spawn
    result = context.throw(*sys.exc_info())
  File "C:\Users\Vyass\AppData\Roaming\Python\Python313\site-packages\sqlalchemy\orm\session.py", line 2362, in execute
    return self._execute_internal(
           ~~~~~~~~~~~~~~~~~~~~~~^
        statement,
        ^^^^^^^^^^
    ...<4 lines>...
        _add_event=_add_event,
        ^^^^^^^^^^^^^^^^^^^^^^
    )
    ^
  File "C:\Users\Vyass\AppData\Roaming\Python\Python313\site-packages\sqlalchemy\orm\session.py", line 2247, in _execute_internal
    result: Result[Any] = compile_state_cls.orm_execute_statement(
                          ~~~~~~~~~~~~~~~~~~~~~~~~~~~~~~~~~~~~~~~^
        self,
        ^^^^^
    ...<4 lines>...
        conn,
        ^^^^^
    )
    ^
  File "C:\Users\Vyass\AppData\Roaming\Python\Python313\site-packages\sqlalchemy\orm\context.py", line 305, in orm_execute_statement
    result = conn.execute(
        statement, params or {}, execution_options=execution_options
    )
  File "C:\Users\Vyass\AppData\Roaming\Python\Python313\site-packages\sqlalchemy\engine\base.py", line 1418, in execute
    return meth(
        self,
        distilled_parameters,
        execution_options or NO_OPTIONS,
    )
  File "C:\Users\Vyass\AppData\Roaming\Python\Python313\site-packages\sqlalchemy\sql\elements.py", line 515, in _execute_on_connection
    return connection._execute_clauseelement(
           ~~~~~~~~~~~~~~~~~~~~~~~~~~~~~~~~~^
        self, distilled_params, execution_options
        ^^^^^^^^^^^^^^^^^^^^^^^^^^^^^^^^^^^^^^^^^
    )
    ^
  File "C:\Users\Vyass\AppData\Roaming\Python\Python313\site-packages\sqlalchemy\engine\base.py", line 1640, in _execute_clauseelement
    ret = self._execute_context(
        dialect,
    ...<8 lines>...
        cache_hit=cache_hit,
    )
  File "C:\Users\Vyass\AppData\Roaming\Python\Python313\site-packages\sqlalchemy\engine\base.py", line 1846, in _execute_context
    return self._exec_single_context(
           ~~~~~~~~~~~~~~~~~~~~~~~~~^
        dialect, context, statement, parameters
        ^^^^^^^^^^^^^^^^^^^^^^^^^^^^^^^^^^^^^^^
    )
    ^
  File "C:\Users\Vyass\AppData\Roaming\Python\Python313\site-packages\sqlalchemy\engine\base.py", line 1986, in _exec_single_context
    self._handle_dbapi_exception(
    ~~~~~~~~~~~~~~~~~~~~~~~~~~~~^
        e, str_statement, effective_parameters, cursor, context
        ^^^^^^^^^^^^^^^^^^^^^^^^^^^^^^^^^^^^^^^^^^^^^^^^^^^^^^^
    )
    ^
  File "C:\Users\Vyass\AppData\Roaming\Python\Python313\site-packages\sqlalchemy\engine\base.py", line 2355, in _handle_dbapi_exception
    raise sqlalchemy_exception.with_traceback(exc_info[2]) from e
  File "C:\Users\Vyass\AppData\Roaming\Python\Python313\site-packages\sqlalchemy\engine\base.py", line 1967, in _exec_single_context
    self.dialect.do_execute(
    ~~~~~~~~~~~~~~~~~~~~~~~^
        cursor, str_statement, effective_parameters, context
        ^^^^^^^^^^^^^^^^^^^^^^^^^^^^^^^^^^^^^^^^^^^^^^^^^^^^
    )
    ^
  File "C:\Users\Vyass\AppData\Roaming\Python\Python313\site-packages\sqlalchemy\engine\default.py", line 941, in do_execute
    cursor.execute(statement, parameters)
    ~~~~~~~~~~~~~~^^^^^^^^^^^^^^^^^^^^^^^
  File "C:\Users\Vyass\AppData\Roaming\Python\Python313\site-packages\sqlalchemy\dialects\sqlite\aiosqlite.py", line 147, in execute
    self._adapt_connection._handle_exception(error)
    ~~~~~~~~~~~~~~~~~~~~~~~~~~~~~~~~~~~~~~~~^^^^^^^
  File "C:\Users\Vyass\AppData\Roaming\Python\Python313\site-packages\sqlalchemy\dialects\sqlite\aiosqlite.py", line 298, in _handle_exception
    raise error
  File "C:\Users\Vyass\AppData\Roaming\Python\Python313\site-packages\sqlalchemy\dialects\sqlite\aiosqlite.py", line 129, in execute
    self.await_(_cursor.execute(operation, parameters))
    ~~~~~~~~~~~^^^^^^^^^^^^^^^^^^^^^^^^^^^^^^^^^^^^^^^^
  File "C:\Users\Vyass\AppData\Roaming\Python\Python313\site-packages\sqlalchemy\util\_concurrency_py3k.py", line 132, in await_only
    return current.parent.switch(awaitable)  # type: ignore[no-any-return,attr-defined] # noqa: E501
           ~~~~~~~~~~~~~~~~~~~~~^^^^^^^^^^^
  File "C:\Users\Vyass\AppData\Roaming\Python\Python313\site-packages\sqlalchemy\util\_concurrency_py3k.py", line 196, in greenlet_spawn
    value = await result
            ^^^^^^^^^^^^
  File "C:\Users\Vyass\AppData\Roaming\Python\Python313\site-packages\aiosqlite\cursor.py", line 48, in execute
    await self._execute(self._cursor.execute, sql, parameters)
  File "C:\Users\Vyass\AppData\Roaming\Python\Python313\site-packages\aiosqlite\cursor.py", line 40, in _execute
    return await self._conn._execute(fn, *args, **kwargs)
           ^^^^^^^^^^^^^^^^^^^^^^^^^^^^^^^^^^^^^^^^^^^^^^
  File "C:\Users\Vyass\AppData\Roaming\Python\Python313\site-packages\aiosqlite\core.py", line 132, in _execute
    return await future
           ^^^^^^^^^^^^
  File "C:\Users\Vyass\AppData\Roaming\Python\Python313\site-packages\aiosqlite\core.py", line 115, in run
    result = function()
sqlalchemy.exc.OperationalError: (sqlite3.OperationalError) no such column: analysis_history.user_id
[SQL: SELECT analysis_history.id, analysis_history.user_id, analysis_history.analysis_type, analysis_history.content_preview, analysis_history.threat_level, analysis_history.confidence, analysis_history.features, analysis_history.recommendations, analysis_history.created_at 
FROM analysis_history 
WHERE analysis_history.user_id = ? ORDER BY analysis_history.created_at DESC
 LIMIT ? OFFSET ?]
[parameters: (1, 10, 0)]
(Background on this error at: https://sqlalche.me/e/20/e3q8)
2026-01-30 20:45:53,515 - app.routes.analysis - ERROR - Failed to get history: (sqlite3.OperationalError) no such column: analysis_history.user_id
[SQL: SELECT analysis_history.id, analysis_history.user_id, analysis_history.analysis_type, analysis_history.content_preview, analysis_history.threat_level, analysis_history.confidence, analysis_history.features, analysis_history.recommendations, analysis_history.created_at 
FROM analysis_history 
WHERE analysis_history.user_id = ? ORDER BY analysis_history.created_at DESC
 LIMIT ? OFFSET ?]
[parameters: (1, 10, 0)]
(Background on this error at: https://sqlalche.me/e/20/e3q8)
Traceback (most recent call last):
  File "C:\Users\Vyass\AppData\Roaming\Python\Python313\site-packages\sqlalchemy\engine\base.py", line 1967, in _exec_single_context
    self.dialect.do_execute(
    ~~~~~~~~~~~~~~~~~~~~~~~^
        cursor, str_statement, effective_parameters, context
        ^^^^^^^^^^^^^^^^^^^^^^^^^^^^^^^^^^^^^^^^^^^^^^^^^^^^
    )
    ^
  File "C:\Users\Vyass\AppData\Roaming\Python\Python313\site-packages\sqlalchemy\engine\default.py", line 941, in do_execute
    cursor.execute(statement, parameters)
    ~~~~~~~~~~~~~~^^^^^^^^^^^^^^^^^^^^^^^
  File "C:\Users\Vyass\AppData\Roaming\Python\Python313\site-packages\sqlalchemy\dialects\sqlite\aiosqlite.py", line 147, in execute
    self._adapt_connection._handle_exception(error)
    ~~~~~~~~~~~~~~~~~~~~~~~~~~~~~~~~~~~~~~~~^^^^^^^
  File "C:\Users\Vyass\AppData\Roaming\Python\Python313\site-packages\sqlalchemy\dialects\sqlite\aiosqlite.py", line 298, in _handle_exception
    raise error
  File "C:\Users\Vyass\AppData\Roaming\Python\Python313\site-packages\sqlalchemy\dialects\sqlite\aiosqlite.py", line 129, in execute
    self.await_(_cursor.execute(operation, parameters))
    ~~~~~~~~~~~^^^^^^^^^^^^^^^^^^^^^^^^^^^^^^^^^^^^^^^^
  File "C:\Users\Vyass\AppData\Roaming\Python\Python313\site-packages\sqlalchemy\util\_concurrency_py3k.py", line 132, in await_only
    return current.parent.switch(awaitable)  # type: ignore[no-any-return,attr-defined] # noqa: E501
           ~~~~~~~~~~~~~~~~~~~~~^^^^^^^^^^^
  File "C:\Users\Vyass\AppData\Roaming\Python\Python313\site-packages\sqlalchemy\util\_concurrency_py3k.py", line 196, in greenlet_spawn
    value = await result
            ^^^^^^^^^^^^
  File "C:\Users\Vyass\AppData\Roaming\Python\Python313\site-packages\aiosqlite\cursor.py", line 48, in execute
    await self._execute(self._cursor.execute, sql, parameters)
  File "C:\Users\Vyass\AppData\Roaming\Python\Python313\site-packages\aiosqlite\cursor.py", line 40, in _execute
    return await self._conn._execute(fn, *args, **kwargs)
           ^^^^^^^^^^^^^^^^^^^^^^^^^^^^^^^^^^^^^^^^^^^^^^
  File "C:\Users\Vyass\AppData\Roaming\Python\Python313\site-packages\aiosqlite\core.py", line 132, in _execute
    return await future
           ^^^^^^^^^^^^
  File "C:\Users\Vyass\AppData\Roaming\Python\Python313\site-packages\aiosqlite\core.py", line 115, in run
    result = function()
sqlite3.OperationalError: no such column: analysis_history.user_id

The above exception was the direct cause of the following exception:

Traceback (most recent call last):
  File "C:\Users\Vyass\OneDrive\Desktop\PFE\backend\app\routes\analysis.py", line 216, in get_history
    history = await stats_service.get_recent_analyses(
              ^^^^^^^^^^^^^^^^^^^^^^^^^^^^^^^^^^^^^^^^
    ...<7 lines>...
    )
    ^
  File "C:\Users\Vyass\OneDrive\Desktop\PFE\backend\app\services\stats_service.py", line 128, in get_recent_analyses
    result = await db.execute(query)
             ^^^^^^^^^^^^^^^^^^^^^^^
  File "C:\Users\Vyass\AppData\Roaming\Python\Python313\site-packages\sqlalchemy\ext\asyncio\session.py", line 461, in execute
    result = await greenlet_spawn(
             ^^^^^^^^^^^^^^^^^^^^^
    ...<6 lines>...
    )
    ^
  File "C:\Users\Vyass\AppData\Roaming\Python\Python313\site-packages\sqlalchemy\util\_concurrency_py3k.py", line 201, in greenlet_spawn
    result = context.throw(*sys.exc_info())
  File "C:\Users\Vyass\AppData\Roaming\Python\Python313\site-packages\sqlalchemy\orm\session.py", line 2362, in execute
    return self._execute_internal(
           ~~~~~~~~~~~~~~~~~~~~~~^
        statement,
        ^^^^^^^^^^
    ...<4 lines>...
        _add_event=_add_event,
        ^^^^^^^^^^^^^^^^^^^^^^
    )
    ^
  File "C:\Users\Vyass\AppData\Roaming\Python\Python313\site-packages\sqlalchemy\orm\session.py", line 2247, in _execute_internal
    result: Result[Any] = compile_state_cls.orm_execute_statement(
                          ~~~~~~~~~~~~~~~~~~~~~~~~~~~~~~~~~~~~~~~^
        self,
        ^^^^^
    ...<4 lines>...
        conn,
        ^^^^^
    )
    ^
  File "C:\Users\Vyass\AppData\Roaming\Python\Python313\site-packages\sqlalchemy\orm\context.py", line 305, in orm_execute_statement
    result = conn.execute(
        statement, params or {}, execution_options=execution_options
    )
  File "C:\Users\Vyass\AppData\Roaming\Python\Python313\site-packages\sqlalchemy\engine\base.py", line 1418, in execute
    return meth(
        self,
        distilled_parameters,
        execution_options or NO_OPTIONS,
    )
  File "C:\Users\Vyass\AppData\Roaming\Python\Python313\site-packages\sqlalchemy\sql\elements.py", line 515, in _execute_on_connection
    return connection._execute_clauseelement(
           ~~~~~~~~~~~~~~~~~~~~~~~~~~~~~~~~~^
        self, distilled_params, execution_options
        ^^^^^^^^^^^^^^^^^^^^^^^^^^^^^^^^^^^^^^^^^
    )
    ^
  File "C:\Users\Vyass\AppData\Roaming\Python\Python313\site-packages\sqlalchemy\engine\base.py", line 1640, in _execute_clauseelement
    ret = self._execute_context(
        dialect,
    ...<8 lines>...
        cache_hit=cache_hit,
    )
  File "C:\Users\Vyass\AppData\Roaming\Python\Python313\site-packages\sqlalchemy\engine\base.py", line 1846, in _execute_context
    return self._exec_single_context(
           ~~~~~~~~~~~~~~~~~~~~~~~~~^
        dialect, context, statement, parameters
        ^^^^^^^^^^^^^^^^^^^^^^^^^^^^^^^^^^^^^^^
    )
    ^
  File "C:\Users\Vyass\AppData\Roaming\Python\Python313\site-packages\sqlalchemy\engine\base.py", line 1986, in _exec_single_context
    self._handle_dbapi_exception(
    ~~~~~~~~~~~~~~~~~~~~~~~~~~~~^
        e, str_statement, effective_parameters, cursor, context
        ^^^^^^^^^^^^^^^^^^^^^^^^^^^^^^^^^^^^^^^^^^^^^^^^^^^^^^^
    )
    ^
  File "C:\Users\Vyass\AppData\Roaming\Python\Python313\site-packages\sqlalchemy\engine\base.py", line 2355, in _handle_dbapi_exception
    raise sqlalchemy_exception.with_traceback(exc_info[2]) from e
  File "C:\Users\Vyass\AppData\Roaming\Python\Python313\site-packages\sqlalchemy\engine\base.py", line 1967, in _exec_single_context
    self.dialect.do_execute(
    ~~~~~~~~~~~~~~~~~~~~~~~^
        cursor, str_statement, effective_parameters, context
        ^^^^^^^^^^^^^^^^^^^^^^^^^^^^^^^^^^^^^^^^^^^^^^^^^^^^
    )
    ^
  File "C:\Users\Vyass\AppData\Roaming\Python\Python313\site-packages\sqlalchemy\engine\default.py", line 941, in do_execute
    cursor.execute(statement, parameters)
    ~~~~~~~~~~~~~~^^^^^^^^^^^^^^^^^^^^^^^
  File "C:\Users\Vyass\AppData\Roaming\Python\Python313\site-packages\sqlalchemy\dialects\sqlite\aiosqlite.py", line 147, in execute
    self._adapt_connection._handle_exception(error)
    ~~~~~~~~~~~~~~~~~~~~~~~~~~~~~~~~~~~~~~~~^^^^^^^
  File "C:\Users\Vyass\AppData\Roaming\Python\Python313\site-packages\sqlalchemy\dialects\sqlite\aiosqlite.py", line 298, in _handle_exception
    raise error
  File "C:\Users\Vyass\AppData\Roaming\Python\Python313\site-packages\sqlalchemy\dialects\sqlite\aiosqlite.py", line 129, in execute
    self.await_(_cursor.execute(operation, parameters))
    ~~~~~~~~~~~^^^^^^^^^^^^^^^^^^^^^^^^^^^^^^^^^^^^^^^^
  File "C:\Users\Vyass\AppData\Roaming\Python\Python313\site-packages\sqlalchemy\util\_concurrency_py3k.py", line 132, in await_only
    return current.parent.switch(awaitable)  # type: ignore[no-any-return,attr-defined] # noqa: E501
           ~~~~~~~~~~~~~~~~~~~~~^^^^^^^^^^^
  File "C:\Users\Vyass\AppData\Roaming\Python\Python313\site-packages\sqlalchemy\util\_concurrency_py3k.py", line 196, in greenlet_spawn
    value = await result
            ^^^^^^^^^^^^
  File "C:\Users\Vyass\AppData\Roaming\Python\Python313\site-packages\aiosqlite\cursor.py", line 48, in execute
    await self._execute(self._cursor.execute, sql, parameters)
  File "C:\Users\Vyass\AppData\Roaming\Python\Python313\site-packages\aiosqlite\cursor.py", line 40, in _execute
    return await self._conn._execute(fn, *args, **kwargs)
           ^^^^^^^^^^^^^^^^^^^^^^^^^^^^^^^^^^^^^^^^^^^^^^
  File "C:\Users\Vyass\AppData\Roaming\Python\Python313\site-packages\aiosqlite\core.py", line 132, in _execute
    return await future
           ^^^^^^^^^^^^
  File "C:\Users\Vyass\AppData\Roaming\Python\Python313\site-packages\aiosqlite\core.py", line 115, in run
    result = function()
sqlalchemy.exc.OperationalError: (sqlite3.OperationalError) no such column: analysis_history.user_id
[SQL: SELECT analysis_history.id, analysis_history.user_id, analysis_history.analysis_type, analysis_history.content_preview, analysis_history.threat_level, analysis_history.confidence, analysis_history.features, analysis_history.recommendations, analysis_history.created_at 
FROM analysis_history 
WHERE analysis_history.user_id = ? ORDER BY analysis_history.created_at DESC
 LIMIT ? OFFSET ?]
[parameters: (1, 10, 0)]
(Background on this error at: https://sqlalche.me/e/20/e3q8)
2026-01-30 20:46:23,517 - app.routes.analysis - ERROR - Failed to get history: (sqlite3.OperationalError) no such column: analysis_history.user_id
[SQL: SELECT analysis_history.id, analysis_history.user_id, analysis_history.analysis_type, analysis_history.content_preview, analysis_history.threat_level, analysis_history.confidence, analysis_history.features, analysis_history.recommendations, analysis_history.created_at 
FROM analysis_history 
WHERE analysis_history.user_id = ? ORDER BY analysis_history.created_at DESC
 LIMIT ? OFFSET ?]
[parameters: (1, 10, 0)]
(Background on this error at: https://sqlalche.me/e/20/e3q8)
Traceback (most recent call last):
  File "C:\Users\Vyass\AppData\Roaming\Python\Python313\site-packages\sqlalchemy\engine\base.py", line 1967, in _exec_single_context
    self.dialect.do_execute(
    ~~~~~~~~~~~~~~~~~~~~~~~^
        cursor, str_statement, effective_parameters, context
        ^^^^^^^^^^^^^^^^^^^^^^^^^^^^^^^^^^^^^^^^^^^^^^^^^^^^
    )
    ^
  File "C:\Users\Vyass\AppData\Roaming\Python\Python313\site-packages\sqlalchemy\engine\default.py", line 941, in do_execute
    cursor.execute(statement, parameters)
    ~~~~~~~~~~~~~~^^^^^^^^^^^^^^^^^^^^^^^
  File "C:\Users\Vyass\AppData\Roaming\Python\Python313\site-packages\sqlalchemy\dialects\sqlite\aiosqlite.py", line 147, in execute
    self._adapt_connection._handle_exception(error)
    ~~~~~~~~~~~~~~~~~~~~~~~~~~~~~~~~~~~~~~~~^^^^^^^
  File "C:\Users\Vyass\AppData\Roaming\Python\Python313\site-packages\sqlalchemy\dialects\sqlite\aiosqlite.py", line 298, in _handle_exception
    raise error
  File "C:\Users\Vyass\AppData\Roaming\Python\Python313\site-packages\sqlalchemy\dialects\sqlite\aiosqlite.py", line 129, in execute
    self.await_(_cursor.execute(operation, parameters))
    ~~~~~~~~~~~^^^^^^^^^^^^^^^^^^^^^^^^^^^^^^^^^^^^^^^^
  File "C:\Users\Vyass\AppData\Roaming\Python\Python313\site-packages\sqlalchemy\util\_concurrency_py3k.py", line 132, in await_only
    return current.parent.switch(awaitable)  # type: ignore[no-any-return,attr-defined] # noqa: E501
           ~~~~~~~~~~~~~~~~~~~~~^^^^^^^^^^^
  File "C:\Users\Vyass\AppData\Roaming\Python\Python313\site-packages\sqlalchemy\util\_concurrency_py3k.py", line 196, in greenlet_spawn
    value = await result
            ^^^^^^^^^^^^
  File "C:\Users\Vyass\AppData\Roaming\Python\Python313\site-packages\aiosqlite\cursor.py", line 48, in execute
    await self._execute(self._cursor.execute, sql, parameters)
  File "C:\Users\Vyass\AppData\Roaming\Python\Python313\site-packages\aiosqlite\cursor.py", line 40, in _execute
    return await self._conn._execute(fn, *args, **kwargs)
           ^^^^^^^^^^^^^^^^^^^^^^^^^^^^^^^^^^^^^^^^^^^^^^
  File "C:\Users\Vyass\AppData\Roaming\Python\Python313\site-packages\aiosqlite\core.py", line 132, in _execute
    return await future
           ^^^^^^^^^^^^
  File "C:\Users\Vyass\AppData\Roaming\Python\Python313\site-packages\aiosqlite\core.py", line 115, in run
    result = function()
sqlite3.OperationalError: no such column: analysis_history.user_id

The above exception was the direct cause of the following exception:

Traceback (most recent call last):
  File "C:\Users\Vyass\OneDrive\Desktop\PFE\backend\app\routes\analysis.py", line 216, in get_history
    history = await stats_service.get_recent_analyses(
              ^^^^^^^^^^^^^^^^^^^^^^^^^^^^^^^^^^^^^^^^
    ...<7 lines>...
    )
    ^
  File "C:\Users\Vyass\OneDrive\Desktop\PFE\backend\app\services\stats_service.py", line 128, in get_recent_analyses
    result = await db.execute(query)
             ^^^^^^^^^^^^^^^^^^^^^^^
  File "C:\Users\Vyass\AppData\Roaming\Python\Python313\site-packages\sqlalchemy\ext\asyncio\session.py", line 461, in execute
    result = await greenlet_spawn(
             ^^^^^^^^^^^^^^^^^^^^^
    ...<6 lines>...
    )
    ^
  File "C:\Users\Vyass\AppData\Roaming\Python\Python313\site-packages\sqlalchemy\util\_concurrency_py3k.py", line 201, in greenlet_spawn
    result = context.throw(*sys.exc_info())
  File "C:\Users\Vyass\AppData\Roaming\Python\Python313\site-packages\sqlalchemy\orm\session.py", line 2362, in execute
    return self._execute_internal(
           ~~~~~~~~~~~~~~~~~~~~~~^
        statement,
        ^^^^^^^^^^
    ...<4 lines>...
        _add_event=_add_event,
        ^^^^^^^^^^^^^^^^^^^^^^
    )
    ^
  File "C:\Users\Vyass\AppData\Roaming\Python\Python313\site-packages\sqlalchemy\orm\session.py", line 2247, in _execute_internal
    result: Result[Any] = compile_state_cls.orm_execute_statement(
                          ~~~~~~~~~~~~~~~~~~~~~~~~~~~~~~~~~~~~~~~^
        self,
        ^^^^^
    ...<4 lines>...
        conn,
        ^^^^^
    )
    ^
  File "C:\Users\Vyass\AppData\Roaming\Python\Python313\site-packages\sqlalchemy\orm\context.py", line 305, in orm_execute_statement
    result = conn.execute(
        statement, params or {}, execution_options=execution_options
    )
  File "C:\Users\Vyass\AppData\Roaming\Python\Python313\site-packages\sqlalchemy\engine\base.py", line 1418, in execute
    return meth(
        self,
        distilled_parameters,
        execution_options or NO_OPTIONS,
    )
  File "C:\Users\Vyass\AppData\Roaming\Python\Python313\site-packages\sqlalchemy\sql\elements.py", line 515, in _execute_on_connection
    return connection._execute_clauseelement(
           ~~~~~~~~~~~~~~~~~~~~~~~~~~~~~~~~~^
        self, distilled_params, execution_options
        ^^^^^^^^^^^^^^^^^^^^^^^^^^^^^^^^^^^^^^^^^
    )
    ^
  File "C:\Users\Vyass\AppData\Roaming\Python\Python313\site-packages\sqlalchemy\engine\base.py", line 1640, in _execute_clauseelement
    ret = self._execute_context(
        dialect,
    ...<8 lines>...
        cache_hit=cache_hit,
    )
  File "C:\Users\Vyass\AppData\Roaming\Python\Python313\site-packages\sqlalchemy\engine\base.py", line 1846, in _execute_context
    return self._exec_single_context(
           ~~~~~~~~~~~~~~~~~~~~~~~~~^
        dialect, context, statement, parameters
        ^^^^^^^^^^^^^^^^^^^^^^^^^^^^^^^^^^^^^^^
    )
    ^
  File "C:\Users\Vyass\AppData\Roaming\Python\Python313\site-packages\sqlalchemy\engine\base.py", line 1986, in _exec_single_context
    self._handle_dbapi_exception(
    ~~~~~~~~~~~~~~~~~~~~~~~~~~~~^
        e, str_statement, effective_parameters, cursor, context
        ^^^^^^^^^^^^^^^^^^^^^^^^^^^^^^^^^^^^^^^^^^^^^^^^^^^^^^^
    )
    ^
  File "C:\Users\Vyass\AppData\Roaming\Python\Python313\site-packages\sqlalchemy\engine\base.py", line 2355, in _handle_dbapi_exception
    raise sqlalchemy_exception.with_traceback(exc_info[2]) from e
  File "C:\Users\Vyass\AppData\Roaming\Python\Python313\site-packages\sqlalchemy\engine\base.py", line 1967, in _exec_single_context
    self.dialect.do_execute(
    ~~~~~~~~~~~~~~~~~~~~~~~^
        cursor, str_statement, effective_parameters, context
        ^^^^^^^^^^^^^^^^^^^^^^^^^^^^^^^^^^^^^^^^^^^^^^^^^^^^
    )
    ^
  File "C:\Users\Vyass\AppData\Roaming\Python\Python313\site-packages\sqlalchemy\engine\default.py", line 941, in do_execute
    cursor.execute(statement, parameters)
    ~~~~~~~~~~~~~~^^^^^^^^^^^^^^^^^^^^^^^
  File "C:\Users\Vyass\AppData\Roaming\Python\Python313\site-packages\sqlalchemy\dialects\sqlite\aiosqlite.py", line 147, in execute
    self._adapt_connection._handle_exception(error)
    ~~~~~~~~~~~~~~~~~~~~~~~~~~~~~~~~~~~~~~~~^^^^^^^
  File "C:\Users\Vyass\AppData\Roaming\Python\Python313\site-packages\sqlalchemy\dialects\sqlite\aiosqlite.py", line 298, in _handle_exception
    raise error
  File "C:\Users\Vyass\AppData\Roaming\Python\Python313\site-packages\sqlalchemy\dialects\sqlite\aiosqlite.py", line 129, in execute
    self.await_(_cursor.execute(operation, parameters))
    ~~~~~~~~~~~^^^^^^^^^^^^^^^^^^^^^^^^^^^^^^^^^^^^^^^^
  File "C:\Users\Vyass\AppData\Roaming\Python\Python313\site-packages\sqlalchemy\util\_concurrency_py3k.py", line 132, in await_only
    return current.parent.switch(awaitable)  # type: ignore[no-any-return,attr-defined] # noqa: E501
           ~~~~~~~~~~~~~~~~~~~~~^^^^^^^^^^^
  File "C:\Users\Vyass\AppData\Roaming\Python\Python313\site-packages\sqlalchemy\util\_concurrency_py3k.py", line 196, in greenlet_spawn
    value = await result
            ^^^^^^^^^^^^
  File "C:\Users\Vyass\AppData\Roaming\Python\Python313\site-packages\aiosqlite\cursor.py", line 48, in execute
    await self._execute(self._cursor.execute, sql, parameters)
  File "C:\Users\Vyass\AppData\Roaming\Python\Python313\site-packages\aiosqlite\cursor.py", line 40, in _execute
    return await self._conn._execute(fn, *args, **kwargs)
           ^^^^^^^^^^^^^^^^^^^^^^^^^^^^^^^^^^^^^^^^^^^^^^
  File "C:\Users\Vyass\AppData\Roaming\Python\Python313\site-packages\aiosqlite\core.py", line 132, in _execute
    return await future
           ^^^^^^^^^^^^
  File "C:\Users\Vyass\AppData\Roaming\Python\Python313\site-packages\aiosqlite\core.py", line 115, in run
    result = function()
sqlalchemy.exc.OperationalError: (sqlite3.OperationalError) no such column: analysis_history.user_id
[SQL: SELECT analysis_history.id, analysis_history.user_id, analysis_history.analysis_type, analysis_history.content_preview, analysis_history.threat_level, analysis_history.confidence, analysis_history.features, analysis_history.recommendations, analysis_history.created_at 
FROM analysis_history 
WHERE analysis_history.user_id = ? ORDER BY analysis_history.created_at DESC
 LIMIT ? OFFSET ?]
[parameters: (1, 10, 0)]
(Background on this error at: https://sqlalche.me/e/20/e3q8)
2026-01-30 20:46:53,507 - app.routes.analysis - ERROR - Failed to get statistics: (sqlite3.OperationalError) no such table: statistics
[SQL: SELECT statistics.id, statistics.total_analyses, statistics.threats_detected, statistics.emails_analyzed, statistics.urls_analyzed, statistics.last_updated 
FROM statistics
 LIMIT ? OFFSET ?]
[parameters: (1, 0)]
(Background on this error at: https://sqlalche.me/e/20/e3q8)
Traceback (most recent call last):
  File "C:\Users\Vyass\AppData\Roaming\Python\Python313\site-packages\sqlalchemy\engine\base.py", line 1967, in _exec_single_context
    self.dialect.do_execute(
    ~~~~~~~~~~~~~~~~~~~~~~~^
        cursor, str_statement, effective_parameters, context
        ^^^^^^^^^^^^^^^^^^^^^^^^^^^^^^^^^^^^^^^^^^^^^^^^^^^^
    )
    ^
  File "C:\Users\Vyass\AppData\Roaming\Python\Python313\site-packages\sqlalchemy\engine\default.py", line 941, in do_execute
    cursor.execute(statement, parameters)
    ~~~~~~~~~~~~~~^^^^^^^^^^^^^^^^^^^^^^^
  File "C:\Users\Vyass\AppData\Roaming\Python\Python313\site-packages\sqlalchemy\dialects\sqlite\aiosqlite.py", line 147, in execute
    self._adapt_connection._handle_exception(error)
    ~~~~~~~~~~~~~~~~~~~~~~~~~~~~~~~~~~~~~~~~^^^^^^^
  File "C:\Users\Vyass\AppData\Roaming\Python\Python313\site-packages\sqlalchemy\dialects\sqlite\aiosqlite.py", line 298, in _handle_exception
    raise error
  File "C:\Users\Vyass\AppData\Roaming\Python\Python313\site-packages\sqlalchemy\dialects\sqlite\aiosqlite.py", line 129, in execute
    self.await_(_cursor.execute(operation, parameters))
    ~~~~~~~~~~~^^^^^^^^^^^^^^^^^^^^^^^^^^^^^^^^^^^^^^^^
  File "C:\Users\Vyass\AppData\Roaming\Python\Python313\site-packages\sqlalchemy\util\_concurrency_py3k.py", line 132, in await_only
    return current.parent.switch(awaitable)  # type: ignore[no-any-return,attr-defined] # noqa: E501
           ~~~~~~~~~~~~~~~~~~~~~^^^^^^^^^^^
  File "C:\Users\Vyass\AppData\Roaming\Python\Python313\site-packages\sqlalchemy\util\_concurrency_py3k.py", line 196, in greenlet_spawn
    value = await result
            ^^^^^^^^^^^^
  File "C:\Users\Vyass\AppData\Roaming\Python\Python313\site-packages\aiosqlite\cursor.py", line 48, in execute
    await self._execute(self._cursor.execute, sql, parameters)
  File "C:\Users\Vyass\AppData\Roaming\Python\Python313\site-packages\aiosqlite\cursor.py", line 40, in _execute
    return await self._conn._execute(fn, *args, **kwargs)
           ^^^^^^^^^^^^^^^^^^^^^^^^^^^^^^^^^^^^^^^^^^^^^^
  File "C:\Users\Vyass\AppData\Roaming\Python\Python313\site-packages\aiosqlite\core.py", line 132, in _execute
    return await future
           ^^^^^^^^^^^^
  File "C:\Users\Vyass\AppData\Roaming\Python\Python313\site-packages\aiosqlite\core.py", line 115, in run
    result = function()
sqlite3.OperationalError: no such table: statistics

The above exception was the direct cause of the following exception:

Traceback (most recent call last):
  File "C:\Users\Vyass\OneDrive\Desktop\PFE\backend\app\routes\analysis.py", line 142, in get_stats
    stats = await stats_service.get_statistics(db)
            ^^^^^^^^^^^^^^^^^^^^^^^^^^^^^^^^^^^^^^
  File "C:\Users\Vyass\OneDrive\Desktop\PFE\backend\app\services\stats_service.py", line 77, in get_statistics
    result = await db.execute(select(Statistics).limit(1))
             ^^^^^^^^^^^^^^^^^^^^^^^^^^^^^^^^^^^^^^^^^^^^^
  File "C:\Users\Vyass\AppData\Roaming\Python\Python313\site-packages\sqlalchemy\ext\asyncio\session.py", line 461, in execute
    result = await greenlet_spawn(
             ^^^^^^^^^^^^^^^^^^^^^
    ...<6 lines>...
    )
    ^
  File "C:\Users\Vyass\AppData\Roaming\Python\Python313\site-packages\sqlalchemy\util\_concurrency_py3k.py", line 201, in greenlet_spawn
    result = context.throw(*sys.exc_info())
  File "C:\Users\Vyass\AppData\Roaming\Python\Python313\site-packages\sqlalchemy\orm\session.py", line 2362, in execute
    return self._execute_internal(
           ~~~~~~~~~~~~~~~~~~~~~~^
        statement,
        ^^^^^^^^^^
    ...<4 lines>...
        _add_event=_add_event,
        ^^^^^^^^^^^^^^^^^^^^^^
    )
    ^
  File "C:\Users\Vyass\AppData\Roaming\Python\Python313\site-packages\sqlalchemy\orm\session.py", line 2247, in _execute_internal
    result: Result[Any] = compile_state_cls.orm_execute_statement(
                          ~~~~~~~~~~~~~~~~~~~~~~~~~~~~~~~~~~~~~~~^
        self,
        ^^^^^
    ...<4 lines>...
        conn,
        ^^^^^
    )
    ^
  File "C:\Users\Vyass\AppData\Roaming\Python\Python313\site-packages\sqlalchemy\orm\context.py", line 305, in orm_execute_statement
    result = conn.execute(
        statement, params or {}, execution_options=execution_options
    )
  File "C:\Users\Vyass\AppData\Roaming\Python\Python313\site-packages\sqlalchemy\engine\base.py", line 1418, in execute
    return meth(
        self,
        distilled_parameters,
        execution_options or NO_OPTIONS,
    )
  File "C:\Users\Vyass\AppData\Roaming\Python\Python313\site-packages\sqlalchemy\sql\elements.py", line 515, in _execute_on_connection
    return connection._execute_clauseelement(
           ~~~~~~~~~~~~~~~~~~~~~~~~~~~~~~~~~^
        self, distilled_params, execution_options
        ^^^^^^^^^^^^^^^^^^^^^^^^^^^^^^^^^^^^^^^^^
    )
    ^
  File "C:\Users\Vyass\AppData\Roaming\Python\Python313\site-packages\sqlalchemy\engine\base.py", line 1640, in _execute_clauseelement
    ret = self._execute_context(
        dialect,
    ...<8 lines>...
        cache_hit=cache_hit,
    )
  File "C:\Users\Vyass\AppData\Roaming\Python\Python313\site-packages\sqlalchemy\engine\base.py", line 1846, in _execute_context
    return self._exec_single_context(
           ~~~~~~~~~~~~~~~~~~~~~~~~~^
        dialect, context, statement, parameters
        ^^^^^^^^^^^^^^^^^^^^^^^^^^^^^^^^^^^^^^^
    )
    ^
  File "C:\Users\Vyass\AppData\Roaming\Python\Python313\site-packages\sqlalchemy\engine\base.py", line 1986, in _exec_single_context
    self._handle_dbapi_exception(
    ~~~~~~~~~~~~~~~~~~~~~~~~~~~~^
        e, str_statement, effective_parameters, cursor, context
        ^^^^^^^^^^^^^^^^^^^^^^^^^^^^^^^^^^^^^^^^^^^^^^^^^^^^^^^
    )
    ^
  File "C:\Users\Vyass\AppData\Roaming\Python\Python313\site-packages\sqlalchemy\engine\base.py", line 2355, in _handle_dbapi_exception
    raise sqlalchemy_exception.with_traceback(exc_info[2]) from e
  File "C:\Users\Vyass\AppData\Roaming\Python\Python313\site-packages\sqlalchemy\engine\base.py", line 1967, in _exec_single_context
    self.dialect.do_execute(
    ~~~~~~~~~~~~~~~~~~~~~~~^
        cursor, str_statement, effective_parameters, context
        ^^^^^^^^^^^^^^^^^^^^^^^^^^^^^^^^^^^^^^^^^^^^^^^^^^^^
    )
    ^
  File "C:\Users\Vyass\AppData\Roaming\Python\Python313\site-packages\sqlalchemy\engine\default.py", line 941, in do_execute
    cursor.execute(statement, parameters)
    ~~~~~~~~~~~~~~^^^^^^^^^^^^^^^^^^^^^^^
  File "C:\Users\Vyass\AppData\Roaming\Python\Python313\site-packages\sqlalchemy\dialects\sqlite\aiosqlite.py", line 147, in execute
    self._adapt_connection._handle_exception(error)
    ~~~~~~~~~~~~~~~~~~~~~~~~~~~~~~~~~~~~~~~~^^^^^^^
  File "C:\Users\Vyass\AppData\Roaming\Python\Python313\site-packages\sqlalchemy\dialects\sqlite\aiosqlite.py", line 298, in _handle_exception
    raise error
  File "C:\Users\Vyass\AppData\Roaming\Python\Python313\site-packages\sqlalchemy\dialects\sqlite\aiosqlite.py", line 129, in execute
    self.await_(_cursor.execute(operation, parameters))
    ~~~~~~~~~~~^^^^^^^^^^^^^^^^^^^^^^^^^^^^^^^^^^^^^^^^
  File "C:\Users\Vyass\AppData\Roaming\Python\Python313\site-packages\sqlalchemy\util\_concurrency_py3k.py", line 132, in await_only
    return current.parent.switch(awaitable)  # type: ignore[no-any-return,attr-defined] # noqa: E501
           ~~~~~~~~~~~~~~~~~~~~~^^^^^^^^^^^
  File "C:\Users\Vyass\AppData\Roaming\Python\Python313\site-packages\sqlalchemy\util\_concurrency_py3k.py", line 196, in greenlet_spawn
    value = await result
            ^^^^^^^^^^^^
  File "C:\Users\Vyass\AppData\Roaming\Python\Python313\site-packages\aiosqlite\cursor.py", line 48, in execute
    await self._execute(self._cursor.execute, sql, parameters)
  File "C:\Users\Vyass\AppData\Roaming\Python\Python313\site-packages\aiosqlite\cursor.py", line 40, in _execute
    return await self._conn._execute(fn, *args, **kwargs)
           ^^^^^^^^^^^^^^^^^^^^^^^^^^^^^^^^^^^^^^^^^^^^^^
  File "C:\Users\Vyass\AppData\Roaming\Python\Python313\site-packages\aiosqlite\core.py", line 132, in _execute
    return await future
           ^^^^^^^^^^^^
  File "C:\Users\Vyass\AppData\Roaming\Python\Python313\site-packages\aiosqlite\core.py", line 115, in run
    result = function()
sqlalchemy.exc.OperationalError: (sqlite3.OperationalError) no such table: statistics
[SQL: SELECT statistics.id, statistics.total_analyses, statistics.threats_detected, statistics.emails_analyzed, statistics.urls_analyzed, statistics.last_updated 
FROM statistics
 LIMIT ? OFFSET ?]
[parameters: (1, 0)]
(Background on this error at: https://sqlalche.me/e/20/e3q8)
2026-01-30 20:46:53,810 - app.routes.analysis - ERROR - Failed to get threat distribution: (sqlite3.OperationalError) no such table: analysis_history
[SQL: SELECT analysis_history.threat_level, count(analysis_history.id) AS count 
FROM analysis_history GROUP BY analysis_history.threat_level]
(Background on this error at: https://sqlalche.me/e/20/e3q8)
Traceback (most recent call last):
  File "C:\Users\Vyass\AppData\Roaming\Python\Python313\site-packages\sqlalchemy\engine\base.py", line 1967, in _exec_single_context
    self.dialect.do_execute(
    ~~~~~~~~~~~~~~~~~~~~~~~^
        cursor, str_statement, effective_parameters, context
        ^^^^^^^^^^^^^^^^^^^^^^^^^^^^^^^^^^^^^^^^^^^^^^^^^^^^
    )
    ^
  File "C:\Users\Vyass\AppData\Roaming\Python\Python313\site-packages\sqlalchemy\engine\default.py", line 941, in do_execute
    cursor.execute(statement, parameters)
    ~~~~~~~~~~~~~~^^^^^^^^^^^^^^^^^^^^^^^
  File "C:\Users\Vyass\AppData\Roaming\Python\Python313\site-packages\sqlalchemy\dialects\sqlite\aiosqlite.py", line 147, in execute
    self._adapt_connection._handle_exception(error)
    ~~~~~~~~~~~~~~~~~~~~~~~~~~~~~~~~~~~~~~~~^^^^^^^
  File "C:\Users\Vyass\AppData\Roaming\Python\Python313\site-packages\sqlalchemy\dialects\sqlite\aiosqlite.py", line 298, in _handle_exception
    raise error
  File "C:\Users\Vyass\AppData\Roaming\Python\Python313\site-packages\sqlalchemy\dialects\sqlite\aiosqlite.py", line 129, in execute
    self.await_(_cursor.execute(operation, parameters))
    ~~~~~~~~~~~^^^^^^^^^^^^^^^^^^^^^^^^^^^^^^^^^^^^^^^^
  File "C:\Users\Vyass\AppData\Roaming\Python\Python313\site-packages\sqlalchemy\util\_concurrency_py3k.py", line 132, in await_only
    return current.parent.switch(awaitable)  # type: ignore[no-any-return,attr-defined] # noqa: E501
           ~~~~~~~~~~~~~~~~~~~~~^^^^^^^^^^^
  File "C:\Users\Vyass\AppData\Roaming\Python\Python313\site-packages\sqlalchemy\util\_concurrency_py3k.py", line 196, in greenlet_spawn
    value = await result
            ^^^^^^^^^^^^
  File "C:\Users\Vyass\AppData\Roaming\Python\Python313\site-packages\aiosqlite\cursor.py", line 48, in execute
    await self._execute(self._cursor.execute, sql, parameters)
  File "C:\Users\Vyass\AppData\Roaming\Python\Python313\site-packages\aiosqlite\cursor.py", line 40, in _execute
    return await self._conn._execute(fn, *args, **kwargs)
           ^^^^^^^^^^^^^^^^^^^^^^^^^^^^^^^^^^^^^^^^^^^^^^
  File "C:\Users\Vyass\AppData\Roaming\Python\Python313\site-packages\aiosqlite\core.py", line 132, in _execute
    return await future
           ^^^^^^^^^^^^
  File "C:\Users\Vyass\AppData\Roaming\Python\Python313\site-packages\aiosqlite\core.py", line 115, in run
    result = function()
sqlite3.OperationalError: no such table: analysis_history

The above exception was the direct cause of the following exception:

Traceback (most recent call last):
  File "C:\Users\Vyass\OneDrive\Desktop\PFE\backend\app\routes\analysis.py", line 239, in get_threat_distribution
    distribution = await stats_service.get_threat_distribution(db)
                   ^^^^^^^^^^^^^^^^^^^^^^^^^^^^^^^^^^^^^^^^^^^^^^^
  File "C:\Users\Vyass\OneDrive\Desktop\PFE\backend\app\services\stats_service.py", line 148, in get_threat_distribution
    result = await db.execute(
             ^^^^^^^^^^^^^^^^^
    ...<5 lines>...
    )
    ^
  File "C:\Users\Vyass\AppData\Roaming\Python\Python313\site-packages\sqlalchemy\ext\asyncio\session.py", line 461, in execute
    result = await greenlet_spawn(
             ^^^^^^^^^^^^^^^^^^^^^
    ...<6 lines>...
    )
    ^
  File "C:\Users\Vyass\AppData\Roaming\Python\Python313\site-packages\sqlalchemy\util\_concurrency_py3k.py", line 201, in greenlet_spawn
    result = context.throw(*sys.exc_info())
  File "C:\Users\Vyass\AppData\Roaming\Python\Python313\site-packages\sqlalchemy\orm\session.py", line 2362, in execute
    return self._execute_internal(
           ~~~~~~~~~~~~~~~~~~~~~~^
        statement,
        ^^^^^^^^^^
    ...<4 lines>...
        _add_event=_add_event,
        ^^^^^^^^^^^^^^^^^^^^^^
    )
    ^
  File "C:\Users\Vyass\AppData\Roaming\Python\Python313\site-packages\sqlalchemy\orm\session.py", line 2247, in _execute_internal
    result: Result[Any] = compile_state_cls.orm_execute_statement(
                          ~~~~~~~~~~~~~~~~~~~~~~~~~~~~~~~~~~~~~~~^
        self,
        ^^^^^
    ...<4 lines>...
        conn,
        ^^^^^
    )
    ^
  File "C:\Users\Vyass\AppData\Roaming\Python\Python313\site-packages\sqlalchemy\orm\context.py", line 305, in orm_execute_statement
    result = conn.execute(
        statement, params or {}, execution_options=execution_options
    )
  File "C:\Users\Vyass\AppData\Roaming\Python\Python313\site-packages\sqlalchemy\engine\base.py", line 1418, in execute
    return meth(
        self,
        distilled_parameters,
        execution_options or NO_OPTIONS,
    )
  File "C:\Users\Vyass\AppData\Roaming\Python\Python313\site-packages\sqlalchemy\sql\elements.py", line 515, in _execute_on_connection
    return connection._execute_clauseelement(
           ~~~~~~~~~~~~~~~~~~~~~~~~~~~~~~~~~^
        self, distilled_params, execution_options
        ^^^^^^^^^^^^^^^^^^^^^^^^^^^^^^^^^^^^^^^^^
    )
    ^
  File "C:\Users\Vyass\AppData\Roaming\Python\Python313\site-packages\sqlalchemy\engine\base.py", line 1640, in _execute_clauseelement
    ret = self._execute_context(
        dialect,
    ...<8 lines>...
        cache_hit=cache_hit,
    )
  File "C:\Users\Vyass\AppData\Roaming\Python\Python313\site-packages\sqlalchemy\engine\base.py", line 1846, in _execute_context
    return self._exec_single_context(
           ~~~~~~~~~~~~~~~~~~~~~~~~~^
        dialect, context, statement, parameters
        ^^^^^^^^^^^^^^^^^^^^^^^^^^^^^^^^^^^^^^^
    )
    ^
  File "C:\Users\Vyass\AppData\Roaming\Python\Python313\site-packages\sqlalchemy\engine\base.py", line 1986, in _exec_single_context
    self._handle_dbapi_exception(
    ~~~~~~~~~~~~~~~~~~~~~~~~~~~~^
        e, str_statement, effective_parameters, cursor, context
        ^^^^^^^^^^^^^^^^^^^^^^^^^^^^^^^^^^^^^^^^^^^^^^^^^^^^^^^
    )
    ^
  File "C:\Users\Vyass\AppData\Roaming\Python\Python313\site-packages\sqlalchemy\engine\base.py", line 2355, in _handle_dbapi_exception
    raise sqlalchemy_exception.with_traceback(exc_info[2]) from e
  File "C:\Users\Vyass\AppData\Roaming\Python\Python313\site-packages\sqlalchemy\engine\base.py", line 1967, in _exec_single_context
    self.dialect.do_execute(
    ~~~~~~~~~~~~~~~~~~~~~~~^
        cursor, str_statement, effective_parameters, context
        ^^^^^^^^^^^^^^^^^^^^^^^^^^^^^^^^^^^^^^^^^^^^^^^^^^^^
    )
    ^
  File "C:\Users\Vyass\AppData\Roaming\Python\Python313\site-packages\sqlalchemy\engine\default.py", line 941, in do_execute
    cursor.execute(statement, parameters)
    ~~~~~~~~~~~~~~^^^^^^^^^^^^^^^^^^^^^^^
  File "C:\Users\Vyass\AppData\Roaming\Python\Python313\site-packages\sqlalchemy\dialects\sqlite\aiosqlite.py", line 147, in execute
    self._adapt_connection._handle_exception(error)
    ~~~~~~~~~~~~~~~~~~~~~~~~~~~~~~~~~~~~~~~~^^^^^^^
  File "C:\Users\Vyass\AppData\Roaming\Python\Python313\site-packages\sqlalchemy\dialects\sqlite\aiosqlite.py", line 298, in _handle_exception
    raise error
  File "C:\Users\Vyass\AppData\Roaming\Python\Python313\site-packages\sqlalchemy\dialects\sqlite\aiosqlite.py", line 129, in execute
    self.await_(_cursor.execute(operation, parameters))
    ~~~~~~~~~~~^^^^^^^^^^^^^^^^^^^^^^^^^^^^^^^^^^^^^^^^
  File "C:\Users\Vyass\AppData\Roaming\Python\Python313\site-packages\sqlalchemy\util\_concurrency_py3k.py", line 132, in await_only
    return current.parent.switch(awaitable)  # type: ignore[no-any-return,attr-defined] # noqa: E501
           ~~~~~~~~~~~~~~~~~~~~~^^^^^^^^^^^
  File "C:\Users\Vyass\AppData\Roaming\Python\Python313\site-packages\sqlalchemy\util\_concurrency_py3k.py", line 196, in greenlet_spawn
    value = await result
            ^^^^^^^^^^^^
  File "C:\Users\Vyass\AppData\Roaming\Python\Python313\site-packages\aiosqlite\cursor.py", line 48, in execute
    await self._execute(self._cursor.execute, sql, parameters)
  File "C:\Users\Vyass\AppData\Roaming\Python\Python313\site-packages\aiosqlite\cursor.py", line 40, in _execute
    return await self._conn._execute(fn, *args, **kwargs)
           ^^^^^^^^^^^^^^^^^^^^^^^^^^^^^^^^^^^^^^^^^^^^^^
  File "C:\Users\Vyass\AppData\Roaming\Python\Python313\site-packages\aiosqlite\core.py", line 132, in _execute
    return await future
           ^^^^^^^^^^^^
  File "C:\Users\Vyass\AppData\Roaming\Python\Python313\site-packages\aiosqlite\core.py", line 115, in run
    result = function()
sqlalchemy.exc.OperationalError: (sqlite3.OperationalError) no such table: analysis_history
[SQL: SELECT analysis_history.threat_level, count(analysis_history.id) AS count 
FROM analysis_history GROUP BY analysis_history.threat_level]
(Background on this error at: https://sqlalche.me/e/20/e3q8)
2026-01-30 20:47:23,514 - app.routes.analysis - ERROR - Failed to get statistics: (sqlite3.OperationalError) no such table: statistics
[SQL: SELECT statistics.id, statistics.total_analyses, statistics.threats_detected, statistics.emails_analyzed, statistics.urls_analyzed, statistics.last_updated 
FROM statistics
 LIMIT ? OFFSET ?]
[parameters: (1, 0)]
(Background on this error at: https://sqlalche.me/e/20/e3q8)
Traceback (most recent call last):
  File "C:\Users\Vyass\AppData\Roaming\Python\Python313\site-packages\sqlalchemy\engine\base.py", line 1967, in _exec_single_context
    self.dialect.do_execute(
    ~~~~~~~~~~~~~~~~~~~~~~~^
        cursor, str_statement, effective_parameters, context
        ^^^^^^^^^^^^^^^^^^^^^^^^^^^^^^^^^^^^^^^^^^^^^^^^^^^^
    )
    ^
  File "C:\Users\Vyass\AppData\Roaming\Python\Python313\site-packages\sqlalchemy\engine\default.py", line 941, in do_execute
    cursor.execute(statement, parameters)
    ~~~~~~~~~~~~~~^^^^^^^^^^^^^^^^^^^^^^^
  File "C:\Users\Vyass\AppData\Roaming\Python\Python313\site-packages\sqlalchemy\dialects\sqlite\aiosqlite.py", line 147, in execute
    self._adapt_connection._handle_exception(error)
    ~~~~~~~~~~~~~~~~~~~~~~~~~~~~~~~~~~~~~~~~^^^^^^^
  File "C:\Users\Vyass\AppData\Roaming\Python\Python313\site-packages\sqlalchemy\dialects\sqlite\aiosqlite.py", line 298, in _handle_exception
    raise error
  File "C:\Users\Vyass\AppData\Roaming\Python\Python313\site-packages\sqlalchemy\dialects\sqlite\aiosqlite.py", line 129, in execute
    self.await_(_cursor.execute(operation, parameters))
    ~~~~~~~~~~~^^^^^^^^^^^^^^^^^^^^^^^^^^^^^^^^^^^^^^^^
  File "C:\Users\Vyass\AppData\Roaming\Python\Python313\site-packages\sqlalchemy\util\_concurrency_py3k.py", line 132, in await_only
    return current.parent.switch(awaitable)  # type: ignore[no-any-return,attr-defined] # noqa: E501
           ~~~~~~~~~~~~~~~~~~~~~^^^^^^^^^^^
  File "C:\Users\Vyass\AppData\Roaming\Python\Python313\site-packages\sqlalchemy\util\_concurrency_py3k.py", line 196, in greenlet_spawn
    value = await result
            ^^^^^^^^^^^^
  File "C:\Users\Vyass\AppData\Roaming\Python\Python313\site-packages\aiosqlite\cursor.py", line 48, in execute
    await self._execute(self._cursor.execute, sql, parameters)
  File "C:\Users\Vyass\AppData\Roaming\Python\Python313\site-packages\aiosqlite\cursor.py", line 40, in _execute
    return await self._conn._execute(fn, *args, **kwargs)
           ^^^^^^^^^^^^^^^^^^^^^^^^^^^^^^^^^^^^^^^^^^^^^^
  File "C:\Users\Vyass\AppData\Roaming\Python\Python313\site-packages\aiosqlite\core.py", line 132, in _execute
    return await future
           ^^^^^^^^^^^^
  File "C:\Users\Vyass\AppData\Roaming\Python\Python313\site-packages\aiosqlite\core.py", line 115, in run
    result = function()
sqlite3.OperationalError: no such table: statistics

The above exception was the direct cause of the following exception:

Traceback (most recent call last):
  File "C:\Users\Vyass\OneDrive\Desktop\PFE\backend\app\routes\analysis.py", line 142, in get_stats
    stats = await stats_service.get_statistics(db)
            ^^^^^^^^^^^^^^^^^^^^^^^^^^^^^^^^^^^^^^
  File "C:\Users\Vyass\OneDrive\Desktop\PFE\backend\app\services\stats_service.py", line 77, in get_statistics
    result = await db.execute(select(Statistics).limit(1))
             ^^^^^^^^^^^^^^^^^^^^^^^^^^^^^^^^^^^^^^^^^^^^^
  File "C:\Users\Vyass\AppData\Roaming\Python\Python313\site-packages\sqlalchemy\ext\asyncio\session.py", line 461, in execute
    result = await greenlet_spawn(
             ^^^^^^^^^^^^^^^^^^^^^
    ...<6 lines>...
    )
    ^
  File "C:\Users\Vyass\AppData\Roaming\Python\Python313\site-packages\sqlalchemy\util\_concurrency_py3k.py", line 201, in greenlet_spawn
    result = context.throw(*sys.exc_info())
  File "C:\Users\Vyass\AppData\Roaming\Python\Python313\site-packages\sqlalchemy\orm\session.py", line 2362, in execute
    return self._execute_internal(
           ~~~~~~~~~~~~~~~~~~~~~~^
        statement,
        ^^^^^^^^^^
    ...<4 lines>...
        _add_event=_add_event,
        ^^^^^^^^^^^^^^^^^^^^^^
    )
    ^
  File "C:\Users\Vyass\AppData\Roaming\Python\Python313\site-packages\sqlalchemy\orm\session.py", line 2247, in _execute_internal
    result: Result[Any] = compile_state_cls.orm_execute_statement(
                          ~~~~~~~~~~~~~~~~~~~~~~~~~~~~~~~~~~~~~~~^
        self,
        ^^^^^
    ...<4 lines>...
        conn,
        ^^^^^
    )
    ^
  File "C:\Users\Vyass\AppData\Roaming\Python\Python313\site-packages\sqlalchemy\orm\context.py", line 305, in orm_execute_statement
    result = conn.execute(
        statement, params or {}, execution_options=execution_options
    )
  File "C:\Users\Vyass\AppData\Roaming\Python\Python313\site-packages\sqlalchemy\engine\base.py", line 1418, in execute
    return meth(
        self,
        distilled_parameters,
        execution_options or NO_OPTIONS,
    )
  File "C:\Users\Vyass\AppData\Roaming\Python\Python313\site-packages\sqlalchemy\sql\elements.py", line 515, in _execute_on_connection
    return connection._execute_clauseelement(
           ~~~~~~~~~~~~~~~~~~~~~~~~~~~~~~~~~^
        self, distilled_params, execution_options
        ^^^^^^^^^^^^^^^^^^^^^^^^^^^^^^^^^^^^^^^^^
    )
    ^
  File "C:\Users\Vyass\AppData\Roaming\Python\Python313\site-packages\sqlalchemy\engine\base.py", line 1640, in _execute_clauseelement
    ret = self._execute_context(
        dialect,
    ...<8 lines>...
        cache_hit=cache_hit,
    )
  File "C:\Users\Vyass\AppData\Roaming\Python\Python313\site-packages\sqlalchemy\engine\base.py", line 1846, in _execute_context
    return self._exec_single_context(
           ~~~~~~~~~~~~~~~~~~~~~~~~~^
        dialect, context, statement, parameters
        ^^^^^^^^^^^^^^^^^^^^^^^^^^^^^^^^^^^^^^^
    )
    ^
  File "C:\Users\Vyass\AppData\Roaming\Python\Python313\site-packages\sqlalchemy\engine\base.py", line 1986, in _exec_single_context
    self._handle_dbapi_exception(
    ~~~~~~~~~~~~~~~~~~~~~~~~~~~~^
        e, str_statement, effective_parameters, cursor, context
        ^^^^^^^^^^^^^^^^^^^^^^^^^^^^^^^^^^^^^^^^^^^^^^^^^^^^^^^
    )
    ^
  File "C:\Users\Vyass\AppData\Roaming\Python\Python313\site-packages\sqlalchemy\engine\base.py", line 2355, in _handle_dbapi_exception
    raise sqlalchemy_exception.with_traceback(exc_info[2]) from e
  File "C:\Users\Vyass\AppData\Roaming\Python\Python313\site-packages\sqlalchemy\engine\base.py", line 1967, in _exec_single_context
    self.dialect.do_execute(
    ~~~~~~~~~~~~~~~~~~~~~~~^
        cursor, str_statement, effective_parameters, context
        ^^^^^^^^^^^^^^^^^^^^^^^^^^^^^^^^^^^^^^^^^^^^^^^^^^^^
    )
    ^
  File "C:\Users\Vyass\AppData\Roaming\Python\Python313\site-packages\sqlalchemy\engine\default.py", line 941, in do_execute
    cursor.execute(statement, parameters)
    ~~~~~~~~~~~~~~^^^^^^^^^^^^^^^^^^^^^^^
  File "C:\Users\Vyass\AppData\Roaming\Python\Python313\site-packages\sqlalchemy\dialects\sqlite\aiosqlite.py", line 147, in execute
    self._adapt_connection._handle_exception(error)
    ~~~~~~~~~~~~~~~~~~~~~~~~~~~~~~~~~~~~~~~~^^^^^^^
  File "C:\Users\Vyass\AppData\Roaming\Python\Python313\site-packages\sqlalchemy\dialects\sqlite\aiosqlite.py", line 298, in _handle_exception
    raise error
  File "C:\Users\Vyass\AppData\Roaming\Python\Python313\site-packages\sqlalchemy\dialects\sqlite\aiosqlite.py", line 129, in execute
    self.await_(_cursor.execute(operation, parameters))
    ~~~~~~~~~~~^^^^^^^^^^^^^^^^^^^^^^^^^^^^^^^^^^^^^^^^
  File "C:\Users\Vyass\AppData\Roaming\Python\Python313\site-packages\sqlalchemy\util\_concurrency_py3k.py", line 132, in await_only
    return current.parent.switch(awaitable)  # type: ignore[no-any-return,attr-defined] # noqa: E501
           ~~~~~~~~~~~~~~~~~~~~~^^^^^^^^^^^
  File "C:\Users\Vyass\AppData\Roaming\Python\Python313\site-packages\sqlalchemy\util\_concurrency_py3k.py", line 196, in greenlet_spawn
    value = await result
            ^^^^^^^^^^^^
  File "C:\Users\Vyass\AppData\Roaming\Python\Python313\site-packages\aiosqlite\cursor.py", line 48, in execute
    await self._execute(self._cursor.execute, sql, parameters)
  File "C:\Users\Vyass\AppData\Roaming\Python\Python313\site-packages\aiosqlite\cursor.py", line 40, in _execute
    return await self._conn._execute(fn, *args, **kwargs)
           ^^^^^^^^^^^^^^^^^^^^^^^^^^^^^^^^^^^^^^^^^^^^^^
  File "C:\Users\Vyass\AppData\Roaming\Python\Python313\site-packages\aiosqlite\core.py", line 132, in _execute
    return await future
           ^^^^^^^^^^^^
  File "C:\Users\Vyass\AppData\Roaming\Python\Python313\site-packages\aiosqlite\core.py", line 115, in run
    result = function()
sqlalchemy.exc.OperationalError: (sqlite3.OperationalError) no such table: statistics
[SQL: SELECT statistics.id, statistics.total_analyses, statistics.threats_detected, statistics.emails_analyzed, statistics.urls_analyzed, statistics.last_updated 
FROM statistics
 LIMIT ? OFFSET ?]
[parameters: (1, 0)]
(Background on this error at: https://sqlalche.me/e/20/e3q8)
2026-01-30 20:47:23,532 - app.routes.analysis - ERROR - Failed to get threat distribution: (sqlite3.OperationalError) no such table: analysis_history
[SQL: SELECT analysis_history.threat_level, count(analysis_history.id) AS count 
FROM analysis_history GROUP BY analysis_history.threat_level]
(Background on this error at: https://sqlalche.me/e/20/e3q8)
Traceback (most recent call last):
  File "C:\Users\Vyass\AppData\Roaming\Python\Python313\site-packages\sqlalchemy\engine\base.py", line 1967, in _exec_single_context
    self.dialect.do_execute(
    ~~~~~~~~~~~~~~~~~~~~~~~^
        cursor, str_statement, effective_parameters, context
        ^^^^^^^^^^^^^^^^^^^^^^^^^^^^^^^^^^^^^^^^^^^^^^^^^^^^
    )
    ^
  File "C:\Users\Vyass\AppData\Roaming\Python\Python313\site-packages\sqlalchemy\engine\default.py", line 941, in do_execute
    cursor.execute(statement, parameters)
    ~~~~~~~~~~~~~~^^^^^^^^^^^^^^^^^^^^^^^
  File "C:\Users\Vyass\AppData\Roaming\Python\Python313\site-packages\sqlalchemy\dialects\sqlite\aiosqlite.py", line 147, in execute
    self._adapt_connection._handle_exception(error)
    ~~~~~~~~~~~~~~~~~~~~~~~~~~~~~~~~~~~~~~~~^^^^^^^
  File "C:\Users\Vyass\AppData\Roaming\Python\Python313\site-packages\sqlalchemy\dialects\sqlite\aiosqlite.py", line 298, in _handle_exception
    raise error
  File "C:\Users\Vyass\AppData\Roaming\Python\Python313\site-packages\sqlalchemy\dialects\sqlite\aiosqlite.py", line 129, in execute
    self.await_(_cursor.execute(operation, parameters))
    ~~~~~~~~~~~^^^^^^^^^^^^^^^^^^^^^^^^^^^^^^^^^^^^^^^^
  File "C:\Users\Vyass\AppData\Roaming\Python\Python313\site-packages\sqlalchemy\util\_concurrency_py3k.py", line 132, in await_only
    return current.parent.switch(awaitable)  # type: ignore[no-any-return,attr-defined] # noqa: E501
           ~~~~~~~~~~~~~~~~~~~~~^^^^^^^^^^^
  File "C:\Users\Vyass\AppData\Roaming\Python\Python313\site-packages\sqlalchemy\util\_concurrency_py3k.py", line 196, in greenlet_spawn
    value = await result
            ^^^^^^^^^^^^
  File "C:\Users\Vyass\AppData\Roaming\Python\Python313\site-packages\aiosqlite\cursor.py", line 48, in execute
    await self._execute(self._cursor.execute, sql, parameters)
  File "C:\Users\Vyass\AppData\Roaming\Python\Python313\site-packages\aiosqlite\cursor.py", line 40, in _execute
    return await self._conn._execute(fn, *args, **kwargs)
           ^^^^^^^^^^^^^^^^^^^^^^^^^^^^^^^^^^^^^^^^^^^^^^
  File "C:\Users\Vyass\AppData\Roaming\Python\Python313\site-packages\aiosqlite\core.py", line 132, in _execute
    return await future
           ^^^^^^^^^^^^
  File "C:\Users\Vyass\AppData\Roaming\Python\Python313\site-packages\aiosqlite\core.py", line 115, in run
    result = function()
sqlite3.OperationalError: no such table: analysis_history

The above exception was the direct cause of the following exception:

Traceback (most recent call last):
  File "C:\Users\Vyass\OneDrive\Desktop\PFE\backend\app\routes\analysis.py", line 239, in get_threat_distribution
    distribution = await stats_service.get_threat_distribution(db)
                   ^^^^^^^^^^^^^^^^^^^^^^^^^^^^^^^^^^^^^^^^^^^^^^^
  File "C:\Users\Vyass\OneDrive\Desktop\PFE\backend\app\services\stats_service.py", line 148, in get_threat_distribution
    result = await db.execute(
             ^^^^^^^^^^^^^^^^^
    ...<5 lines>...
    )
    ^
  File "C:\Users\Vyass\AppData\Roaming\Python\Python313\site-packages\sqlalchemy\ext\asyncio\session.py", line 461, in execute
    result = await greenlet_spawn(
             ^^^^^^^^^^^^^^^^^^^^^
    ...<6 lines>...
    )
    ^
  File "C:\Users\Vyass\AppData\Roaming\Python\Python313\site-packages\sqlalchemy\util\_concurrency_py3k.py", line 201, in greenlet_spawn
    result = context.throw(*sys.exc_info())
  File "C:\Users\Vyass\AppData\Roaming\Python\Python313\site-packages\sqlalchemy\orm\session.py", line 2362, in execute
    return self._execute_internal(
           ~~~~~~~~~~~~~~~~~~~~~~^
        statement,
        ^^^^^^^^^^
    ...<4 lines>...
        _add_event=_add_event,
        ^^^^^^^^^^^^^^^^^^^^^^
    )
    ^
  File "C:\Users\Vyass\AppData\Roaming\Python\Python313\site-packages\sqlalchemy\orm\session.py", line 2247, in _execute_internal
    result: Result[Any] = compile_state_cls.orm_execute_statement(
                          ~~~~~~~~~~~~~~~~~~~~~~~~~~~~~~~~~~~~~~~^
        self,
        ^^^^^
    ...<4 lines>...
        conn,
        ^^^^^
    )
    ^
  File "C:\Users\Vyass\AppData\Roaming\Python\Python313\site-packages\sqlalchemy\orm\context.py", line 305, in orm_execute_statement
    result = conn.execute(
        statement, params or {}, execution_options=execution_options
    )
  File "C:\Users\Vyass\AppData\Roaming\Python\Python313\site-packages\sqlalchemy\engine\base.py", line 1418, in execute
    return meth(
        self,
        distilled_parameters,
        execution_options or NO_OPTIONS,
    )
  File "C:\Users\Vyass\AppData\Roaming\Python\Python313\site-packages\sqlalchemy\sql\elements.py", line 515, in _execute_on_connection
    return connection._execute_clauseelement(
           ~~~~~~~~~~~~~~~~~~~~~~~~~~~~~~~~~^
        self, distilled_params, execution_options
        ^^^^^^^^^^^^^^^^^^^^^^^^^^^^^^^^^^^^^^^^^
    )
    ^
  File "C:\Users\Vyass\AppData\Roaming\Python\Python313\site-packages\sqlalchemy\engine\base.py", line 1640, in _execute_clauseelement
    ret = self._execute_context(
        dialect,
    ...<8 lines>...
        cache_hit=cache_hit,
    )
  File "C:\Users\Vyass\AppData\Roaming\Python\Python313\site-packages\sqlalchemy\engine\base.py", line 1846, in _execute_context
    return self._exec_single_context(
           ~~~~~~~~~~~~~~~~~~~~~~~~~^
        dialect, context, statement, parameters
        ^^^^^^^^^^^^^^^^^^^^^^^^^^^^^^^^^^^^^^^
    )
    ^
  File "C:\Users\Vyass\AppData\Roaming\Python\Python313\site-packages\sqlalchemy\engine\base.py", line 1986, in _exec_single_context
    self._handle_dbapi_exception(
    ~~~~~~~~~~~~~~~~~~~~~~~~~~~~^
        e, str_statement, effective_parameters, cursor, context
        ^^^^^^^^^^^^^^^^^^^^^^^^^^^^^^^^^^^^^^^^^^^^^^^^^^^^^^^
    )
    ^
  File "C:\Users\Vyass\AppData\Roaming\Python\Python313\site-packages\sqlalchemy\engine\base.py", line 2355, in _handle_dbapi_exception
    raise sqlalchemy_exception.with_traceback(exc_info[2]) from e
  File "C:\Users\Vyass\AppData\Roaming\Python\Python313\site-packages\sqlalchemy\engine\base.py", line 1967, in _exec_single_context
    self.dialect.do_execute(
    ~~~~~~~~~~~~~~~~~~~~~~~^
        cursor, str_statement, effective_parameters, context
        ^^^^^^^^^^^^^^^^^^^^^^^^^^^^^^^^^^^^^^^^^^^^^^^^^^^^
    )
    ^
  File "C:\Users\Vyass\AppData\Roaming\Python\Python313\site-packages\sqlalchemy\engine\default.py", line 941, in do_execute
    cursor.execute(statement, parameters)
    ~~~~~~~~~~~~~~^^^^^^^^^^^^^^^^^^^^^^^
  File "C:\Users\Vyass\AppData\Roaming\Python\Python313\site-packages\sqlalchemy\dialects\sqlite\aiosqlite.py", line 147, in execute
    self._adapt_connection._handle_exception(error)
    ~~~~~~~~~~~~~~~~~~~~~~~~~~~~~~~~~~~~~~~~^^^^^^^
  File "C:\Users\Vyass\AppData\Roaming\Python\Python313\site-packages\sqlalchemy\dialects\sqlite\aiosqlite.py", line 298, in _handle_exception
    raise error
  File "C:\Users\Vyass\AppData\Roaming\Python\Python313\site-packages\sqlalchemy\dialects\sqlite\aiosqlite.py", line 129, in execute
    self.await_(_cursor.execute(operation, parameters))
    ~~~~~~~~~~~^^^^^^^^^^^^^^^^^^^^^^^^^^^^^^^^^^^^^^^^
  File "C:\Users\Vyass\AppData\Roaming\Python\Python313\site-packages\sqlalchemy\util\_concurrency_py3k.py", line 132, in await_only
    return current.parent.switch(awaitable)  # type: ignore[no-any-return,attr-defined] # noqa: E501
           ~~~~~~~~~~~~~~~~~~~~~^^^^^^^^^^^
  File "C:\Users\Vyass\AppData\Roaming\Python\Python313\site-packages\sqlalchemy\util\_concurrency_py3k.py", line 196, in greenlet_spawn
    value = await result
            ^^^^^^^^^^^^
  File "C:\Users\Vyass\AppData\Roaming\Python\Python313\site-packages\aiosqlite\cursor.py", line 48, in execute
    await self._execute(self._cursor.execute, sql, parameters)
  File "C:\Users\Vyass\AppData\Roaming\Python\Python313\site-packages\aiosqlite\cursor.py", line 40, in _execute
    return await self._conn._execute(fn, *args, **kwargs)
           ^^^^^^^^^^^^^^^^^^^^^^^^^^^^^^^^^^^^^^^^^^^^^^
  File "C:\Users\Vyass\AppData\Roaming\Python\Python313\site-packages\aiosqlite\core.py", line 132, in _execute
    return await future
           ^^^^^^^^^^^^
  File "C:\Users\Vyass\AppData\Roaming\Python\Python313\site-packages\aiosqlite\core.py", line 115, in run
    result = function()
sqlalchemy.exc.OperationalError: (sqlite3.OperationalError) no such table: analysis_history
[SQL: SELECT analysis_history.threat_level, count(analysis_history.id) AS count 
FROM analysis_history GROUP BY analysis_history.threat_level]
(Background on this error at: https://sqlalche.me/e/20/e3q8)
2026-01-30 20:48:14,953 - app.routes.auth - ERROR - Registration failed: (sqlite3.OperationalError) no such table: users
[SQL: SELECT users.id, users.email, users.username, users.full_name, users.hashed_password, users.is_active, users.is_superuser, users.created_at, users.updated_at 
FROM users 
WHERE users.username = ?]
[parameters: ('yassviejo',)]
(Background on this error at: https://sqlalche.me/e/20/e3q8)
Traceback (most recent call last):
  File "C:\Users\Vyass\AppData\Roaming\Python\Python313\site-packages\sqlalchemy\engine\base.py", line 1967, in _exec_single_context
    self.dialect.do_execute(
    ~~~~~~~~~~~~~~~~~~~~~~~^
        cursor, str_statement, effective_parameters, context
        ^^^^^^^^^^^^^^^^^^^^^^^^^^^^^^^^^^^^^^^^^^^^^^^^^^^^
    )
    ^
  File "C:\Users\Vyass\AppData\Roaming\Python\Python313\site-packages\sqlalchemy\engine\default.py", line 941, in do_execute
    cursor.execute(statement, parameters)
    ~~~~~~~~~~~~~~^^^^^^^^^^^^^^^^^^^^^^^
  File "C:\Users\Vyass\AppData\Roaming\Python\Python313\site-packages\sqlalchemy\dialects\sqlite\aiosqlite.py", line 147, in execute
    self._adapt_connection._handle_exception(error)
    ~~~~~~~~~~~~~~~~~~~~~~~~~~~~~~~~~~~~~~~~^^^^^^^
  File "C:\Users\Vyass\AppData\Roaming\Python\Python313\site-packages\sqlalchemy\dialects\sqlite\aiosqlite.py", line 298, in _handle_exception
    raise error
  File "C:\Users\Vyass\AppData\Roaming\Python\Python313\site-packages\sqlalchemy\dialects\sqlite\aiosqlite.py", line 129, in execute
    self.await_(_cursor.execute(operation, parameters))
    ~~~~~~~~~~~^^^^^^^^^^^^^^^^^^^^^^^^^^^^^^^^^^^^^^^^
  File "C:\Users\Vyass\AppData\Roaming\Python\Python313\site-packages\sqlalchemy\util\_concurrency_py3k.py", line 132, in await_only
    return current.parent.switch(awaitable)  # type: ignore[no-any-return,attr-defined] # noqa: E501
           ~~~~~~~~~~~~~~~~~~~~~^^^^^^^^^^^
  File "C:\Users\Vyass\AppData\Roaming\Python\Python313\site-packages\sqlalchemy\util\_concurrency_py3k.py", line 196, in greenlet_spawn
    value = await result
            ^^^^^^^^^^^^
  File "C:\Users\Vyass\AppData\Roaming\Python\Python313\site-packages\aiosqlite\cursor.py", line 48, in execute
    await self._execute(self._cursor.execute, sql, parameters)
  File "C:\Users\Vyass\AppData\Roaming\Python\Python313\site-packages\aiosqlite\cursor.py", line 40, in _execute
    return await self._conn._execute(fn, *args, **kwargs)
           ^^^^^^^^^^^^^^^^^^^^^^^^^^^^^^^^^^^^^^^^^^^^^^
  File "C:\Users\Vyass\AppData\Roaming\Python\Python313\site-packages\aiosqlite\core.py", line 132, in _execute
    return await future
           ^^^^^^^^^^^^
  File "C:\Users\Vyass\AppData\Roaming\Python\Python313\site-packages\aiosqlite\core.py", line 115, in run
    result = function()
sqlite3.OperationalError: no such table: users

The above exception was the direct cause of the following exception:

Traceback (most recent call last):
  File "C:\Users\Vyass\OneDrive\Desktop\PFE\backend\app\routes\auth.py", line 37, in register
    existing_user = await auth_service.get_user_by_username(db, user_data.username)
                    ^^^^^^^^^^^^^^^^^^^^^^^^^^^^^^^^^^^^^^^^^^^^^^^^^^^^^^^^^^^^^^^
  File "C:\Users\Vyass\OneDrive\Desktop\PFE\backend\app\services\auth_service.py", line 77, in get_user_by_username
    result = await db.execute(select(User).where(User.username == username))
             ^^^^^^^^^^^^^^^^^^^^^^^^^^^^^^^^^^^^^^^^^^^^^^^^^^^^^^^^^^^^^^^
  File "C:\Users\Vyass\AppData\Roaming\Python\Python313\site-packages\sqlalchemy\ext\asyncio\session.py", line 461, in execute
    result = await greenlet_spawn(
             ^^^^^^^^^^^^^^^^^^^^^
    ...<6 lines>...
    )
    ^
  File "C:\Users\Vyass\AppData\Roaming\Python\Python313\site-packages\sqlalchemy\util\_concurrency_py3k.py", line 201, in greenlet_spawn
    result = context.throw(*sys.exc_info())
  File "C:\Users\Vyass\AppData\Roaming\Python\Python313\site-packages\sqlalchemy\orm\session.py", line 2362, in execute
    return self._execute_internal(
           ~~~~~~~~~~~~~~~~~~~~~~^
        statement,
        ^^^^^^^^^^
    ...<4 lines>...
        _add_event=_add_event,
        ^^^^^^^^^^^^^^^^^^^^^^
    )
    ^
  File "C:\Users\Vyass\AppData\Roaming\Python\Python313\site-packages\sqlalchemy\orm\session.py", line 2247, in _execute_internal
    result: Result[Any] = compile_state_cls.orm_execute_statement(
                          ~~~~~~~~~~~~~~~~~~~~~~~~~~~~~~~~~~~~~~~^
        self,
        ^^^^^
    ...<4 lines>...
        conn,
        ^^^^^
    )
    ^
  File "C:\Users\Vyass\AppData\Roaming\Python\Python313\site-packages\sqlalchemy\orm\context.py", line 305, in orm_execute_statement
    result = conn.execute(
        statement, params or {}, execution_options=execution_options
    )
  File "C:\Users\Vyass\AppData\Roaming\Python\Python313\site-packages\sqlalchemy\engine\base.py", line 1418, in execute
    return meth(
        self,
        distilled_parameters,
        execution_options or NO_OPTIONS,
    )
  File "C:\Users\Vyass\AppData\Roaming\Python\Python313\site-packages\sqlalchemy\sql\elements.py", line 515, in _execute_on_connection
    return connection._execute_clauseelement(
           ~~~~~~~~~~~~~~~~~~~~~~~~~~~~~~~~~^
        self, distilled_params, execution_options
        ^^^^^^^^^^^^^^^^^^^^^^^^^^^^^^^^^^^^^^^^^
    )
    ^
  File "C:\Users\Vyass\AppData\Roaming\Python\Python313\site-packages\sqlalchemy\engine\base.py", line 1640, in _execute_clauseelement
    ret = self._execute_context(
        dialect,
    ...<8 lines>...
        cache_hit=cache_hit,
    )
  File "C:\Users\Vyass\AppData\Roaming\Python\Python313\site-packages\sqlalchemy\engine\base.py", line 1846, in _execute_context
    return self._exec_single_context(
           ~~~~~~~~~~~~~~~~~~~~~~~~~^
        dialect, context, statement, parameters
        ^^^^^^^^^^^^^^^^^^^^^^^^^^^^^^^^^^^^^^^
    )
    ^
  File "C:\Users\Vyass\AppData\Roaming\Python\Python313\site-packages\sqlalchemy\engine\base.py", line 1986, in _exec_single_context
    self._handle_dbapi_exception(
    ~~~~~~~~~~~~~~~~~~~~~~~~~~~~^
        e, str_statement, effective_parameters, cursor, context
        ^^^^^^^^^^^^^^^^^^^^^^^^^^^^^^^^^^^^^^^^^^^^^^^^^^^^^^^
    )
    ^
  File "C:\Users\Vyass\AppData\Roaming\Python\Python313\site-packages\sqlalchemy\engine\base.py", line 2355, in _handle_dbapi_exception
    raise sqlalchemy_exception.with_traceback(exc_info[2]) from e
  File "C:\Users\Vyass\AppData\Roaming\Python\Python313\site-packages\sqlalchemy\engine\base.py", line 1967, in _exec_single_context
    self.dialect.do_execute(
    ~~~~~~~~~~~~~~~~~~~~~~~^
        cursor, str_statement, effective_parameters, context
        ^^^^^^^^^^^^^^^^^^^^^^^^^^^^^^^^^^^^^^^^^^^^^^^^^^^^
    )
    ^
  File "C:\Users\Vyass\AppData\Roaming\Python\Python313\site-packages\sqlalchemy\engine\default.py", line 941, in do_execute
    cursor.execute(statement, parameters)
    ~~~~~~~~~~~~~~^^^^^^^^^^^^^^^^^^^^^^^
  File "C:\Users\Vyass\AppData\Roaming\Python\Python313\site-packages\sqlalchemy\dialects\sqlite\aiosqlite.py", line 147, in execute
    self._adapt_connection._handle_exception(error)
    ~~~~~~~~~~~~~~~~~~~~~~~~~~~~~~~~~~~~~~~~^^^^^^^
  File "C:\Users\Vyass\AppData\Roaming\Python\Python313\site-packages\sqlalchemy\dialects\sqlite\aiosqlite.py", line 298, in _handle_exception
    raise error
  File "C:\Users\Vyass\AppData\Roaming\Python\Python313\site-packages\sqlalchemy\dialects\sqlite\aiosqlite.py", line 129, in execute
    self.await_(_cursor.execute(operation, parameters))
    ~~~~~~~~~~~^^^^^^^^^^^^^^^^^^^^^^^^^^^^^^^^^^^^^^^^
  File "C:\Users\Vyass\AppData\Roaming\Python\Python313\site-packages\sqlalchemy\util\_concurrency_py3k.py", line 132, in await_only
    return current.parent.switch(awaitable)  # type: ignore[no-any-return,attr-defined] # noqa: E501
           ~~~~~~~~~~~~~~~~~~~~~^^^^^^^^^^^
  File "C:\Users\Vyass\AppData\Roaming\Python\Python313\site-packages\sqlalchemy\util\_concurrency_py3k.py", line 196, in greenlet_spawn
    value = await result
            ^^^^^^^^^^^^
  File "C:\Users\Vyass\AppData\Roaming\Python\Python313\site-packages\aiosqlite\cursor.py", line 48, in execute
    await self._execute(self._cursor.execute, sql, parameters)
  File "C:\Users\Vyass\AppData\Roaming\Python\Python313\site-packages\aiosqlite\cursor.py", line 40, in _execute
    return await self._conn._execute(fn, *args, **kwargs)
           ^^^^^^^^^^^^^^^^^^^^^^^^^^^^^^^^^^^^^^^^^^^^^^
  File "C:\Users\Vyass\AppData\Roaming\Python\Python313\site-packages\aiosqlite\core.py", line 132, in _execute
    return await future
           ^^^^^^^^^^^^
  File "C:\Users\Vyass\AppData\Roaming\Python\Python313\site-packages\aiosqlite\core.py", line 115, in run
    result = function()
sqlalchemy.exc.OperationalError: (sqlite3.OperationalError) no such table: users
[SQL: SELECT users.id, users.email, users.username, users.full_name, users.hashed_password, users.is_active, users.is_superuser, users.created_at, users.updated_at 
FROM users 
WHERE users.username = ?]
[parameters: ('yassviejo',)]
(Background on this error at: https://sqlalche.me/e/20/e3q8)
2026-01-30 20:48:33,521 - app.routes.auth - ERROR - Registration failed: (sqlite3.OperationalError) no such table: users
[SQL: SELECT users.id, users.email, users.username, users.full_name, users.hashed_password, users.is_active, users.is_superuser, users.created_at, users.updated_at 
FROM users 
WHERE users.username = ?]
[parameters: ('yassviejo',)]
(Background on this error at: https://sqlalche.me/e/20/e3q8)
Traceback (most recent call last):
  File "C:\Users\Vyass\AppData\Roaming\Python\Python313\site-packages\sqlalchemy\engine\base.py", line 1967, in _exec_single_context
    self.dialect.do_execute(
    ~~~~~~~~~~~~~~~~~~~~~~~^
        cursor, str_statement, effective_parameters, context
        ^^^^^^^^^^^^^^^^^^^^^^^^^^^^^^^^^^^^^^^^^^^^^^^^^^^^
    )
    ^
  File "C:\Users\Vyass\AppData\Roaming\Python\Python313\site-packages\sqlalchemy\engine\default.py", line 941, in do_execute
    cursor.execute(statement, parameters)
    ~~~~~~~~~~~~~~^^^^^^^^^^^^^^^^^^^^^^^
  File "C:\Users\Vyass\AppData\Roaming\Python\Python313\site-packages\sqlalchemy\dialects\sqlite\aiosqlite.py", line 147, in execute
    self._adapt_connection._handle_exception(error)
    ~~~~~~~~~~~~~~~~~~~~~~~~~~~~~~~~~~~~~~~~^^^^^^^
  File "C:\Users\Vyass\AppData\Roaming\Python\Python313\site-packages\sqlalchemy\dialects\sqlite\aiosqlite.py", line 298, in _handle_exception
    raise error
  File "C:\Users\Vyass\AppData\Roaming\Python\Python313\site-packages\sqlalchemy\dialects\sqlite\aiosqlite.py", line 129, in execute
    self.await_(_cursor.execute(operation, parameters))
    ~~~~~~~~~~~^^^^^^^^^^^^^^^^^^^^^^^^^^^^^^^^^^^^^^^^
  File "C:\Users\Vyass\AppData\Roaming\Python\Python313\site-packages\sqlalchemy\util\_concurrency_py3k.py", line 132, in await_only
    return current.parent.switch(awaitable)  # type: ignore[no-any-return,attr-defined] # noqa: E501
           ~~~~~~~~~~~~~~~~~~~~~^^^^^^^^^^^
  File "C:\Users\Vyass\AppData\Roaming\Python\Python313\site-packages\sqlalchemy\util\_concurrency_py3k.py", line 196, in greenlet_spawn
    value = await result
            ^^^^^^^^^^^^
  File "C:\Users\Vyass\AppData\Roaming\Python\Python313\site-packages\aiosqlite\cursor.py", line 48, in execute
    await self._execute(self._cursor.execute, sql, parameters)
  File "C:\Users\Vyass\AppData\Roaming\Python\Python313\site-packages\aiosqlite\cursor.py", line 40, in _execute
    return await self._conn._execute(fn, *args, **kwargs)
           ^^^^^^^^^^^^^^^^^^^^^^^^^^^^^^^^^^^^^^^^^^^^^^
  File "C:\Users\Vyass\AppData\Roaming\Python\Python313\site-packages\aiosqlite\core.py", line 132, in _execute
    return await future
           ^^^^^^^^^^^^
  File "C:\Users\Vyass\AppData\Roaming\Python\Python313\site-packages\aiosqlite\core.py", line 115, in run
    result = function()
sqlite3.OperationalError: no such table: users

The above exception was the direct cause of the following exception:

Traceback (most recent call last):
  File "C:\Users\Vyass\OneDrive\Desktop\PFE\backend\app\routes\auth.py", line 37, in register
    existing_user = await auth_service.get_user_by_username(db, user_data.username)
                    ^^^^^^^^^^^^^^^^^^^^^^^^^^^^^^^^^^^^^^^^^^^^^^^^^^^^^^^^^^^^^^^
  File "C:\Users\Vyass\OneDrive\Desktop\PFE\backend\app\services\auth_service.py", line 77, in get_user_by_username
    result = await db.execute(select(User).where(User.username == username))
             ^^^^^^^^^^^^^^^^^^^^^^^^^^^^^^^^^^^^^^^^^^^^^^^^^^^^^^^^^^^^^^^
  File "C:\Users\Vyass\AppData\Roaming\Python\Python313\site-packages\sqlalchemy\ext\asyncio\session.py", line 461, in execute
    result = await greenlet_spawn(
             ^^^^^^^^^^^^^^^^^^^^^
    ...<6 lines>...
    )
    ^
  File "C:\Users\Vyass\AppData\Roaming\Python\Python313\site-packages\sqlalchemy\util\_concurrency_py3k.py", line 201, in greenlet_spawn
    result = context.throw(*sys.exc_info())
  File "C:\Users\Vyass\AppData\Roaming\Python\Python313\site-packages\sqlalchemy\orm\session.py", line 2362, in execute
    return self._execute_internal(
           ~~~~~~~~~~~~~~~~~~~~~~^
        statement,
        ^^^^^^^^^^
    ...<4 lines>...
        _add_event=_add_event,
        ^^^^^^^^^^^^^^^^^^^^^^
    )
    ^
  File "C:\Users\Vyass\AppData\Roaming\Python\Python313\site-packages\sqlalchemy\orm\session.py", line 2247, in _execute_internal
    result: Result[Any] = compile_state_cls.orm_execute_statement(
                          ~~~~~~~~~~~~~~~~~~~~~~~~~~~~~~~~~~~~~~~^
        self,
        ^^^^^
    ...<4 lines>...
        conn,
        ^^^^^
    )
    ^
  File "C:\Users\Vyass\AppData\Roaming\Python\Python313\site-packages\sqlalchemy\orm\context.py", line 305, in orm_execute_statement
    result = conn.execute(
        statement, params or {}, execution_options=execution_options
    )
  File "C:\Users\Vyass\AppData\Roaming\Python\Python313\site-packages\sqlalchemy\engine\base.py", line 1418, in execute
    return meth(
        self,
        distilled_parameters,
        execution_options or NO_OPTIONS,
    )
  File "C:\Users\Vyass\AppData\Roaming\Python\Python313\site-packages\sqlalchemy\sql\elements.py", line 515, in _execute_on_connection
    return connection._execute_clauseelement(
           ~~~~~~~~~~~~~~~~~~~~~~~~~~~~~~~~~^
        self, distilled_params, execution_options
        ^^^^^^^^^^^^^^^^^^^^^^^^^^^^^^^^^^^^^^^^^
    )
    ^
  File "C:\Users\Vyass\AppData\Roaming\Python\Python313\site-packages\sqlalchemy\engine\base.py", line 1640, in _execute_clauseelement
    ret = self._execute_context(
        dialect,
    ...<8 lines>...
        cache_hit=cache_hit,
    )
  File "C:\Users\Vyass\AppData\Roaming\Python\Python313\site-packages\sqlalchemy\engine\base.py", line 1846, in _execute_context
    return self._exec_single_context(
           ~~~~~~~~~~~~~~~~~~~~~~~~~^
        dialect, context, statement, parameters
        ^^^^^^^^^^^^^^^^^^^^^^^^^^^^^^^^^^^^^^^
    )
    ^
  File "C:\Users\Vyass\AppData\Roaming\Python\Python313\site-packages\sqlalchemy\engine\base.py", line 1986, in _exec_single_context
    self._handle_dbapi_exception(
    ~~~~~~~~~~~~~~~~~~~~~~~~~~~~^
        e, str_statement, effective_parameters, cursor, context
        ^^^^^^^^^^^^^^^^^^^^^^^^^^^^^^^^^^^^^^^^^^^^^^^^^^^^^^^
    )
    ^
  File "C:\Users\Vyass\AppData\Roaming\Python\Python313\site-packages\sqlalchemy\engine\base.py", line 2355, in _handle_dbapi_exception
    raise sqlalchemy_exception.with_traceback(exc_info[2]) from e
  File "C:\Users\Vyass\AppData\Roaming\Python\Python313\site-packages\sqlalchemy\engine\base.py", line 1967, in _exec_single_context
    self.dialect.do_execute(
    ~~~~~~~~~~~~~~~~~~~~~~~^
        cursor, str_statement, effective_parameters, context
        ^^^^^^^^^^^^^^^^^^^^^^^^^^^^^^^^^^^^^^^^^^^^^^^^^^^^
    )
    ^
  File "C:\Users\Vyass\AppData\Roaming\Python\Python313\site-packages\sqlalchemy\engine\default.py", line 941, in do_execute
    cursor.execute(statement, parameters)
    ~~~~~~~~~~~~~~^^^^^^^^^^^^^^^^^^^^^^^
  File "C:\Users\Vyass\AppData\Roaming\Python\Python313\site-packages\sqlalchemy\dialects\sqlite\aiosqlite.py", line 147, in execute
    self._adapt_connection._handle_exception(error)
    ~~~~~~~~~~~~~~~~~~~~~~~~~~~~~~~~~~~~~~~~^^^^^^^
  File "C:\Users\Vyass\AppData\Roaming\Python\Python313\site-packages\sqlalchemy\dialects\sqlite\aiosqlite.py", line 298, in _handle_exception
    raise error
  File "C:\Users\Vyass\AppData\Roaming\Python\Python313\site-packages\sqlalchemy\dialects\sqlite\aiosqlite.py", line 129, in execute
    self.await_(_cursor.execute(operation, parameters))
    ~~~~~~~~~~~^^^^^^^^^^^^^^^^^^^^^^^^^^^^^^^^^^^^^^^^
  File "C:\Users\Vyass\AppData\Roaming\Python\Python313\site-packages\sqlalchemy\util\_concurrency_py3k.py", line 132, in await_only
    return current.parent.switch(awaitable)  # type: ignore[no-any-return,attr-defined] # noqa: E501
           ~~~~~~~~~~~~~~~~~~~~~^^^^^^^^^^^
  File "C:\Users\Vyass\AppData\Roaming\Python\Python313\site-packages\sqlalchemy\util\_concurrency_py3k.py", line 196, in greenlet_spawn
    value = await result
            ^^^^^^^^^^^^
  File "C:\Users\Vyass\AppData\Roaming\Python\Python313\site-packages\aiosqlite\cursor.py", line 48, in execute
    await self._execute(self._cursor.execute, sql, parameters)
  File "C:\Users\Vyass\AppData\Roaming\Python\Python313\site-packages\aiosqlite\cursor.py", line 40, in _execute
    return await self._conn._execute(fn, *args, **kwargs)
           ^^^^^^^^^^^^^^^^^^^^^^^^^^^^^^^^^^^^^^^^^^^^^^
  File "C:\Users\Vyass\AppData\Roaming\Python\Python313\site-packages\aiosqlite\core.py", line 132, in _execute
    return await future
           ^^^^^^^^^^^^
  File "C:\Users\Vyass\AppData\Roaming\Python\Python313\site-packages\aiosqlite\core.py", line 115, in run
    result = function()
sqlalchemy.exc.OperationalError: (sqlite3.OperationalError) no such table: users
[SQL: SELECT users.id, users.email, users.username, users.full_name, users.hashed_password, users.is_active, users.is_superuser, users.created_at, users.updated_at 
FROM users 
WHERE users.username = ?]
[parameters: ('yassviejo',)]
(Background on this error at: https://sqlalche.me/e/20/e3q8)
2026-01-30 20:51:27,188 - app.services.gmail_service - INFO - Gmail OAuth credentials loaded successfully
2026-01-30 20:51:27,206 - app.main - INFO - Starting PhishGuard AI...
2026-01-30 20:51:27,243 - app.main - INFO - Database initialized
2026-01-30 20:51:59,686 - app.routes.auth - INFO - New user registered: yasviejo
2026-01-30 20:52:11,924 - googleapiclient.discovery_cache - INFO - file_cache is only supported with oauth2client<4.0.0
2026-01-30 20:52:12,745 - app.services.gmail_service - INFO - Retrieved 20 emails from Gmail
2026-01-30 20:52:18,410 - googleapiclient.discovery_cache - INFO - file_cache is only supported with oauth2client<4.0.0
2026-01-30 20:52:19,196 - app.services.gmail_service - INFO - Retrieved 20 emails from Gmail
2026-01-30 20:52:25,696 - googleapiclient.discovery_cache - INFO - file_cache is only supported with oauth2client<4.0.0
2026-01-30 20:52:26,432 - app.services.gmail_service - INFO - Retrieved email content for message ID: 19c106d093b99718
2026-01-30 20:52:26,435 - googleapiclient.discovery_cache - INFO - file_cache is only supported with oauth2client<4.0.0
2026-01-30 20:52:27,176 - app.services.gmail_service - INFO - Retrieved email content for message ID: 19c10011c75ea2a1
2026-01-30 20:52:27,179 - googleapiclient.discovery_cache - INFO - file_cache is only supported with oauth2client<4.0.0
2026-01-30 20:52:27,918 - app.services.gmail_service - INFO - Retrieved email content for message ID: 19c103122856272f
2026-01-30 20:52:30,370 - app.routes.analysis - INFO - User yasviejo starting bulk analysis of 3 emails
2026-01-30 20:52:30,389 - app.routes.analysis - INFO - Bulk analysis complete: 3 emails processed in 0.02s
2026-01-30 20:56:44,342 - app.main - INFO - Shutting down PhishGuard AI...
2026-02-02 15:30:08,763 - app.services.gmail_service - INFO - Gmail OAuth credentials loaded successfully
2026-02-02 15:30:08,781 - app.main - INFO - Starting PhishGuard AI...
2026-02-02 15:30:08,789 - app.main - INFO - Database initialized
2026-02-02 15:32:18,352 - app.routes.auth - INFO - New user registered: yassin
2026-02-02 15:32:31,076 - app.routes.analysis - INFO - User yassin analyzing URL: https://www.kora999-live.com/
2026-02-02 15:32:31,154 - app.routes.analysis - INFO - URL analysis complete: safe (confidence: 100.0%)
2026-02-02 15:32:50,561 - app.routes.analysis - INFO - User yassin analyzing URL: https://secure-paypal-verify.tk/login)
2026-02-02 15:32:50,629 - app.routes.analysis - INFO - URL analysis complete: safe (confidence: 100.0%)
2026-02-02 15:32:59,058 - app.routes.analysis - INFO - User yassin analyzing URL: https://secure-paypal-verify.tk/login
2026-02-02 15:32:59,126 - app.routes.analysis - INFO - URL analysis complete: safe (confidence: 100.0%)
2026-02-02 15:33:35,044 - app.routes.analysis - INFO - User yassin analyzing URL: http://secure-paypal-login-verify.com/update
2026-02-02 15:33:35,111 - app.routes.analysis - INFO - URL analysis complete: safe (confidence: 100.0%)
2026-02-02 15:34:18,564 - app.routes.analysis - INFO - User yassin analyzing URL: http://secure-paypal-login-verify.com/update
2026-02-02 15:34:18,630 - app.routes.analysis - INFO - URL analysis complete: safe (confidence: 100.0%)
2026-02-02 15:35:06,917 - app.routes.analysis - INFO - User yassin analyzing URL: https://secure-paypal-verify.tk/login
2026-02-02 15:35:06,989 - app.routes.analysis - INFO - URL analysis complete: safe (confidence: 100.0%)
2026-02-02 15:39:31,286 - app.main - INFO - Shutting down PhishGuard AI...
2026-02-02 15:39:34,643 - app.services.gmail_service - INFO - Gmail OAuth credentials loaded successfully
2026-02-02 15:39:34,663 - app.main - INFO - Starting PhishGuard AI...
2026-02-02 15:39:34,669 - app.main - INFO - Database initialized
2026-02-02 15:40:02,036 - app.main - INFO - Shutting down PhishGuard AI...
2026-02-02 15:40:05,252 - app.services.gmail_service - INFO - Gmail OAuth credentials loaded successfully
2026-02-02 15:40:05,268 - app.main - INFO - Starting PhishGuard AI...
2026-02-02 15:40:05,274 - app.main - INFO - Database initialized
2026-02-02 15:42:34,382 - app.routes.analysis - INFO - User yassin analyzing URL: https://paypal-verify.fkuqwn.com
2026-02-02 15:42:34,390 - app.routes.analysis - INFO - URL analysis complete: suspicious (confidence: 75.0%)
2026-02-02 15:42:49,426 - app.routes.analysis - INFO - User yassin analyzing URL: http://secure-paypal-login-verify.com/update
2026-02-02 15:42:49,430 - app.routes.analysis - INFO - URL analysis complete: dangerous (confidence: 95.0%)
2026-02-02 15:43:06,658 - app.routes.analysis - INFO - User yassin analyzing URL: https://www.google.com
2026-02-02 15:43:06,662 - app.routes.analysis - INFO - URL analysis complete: safe (confidence: 79.0%)
2026-02-02 17:23:43,408 - app.main - INFO - Shutting down PhishGuard AI...
2026-02-02 17:23:47,310 - app.services.gmail_service - INFO - Gmail OAuth credentials loaded successfully
2026-02-02 17:23:47,328 - app.main - INFO - Starting PhishGuard AI...
2026-02-02 17:23:47,335 - app.main - INFO - Database initialized
2026-02-02 17:23:51,375 - app.services.gmail_service - INFO - Gmail OAuth credentials loaded successfully
2026-02-02 17:23:51,394 - app.main - INFO - Starting PhishGuard AI...
2026-02-02 17:23:51,405 - app.main - INFO - Database initialized
2026-02-03 09:17:35,674 - app.routes.analysis - INFO - User yassin analyzing URL: https://paypal-verify.fkuqwn.com
2026-02-03 09:17:35,684 - app.routes.analysis - INFO - URL analysis complete: suspicious (confidence: 75.0%)
2026-02-03 09:19:53,536 - app.routes.analysis - INFO - User yassin analyzing URL: https://www.google.com
2026-02-03 09:19:53,540 - app.routes.analysis - INFO - URL analysis complete: safe (confidence: 79.0%)
2026-02-03 09:22:42,593 - app.routes.analysis - INFO - User yassin analyzing URL: https://faceb00k-security-update.com/login
2026-02-03 09:22:42,597 - app.routes.analysis - INFO - URL analysis complete: suspicious (confidence: 75.0%)
2026-02-03 09:23:24,906 - app.routes.analysis - INFO - User yassin analyzing URL: https://dropbox-file-share-secure.com/download
2026-02-03 09:23:24,911 - app.routes.analysis - INFO - URL analysis complete: safe (confidence: 89.0%)
2026-02-03 09:31:39,112 - app.services.gmail_service - INFO - Gmail OAuth credentials loaded successfully
2026-02-03 09:31:39,129 - app.main - INFO - Starting PhishGuard AI...
2026-02-03 09:31:39,134 - app.main - INFO - Database initialized
2026-02-03 09:32:17,711 - app.routes.analysis - INFO - User yassin analyzing URL: https://dropbox-file-share-secure.com/download
2026-02-03 09:32:17,788 - app.routes.analysis - INFO - URL analysis complete: dangerous (confidence: 99.99593353271484%)
2026-02-03 09:32:48,928 - app.routes.analysis - INFO - User yassin analyzing URL: http://chase-bank-secure-access.com/online
2026-02-03 09:32:48,933 - app.routes.analysis - INFO - URL analysis complete: dangerous (confidence: 99.99593353271484%)
2026-02-03 09:33:28,357 - app.routes.analysis - INFO - User yassin analyzing URL: https://stackoverflow.com
2026-02-03 09:33:28,363 - app.routes.analysis - INFO - URL analysis complete: dangerous (confidence: 99.86456298828125%)
2026-02-03 09:33:31,251 - app.routes.analysis - INFO - User yassin analyzing URL: https://stackoverflow.com
2026-02-03 09:33:31,257 - app.routes.analysis - INFO - URL analysis complete: dangerous (confidence: 99.86456298828125%)
2026-02-03 09:33:31,994 - app.routes.analysis - INFO - User yassin analyzing URL: https://stackoverflow.com
2026-02-03 09:33:32,000 - app.routes.analysis - INFO - URL analysis complete: dangerous (confidence: 99.86456298828125%)
2026-02-03 09:33:32,827 - app.routes.analysis - INFO - User yassin analyzing URL: https://stackoverflow.com
2026-02-03 09:33:32,834 - app.routes.analysis - INFO - URL analysis complete: dangerous (confidence: 99.86456298828125%)
2026-02-03 09:41:29,107 - app.main - INFO - Shutting down PhishGuard AI...
2026-02-03 09:41:32,314 - app.services.gmail_service - INFO - Gmail OAuth credentials loaded successfully
2026-02-03 09:41:32,332 - app.main - INFO - Starting PhishGuard AI...
2026-02-03 09:41:32,337 - app.main - INFO - Database initialized
2026-02-03 09:41:35,506 - app.services.gmail_service - INFO - Gmail OAuth credentials loaded successfully
2026-02-03 09:41:35,523 - app.main - INFO - Starting PhishGuard AI...
2026-02-03 09:41:35,528 - app.main - INFO - Database initialized
2026-02-03 09:46:32,880 - app.main - INFO - Shutting down PhishGuard AI...
2026-02-03 09:46:35,982 - app.services.gmail_service - INFO - Gmail OAuth credentials loaded successfully
2026-02-03 09:46:36,000 - app.main - INFO - Starting PhishGuard AI...
2026-02-03 09:46:36,005 - app.main - INFO - Database initialized
2026-02-03 09:49:01,749 - app.main - INFO - Shutting down PhishGuard AI...
2026-02-03 09:49:09,974 - app.services.gmail_service - INFO - Gmail OAuth credentials loaded successfully
2026-02-03 09:49:09,992 - app.main - INFO - Starting PhishGuard AI...
2026-02-03 09:49:09,997 - app.main - INFO - Database initialized
2026-02-03 09:54:07,334 - app.main - INFO - Shutting down PhishGuard AI...
2026-02-03 09:54:10,465 - app.services.gmail_service - INFO - Gmail OAuth credentials loaded successfully
2026-02-03 09:54:10,482 - app.main - INFO - Starting PhishGuard AI...
2026-02-03 09:54:10,487 - app.main - INFO - Database initialized
2026-02-03 09:54:13,727 - app.services.gmail_service - INFO - Gmail OAuth credentials loaded successfully
2026-02-03 09:54:13,748 - app.main - INFO - Starting PhishGuard AI...
2026-02-03 09:54:13,754 - app.main - INFO - Database initialized
2026-02-03 10:08:23,656 - app.services.gmail_service - INFO - Gmail OAuth credentials loaded successfully
2026-02-03 10:08:23,672 - app.main - INFO - Starting PhishGuard AI...
2026-02-03 10:08:23,678 - app.main - INFO - Database initialized
2026-02-03 10:09:32,614 - app.routes.analysis - INFO - User yassin analyzing URL: https://developer.mozilla.org
2026-02-03 10:09:32,625 - app.routes.analysis - INFO - URL analysis complete: safe (confidence: 90.14273431518893%)
2026-02-03 10:09:51,487 - app.routes.analysis - INFO - User yassin analyzing URL: https://stackoverflow.com
2026-02-03 10:09:51,492 - app.routes.analysis - INFO - URL analysis complete: safe (confidence: 95.0%)
2026-02-03 10:10:06,903 - app.routes.analysis - INFO - User yassin analyzing URL: http://chase-bank-secure-access.com/online
2026-02-03 10:10:06,908 - app.routes.analysis - INFO - URL analysis complete: dangerous (confidence: 99.99325829858799%)
2026-02-03 10:10:16,161 - app.routes.analysis - INFO - User yassin analyzing URL: https://dropbox-file-share-secure.com/download
2026-02-03 10:10:16,166 - app.routes.analysis - INFO - URL analysis complete: dangerous (confidence: 99.95557388238994%)
2026-02-03 10:10:33,864 - app.routes.analysis - INFO - User yassin analyzing URL:  https://netflix-account-billing.com/pay
2026-02-03 10:10:33,869 - app.routes.analysis - INFO - URL analysis complete: dangerous (confidence: 99.99580185361957%)
2026-02-03 10:10:45,517 - app.routes.analysis - INFO - User yassin analyzing URL: https://www.postgresql.org
2026-02-03 10:10:45,522 - app.routes.analysis - INFO - URL analysis complete: safe (confidence: 90.14273431518893%)
2026-02-03 10:11:03,208 - app.routes.analysis - INFO - User yassin analyzing URL: https://github.com
2026-02-03 10:11:03,212 - app.routes.analysis - INFO - URL analysis complete: safe (confidence: 95.0%)
2026-02-03 10:11:14,597 - app.routes.analysis - INFO - User yassin analyzing URL: https://www.flashscore.com/
2026-02-03 10:11:14,602 - app.routes.analysis - INFO - URL analysis complete: safe (confidence: 90.14273431518893%)
2026-02-03 10:11:26,717 - app.routes.analysis - INFO - User yassin analyzing URL: https://ytmp3.gg/fr/
2026-02-03 10:11:26,722 - app.routes.analysis - INFO - URL analysis complete: dangerous (confidence: 99.94085631973697%)
2026-02-03 10:12:04,947 - app.routes.analysis - INFO - User yassin analyzing URL: https://www.kaggle.com/
2026-02-03 10:12:04,953 - app.routes.analysis - INFO - URL analysis complete: safe (confidence: 90.14273431518893%)
2026-02-03 10:12:30,610 - app.routes.analysis - INFO - User yassin analyzing URL: https://fastapi.tiangolo.com/
2026-02-03 10:12:30,615 - app.routes.analysis - INFO - URL analysis complete: safe (confidence: 90.14273431518893%)
2026-02-03 10:13:03,790 - app.routes.analysis - INFO - User yassin analyzing URL: https://www.ilovepdf.com/fr
2026-02-03 10:13:03,795 - app.routes.analysis - INFO - URL analysis complete: safe (confidence: 90.14273431518893%)
2026-02-03 10:17:30,328 - app.routes.analysis - INFO - User yassin analyzing URL: https://postgresql.org/profile
2026-02-03 10:17:30,333 - app.routes.analysis - INFO - URL analysis complete: dangerous (confidence: 99.94085631973697%)
2026-02-03 10:18:18,286 - app.routes.analysis - INFO - User yassin analyzing URL: https://verify-g00gl3-reset.ru/reset
2026-02-03 10:18:18,291 - app.routes.analysis - INFO - URL analysis complete: dangerous (confidence: 99.95557388238994%)
2026-02-03 10:18:28,335 - app.routes.analysis - INFO - User yassin analyzing URL:  https://postgresql.org/docs
2026-02-03 10:18:28,339 - app.routes.analysis - INFO - URL analysis complete: dangerous (confidence: 99.99614853548981%)
2026-02-03 10:19:55,251 - app.routes.analysis - INFO - User yassin analyzing URL: https://stackoverflow.com/docs
2026-02-03 10:19:55,255 - app.routes.analysis - INFO - URL analysis complete: safe (confidence: 95.0%)
2026-02-03 10:20:18,855 - app.routes.analysis - INFO - User yassin analyzing URL: https://postgresql.org/docs
2026-02-03 10:20:18,861 - app.routes.analysis - INFO - URL analysis complete: dangerous (confidence: 99.94085631973697%)
2026-02-03 10:21:48,077 - app.main - INFO - Shutting down PhishGuard AI...
2026-02-03 10:21:51,326 - app.services.gmail_service - INFO - Gmail OAuth credentials loaded successfully
2026-02-03 10:21:51,344 - app.main - INFO - Starting PhishGuard AI...
2026-02-03 10:21:51,351 - app.main - INFO - Database initialized
2026-02-03 10:43:43,794 - app.routes.analysis - INFO - User yassin analyzing URL: https://postgresql.org/docs
2026-02-03 10:43:43,802 - app.routes.analysis - INFO - URL analysis complete: safe (confidence: 95.0%)
2026-02-03 10:44:02,879 - app.routes.analysis - INFO - User yassin analyzing URL: https://postgresql.org/profile
2026-02-03 10:44:02,883 - app.routes.analysis - INFO - URL analysis complete: safe (confidence: 95.0%)
2026-02-03 11:44:43,918 - app.main - INFO - Shutting down PhishGuard AI...
2026-02-03 11:44:56,230 - app.services.gmail_service - INFO - Gmail OAuth credentials loaded successfully
2026-02-03 11:44:56,258 - app.main - INFO - Starting PhishGuard AI...
2026-02-03 11:44:56,266 - app.main - INFO - Database initialized
2026-02-03 11:45:31,168 - app.services.gmail_service - INFO - Gmail OAuth credentials loaded successfully
2026-02-03 11:45:31,184 - app.main - INFO - Starting PhishGuard AI...
2026-02-03 11:45:31,189 - app.main - INFO - Database initialized
2026-02-03 11:47:06,427 - app.routes.analysis - INFO - User yassin analyzing URL: https://postgresql.org/profile
2026-02-03 11:47:06,435 - app.routes.analysis - INFO - URL analysis complete: safe (confidence: 88.0%)
2026-02-03 11:47:18,695 - app.routes.analysis - INFO - User yassin analyzing URL: https://postgresql.org/docs
2026-02-03 11:47:18,699 - app.routes.analysis - INFO - URL analysis complete: safe (confidence: 82.0%)
2026-02-03 11:47:38,638 - app.routes.analysis - INFO - User yassin analyzing URL: https://github.com/login
2026-02-03 11:47:38,642 - app.routes.analysis - INFO - URL analysis complete: safe (confidence: 89.0%)
2026-02-03 11:47:47,862 - app.routes.analysis - INFO - User yassin analyzing URL: https://stackoverflow.com/search
2026-02-03 11:47:47,866 - app.routes.analysis - INFO - URL analysis complete: safe (confidence: 87.0%)
2026-02-03 11:47:55,784 - app.routes.analysis - INFO - User yassin analyzing URL: https://verify-g00gl3-reset.ru/reset
2026-02-03 11:47:55,788 - app.routes.analysis - INFO - URL analysis complete: safe (confidence: 77.0%)
2026-02-03 11:47:59,159 - app.routes.analysis - INFO - User yassin analyzing URL: https://verify-g00gl3-reset.ru/reset
2026-02-03 11:47:59,164 - app.routes.analysis - INFO - URL analysis complete: safe (confidence: 83.0%)
2026-02-03 11:48:23,073 - app.routes.analysis - INFO - User yassin analyzing URL: https://verify-p@yp@l-security.club/account
2026-02-03 11:48:23,076 - app.routes.analysis - INFO - URL analysis complete: suspicious (confidence: 75.0%)
2026-02-03 11:49:28,063 - app.routes.analysis - INFO - User yassin analyzing URL:  bit.ly 
2026-02-03 11:49:28,063 - app.routes.analysis - ERROR - URL analysis failed: list index out of range
Traceback (most recent call last):
  File "C:\Users\Vyass\OneDrive\Desktop\PFE\backend\app\routes\analysis.py", line 102, in analyze_url
    threat_level, confidence, features, recommendations = detector.analyze_url(
                                                          ~~~~~~~~~~~~~~~~~~~~^
        request.url
        ^^^^^^^^^^^
    )
    ^
  File "C:\Users\Vyass\OneDrive\Desktop\PFE\backend\app\services\detector.py", line 293, in analyze_url
    return self._rule_based_url_analysis(url)
           ~~~~~~~~~~~~~~~~~~~~~~~~~~~~~^^^^^
  File "C:\Users\Vyass\OneDrive\Desktop\PFE\backend\app\services\detector.py", line 720, in _rule_based_url_analysis
    domain_parts = url_lower.split('://')[1].split('/')[0].split('.')
                   ~~~~~~~~~~~~~~~~~~~~~~^^^
IndexError: list index out of range
2026-02-03 11:51:49,615 - app.routes.analysis - INFO - User yassin analyzing URL:  https://goo.gl/945936
2026-02-03 11:51:49,618 - app.routes.analysis - INFO - URL analysis complete: safe (confidence: 82.0%)
2026-02-03 11:52:12,102 - app.routes.analysis - INFO - User yassin analyzing URL: https://t.co/456465
2026-02-03 11:52:12,106 - app.routes.analysis - INFO - URL analysis complete: safe (confidence: 78.0%)
2026-02-03 11:52:28,953 - app.routes.analysis - INFO - User yassin analyzing URL: https://account-b@nk0f@m3r1c@-support.com/support
2026-02-03 11:52:28,956 - app.routes.analysis - INFO - URL analysis complete: safe (confidence: 89.0%)
2026-02-03 11:53:11,283 - app.routes.analysis - INFO - User yassin analyzing URL: https://goo.gl/285114
2026-02-03 11:53:11,287 - app.routes.analysis - INFO - URL analysis complete: safe (confidence: 78.0%)
2026-02-03 11:58:57,395 - app.main - INFO - Shutting down PhishGuard AI...
2026-02-03 11:59:01,265 - app.services.gmail_service - INFO - Gmail OAuth credentials loaded successfully
2026-02-03 11:59:01,284 - app.main - INFO - Starting PhishGuard AI...
2026-02-03 11:59:01,290 - app.main - INFO - Database initialized
2026-02-03 12:01:19,717 - app.main - INFO - Shutting down PhishGuard AI...
2026-02-03 12:01:26,641 - app.services.gmail_service - INFO - Gmail OAuth credentials loaded successfully
2026-02-03 12:01:26,658 - app.main - INFO - Starting PhishGuard AI...
2026-02-03 12:01:26,663 - app.main - INFO - Database initialized
2026-02-03 12:01:46,535 - app.routes.analysis - INFO - User yassin analyzing URL: https://goo.gl/285114
2026-02-03 12:01:46,546 - app.routes.analysis - INFO - URL analysis complete: dangerous (confidence: 99.4656401531858%)
2026-02-03 12:01:56,391 - app.routes.analysis - INFO - User yassin analyzing URL:  https://verify-g00gl3-reset.ru/reset
2026-02-03 12:01:56,396 - app.routes.analysis - INFO - URL analysis complete: suspicious (confidence: 87.61816883830316%)
2026-02-03 12:02:07,063 - app.routes.analysis - INFO - User yassin analyzing URL: https://tinyurl.com/454855
2026-02-03 12:02:07,068 - app.routes.analysis - INFO - URL analysis complete: safe (confidence: 95.61327615722465%)
2026-02-03 12:03:04,332 - app.routes.analysis - INFO - User yassin analyzing URL: https://t.co/202853
2026-02-03 12:03:04,337 - app.routes.analysis - INFO - URL analysis complete: dangerous (confidence: 99.4656401531858%)
2026-02-03 12:03:16,945 - app.routes.analysis - INFO - User yassin analyzing URL: https://secure-m1cr0s0ft-update.com/confirm
2026-02-03 12:03:16,950 - app.routes.analysis - INFO - URL analysis complete: suspicious (confidence: 87.61816883830316%)
2026-02-03 12:03:28,577 - app.routes.analysis - INFO - User yassin analyzing URL: https://postgresql.org/profile
2026-02-03 12:03:28,583 - app.routes.analysis - INFO - URL analysis complete: safe (confidence: 95.61327615722465%)
2026-02-03 12:03:44,658 - app.routes.analysis - INFO - User yassin analyzing URL: https://stackoverflow.com/profile
2026-02-03 12:03:44,662 - app.routes.analysis - INFO - URL analysis complete: safe (confidence: 95.61327615722465%)
2026-02-03 12:03:55,739 - app.routes.analysis - INFO - User yassin analyzing URL: https://stackoverflow.com/profile
2026-02-03 12:03:55,744 - app.routes.analysis - INFO - URL analysis complete: safe (confidence: 95.61327615722465%)
2026-02-03 12:04:13,753 - app.routes.analysis - INFO - User yassin analyzing URL: http://account-dr0pb0x-reset.ru/confirm
2026-02-03 12:04:13,758 - app.routes.analysis - INFO - URL analysis complete: dangerous (confidence: 99.99894230125489%)
2026-02-03 12:04:21,726 - app.routes.analysis - INFO - User yassin analyzing URL: https://goo.gl/237014
2026-02-03 12:04:21,730 - app.routes.analysis - INFO - URL analysis complete: dangerous (confidence: 99.4656401531858%)
2026-02-03 12:04:40,667 - app.routes.analysis - INFO - User yassin analyzing URL: https://bit.ly/691250
2026-02-03 12:04:40,672 - app.routes.analysis - INFO - URL analysis complete: dangerous (confidence: 99.4656401531858%)
2026-02-03 12:04:52,081 - app.routes.analysis - INFO - User yassin analyzing URL:  https://verify-b@nk0f@m3r1c@-security.ru/verify
2026-02-03 12:04:52,086 - app.routes.analysis - INFO - URL analysis complete: dangerous (confidence: 99.86548884824803%)
2026-02-03 12:04:59,900 - app.routes.analysis - INFO - User yassin analyzing URL: https://account-g00gl3-confirm.xyz/update
2026-02-03 12:04:59,905 - app.routes.analysis - INFO - URL analysis complete: dangerous (confidence: 99.919951516396%)
2026-02-03 12:05:13,802 - app.routes.analysis - INFO - User yassin analyzing URL: https://tinyurl.com/308256
2026-02-03 12:05:13,807 - app.routes.analysis - INFO - URL analysis complete: safe (confidence: 95.61327615722465%)
2026-02-03 12:05:26,005 - app.routes.analysis - INFO - User yassin analyzing URL: http://update-ch@s3-reset.xyz/reset
2026-02-03 12:05:26,009 - app.routes.analysis - INFO - URL analysis complete: dangerous (confidence: 99.9999397652301%)
2026-02-03 12:05:36,868 - app.routes.analysis - INFO - User yassin analyzing URL: https://account-b@nk0f@m3r1c@-support.com/support
2026-02-03 12:05:36,873 - app.routes.analysis - INFO - URL analysis complete: dangerous (confidence: 99.86548884824803%)
2026-02-03 12:05:47,509 - app.routes.analysis - INFO - User yassin analyzing URL: https://account-g00gl3-confirm.xyz/update
2026-02-03 12:05:47,514 - app.routes.analysis - INFO - URL analysis complete: dangerous (confidence: 99.919951516396%)
2026-02-03 12:05:57,308 - app.routes.analysis - INFO - User yassin analyzing URL: https://verify-@ppl3-login.top/secure
2026-02-03 12:05:57,313 - app.routes.analysis - INFO - URL analysis complete: dangerous (confidence: 99.9990052656276%)
2026-02-03 12:06:07,853 - app.routes.analysis - INFO - User yassin analyzing URL: https://verify-p@yp@l-security.club/account
2026-02-03 12:06:07,858 - app.routes.analysis - INFO - URL analysis complete: dangerous (confidence: 99.86548884824803%)
2026-02-03 12:06:15,578 - app.routes.analysis - INFO - User yassin analyzing URL:  https://verify-g00gl3-reset.ru/reset
2026-02-03 12:06:15,583 - app.routes.analysis - INFO - URL analysis complete: suspicious (confidence: 87.61816883830316%)
2026-02-03 12:06:25,774 - app.routes.analysis - INFO - User yassin analyzing URL: https://tinyurl.com/454855
2026-02-03 12:06:25,780 - app.routes.analysis - INFO - URL analysis complete: safe (confidence: 95.61327615722465%)
2026-02-03 12:06:59,385 - app.routes.analysis - INFO - User yassin analyzing URL: https://goo.gl/945936
2026-02-03 12:06:59,389 - app.routes.analysis - INFO - URL analysis complete: dangerous (confidence: 99.4656401531858%)
2026-02-03 12:07:06,575 - app.routes.analysis - INFO - User yassin analyzing URL: https://account-b@nk0f@m3r1c@-support.com/support
2026-02-03 12:07:06,580 - app.routes.analysis - INFO - URL analysis complete: dangerous (confidence: 99.86548884824803%)
2026-02-03 12:07:12,724 - app.routes.analysis - INFO - User yassin analyzing URL: https://account-g00gl3-confirm.xyz/update
2026-02-03 12:07:12,728 - app.routes.analysis - INFO - URL analysis complete: dangerous (confidence: 99.919951516396%)
2026-02-03 12:07:27,904 - app.routes.analysis - INFO - User yassin analyzing URL:  https://postgresql.org/login
2026-02-03 12:07:27,908 - app.routes.analysis - INFO - URL analysis complete: safe (confidence: 95.61327615722465%)
2026-02-03 12:07:35,613 - app.routes.analysis - INFO - User yassin analyzing URL: https://github.com/search
2026-02-03 12:07:35,617 - app.routes.analysis - INFO - URL analysis complete: safe (confidence: 95.61327615722465%)
2026-02-03 12:07:46,735 - app.routes.analysis - INFO - User yassin analyzing URL: https://www.fotoolog.com/
2026-02-03 12:07:46,740 - app.routes.analysis - INFO - URL analysis complete: safe (confidence: 95.61327615722465%)
2026-02-03 12:08:12,929 - app.routes.analysis - INFO - User yassin analyzing URL: https://www.facebook.com/yassine.bassoumi.52/
2026-02-03 12:08:12,933 - app.routes.analysis - INFO - URL analysis complete: safe (confidence: 95.61327615722465%)
2026-02-03 12:08:33,713 - app.routes.analysis - INFO - User yassin analyzing URL: https://www.flashscore.com/
2026-02-03 12:08:33,718 - app.routes.analysis - INFO - URL analysis complete: safe (confidence: 95.61327615722465%)
2026-02-03 12:39:35,851 - app.main - INFO - Shutting down PhishGuard AI...
2026-02-03 12:46:22,049 - app.services.gmail_service - INFO - Gmail OAuth credentials loaded successfully
2026-02-03 12:46:22,065 - app.main - INFO - Starting PhishGuard AI...
2026-02-03 12:46:22,071 - app.main - INFO - Database initialized
2026-02-03 12:46:48,125 - app.routes.analysis - INFO - User yassin analyzing URL: http://account-dr0pb0x-reset.ru/confirm
2026-02-03 12:46:48,133 - app.routes.analysis - INFO - URL analysis complete: dangerous (confidence: 99.99864759829201%)
2026-02-03 12:46:55,974 - app.routes.analysis - INFO - User yassin analyzing URL: https://tinyurl.com/308256
2026-02-03 12:46:55,979 - app.routes.analysis - INFO - URL analysis complete: safe (confidence: 95.84988310580535%)
2026-02-03 12:47:11,750 - app.routes.analysis - INFO - User yassin analyzing URL: https://verify-b@nk0f@m3r1c@-security.ru/verify
2026-02-03 12:47:11,755 - app.routes.analysis - INFO - URL analysis complete: dangerous (confidence: 99.94703035340692%)
2026-02-03 12:47:18,917 - app.routes.analysis - INFO - User yassin analyzing URL: https://t.co/456465
2026-02-03 12:47:18,922 - app.routes.analysis - INFO - URL analysis complete: dangerous (confidence: 99.56603225185685%)
2026-02-03 12:47:30,102 - app.routes.analysis - INFO - User yassin analyzing URL: https://verify-g00gl3-reset.ru/reset
2026-02-03 12:47:30,107 - app.routes.analysis - INFO - URL analysis complete: suspicious (confidence: 87.48836331523269%)
2026-02-03 12:47:36,315 - app.routes.analysis - INFO - User yassin analyzing URL: https://verify-p@yp@l-security.club/account
2026-02-03 12:47:36,319 - app.routes.analysis - INFO - URL analysis complete: dangerous (confidence: 99.94703035340692%)
2026-02-03 12:47:45,376 - app.routes.analysis - INFO - User yassin analyzing URL: https://m1cr0s0ft-reset.info/billing
2026-02-03 12:47:45,379 - app.routes.analysis - INFO - URL analysis complete: safe (confidence: 89.4952841915088%)
2026-02-03 12:48:11,279 - app.routes.analysis - INFO - User yassin analyzing URL: https://verify-@ppl3-login.top/secure
2026-02-03 12:48:11,283 - app.routes.analysis - INFO - URL analysis complete: dangerous (confidence: 99.988397211221%)
2026-02-03 12:48:18,480 - app.routes.analysis - INFO - User yassin analyzing URL:  https://secure-m1cr0s0ft-update.com/confirm
2026-02-03 12:48:18,484 - app.routes.analysis - INFO - URL analysis complete: suspicious (confidence: 87.48836331523269%)
2026-02-03 12:48:25,315 - app.routes.analysis - INFO - User yassin analyzing URL: https://account-b@nk0f@m3r1c@-support.com/support
2026-02-03 12:48:25,319 - app.routes.analysis - INFO - URL analysis complete: dangerous (confidence: 99.94703035340692%)
2026-02-03 12:48:31,752 - app.routes.analysis - INFO - User yassin analyzing URL: https://goo.gl/945936
2026-02-03 12:48:31,756 - app.routes.analysis - INFO - URL analysis complete: dangerous (confidence: 99.56603225185685%)
2026-02-03 12:48:37,820 - app.routes.analysis - INFO - User yassin analyzing URL: https://tinyurl.com/454855
2026-02-03 12:48:37,824 - app.routes.analysis - INFO - URL analysis complete: safe (confidence: 95.84988310580535%)
2026-02-03 12:48:45,480 - app.routes.analysis - INFO - User yassin analyzing URL: https://tinyurl.com/308256
2026-02-03 12:48:45,484 - app.routes.analysis - INFO - URL analysis complete: safe (confidence: 95.84988310580535%)
2026-02-03 12:48:52,514 - app.routes.analysis - INFO - User yassin analyzing URL: https://bit.ly/691250
2026-02-03 12:48:52,518 - app.routes.analysis - INFO - URL analysis complete: dangerous (confidence: 99.56603225185685%)
2026-02-03 12:49:16,289 - app.routes.analysis - INFO - User yassin analyzing URL: https://tinyurl.com/308256
2026-02-03 12:49:16,293 - app.routes.analysis - INFO - URL analysis complete: safe (confidence: 95.84988310580535%)
2026-02-03 12:51:19,053 - app.main - INFO - Shutting down PhishGuard AI...
2026-02-03 12:51:22,758 - app.services.gmail_service - INFO - Gmail OAuth credentials loaded successfully
2026-02-03 12:51:22,788 - app.main - INFO - Starting PhishGuard AI...
2026-02-03 12:51:22,796 - app.main - INFO - Database initialized
2026-02-03 12:53:19,405 - app.services.gmail_service - INFO - Gmail OAuth credentials loaded successfully
2026-02-03 12:53:19,422 - app.main - INFO - Starting PhishGuard AI...
2026-02-03 12:53:19,427 - app.main - INFO - Database initialized
2026-02-03 12:54:14,835 - app.routes.analysis - INFO - User yassin analyzing URL: https://tinyurl.com/308256
2026-02-03 12:54:14,842 - app.routes.analysis - INFO - URL analysis complete: dangerous (confidence: 99.56603225185685%)
2026-02-03 12:56:23,960 - app.routes.analysis - INFO - User yassin analyzing URL: https://m1cr0s0ft-reset.info/billing
2026-02-03 12:56:23,965 - app.routes.analysis - INFO - URL analysis complete: safe (confidence: 89.4952841915088%)
2026-02-03 12:56:37,365 - app.routes.analysis - INFO - User yassin analyzing URL: https://tinyurl.com/454855
2026-02-03 12:56:37,369 - app.routes.analysis - INFO - URL analysis complete: dangerous (confidence: 99.56603225185685%)
2026-02-03 12:56:44,700 - app.routes.analysis - INFO - User yassin analyzing URL: https://m1cr0s0ft-reset.info/billing
2026-02-03 12:56:44,704 - app.routes.analysis - INFO - URL analysis complete: safe (confidence: 89.4952841915088%)
2026-02-03 13:00:35,031 - app.services.gmail_service - INFO - Gmail OAuth credentials loaded successfully
2026-02-03 13:00:35,049 - app.main - INFO - Starting PhishGuard AI...
2026-02-03 13:00:35,055 - app.main - INFO - Database initialized
2026-02-03 13:01:12,530 - app.routes.analysis - INFO - User yassin analyzing URL: https://m1cr0s0ft-reset.info/billing
2026-02-03 13:01:12,540 - app.routes.analysis - INFO - URL analysis complete: dangerous (confidence: 98.22437085530986%)
2026-02-03 13:01:17,542 - app.routes.analysis - INFO - User yassin analyzing URL: https://t.co/456465
2026-02-03 13:01:17,547 - app.routes.analysis - INFO - URL analysis complete: dangerous (confidence: 99.56603225185685%)
2026-02-03 13:01:23,093 - app.routes.analysis - INFO - User yassin analyzing URL: https://tinyurl.com/454855
2026-02-03 13:01:23,098 - app.routes.analysis - INFO - URL analysis complete: dangerous (confidence: 99.56603225185685%)
2026-02-03 13:01:41,046 - app.routes.analysis - INFO - User yassin analyzing URL: https://t.co/202853
2026-02-03 13:01:41,050 - app.routes.analysis - INFO - URL analysis complete: dangerous (confidence: 99.56603225185685%)
2026-02-03 13:01:48,373 - app.routes.analysis - INFO - User yassin analyzing URL: https://verify-b@nk0f@m3r1c@-security.ru/verify
2026-02-03 13:01:48,377 - app.routes.analysis - INFO - URL analysis complete: dangerous (confidence: 99.94703035340692%)
2026-02-03 13:01:59,535 - app.routes.analysis - INFO - User yassin analyzing URL: https://goo.gl/237014
2026-02-03 13:01:59,540 - app.routes.analysis - INFO - URL analysis complete: dangerous (confidence: 99.56603225185685%)
2026-02-03 13:02:05,982 - app.routes.analysis - INFO - User yassin analyzing URL: http://secure-dr0pb0x-login.com/security
2026-02-03 13:02:05,987 - app.routes.analysis - INFO - URL analysis complete: dangerous (confidence: 99.99864759829201%)
2026-02-03 13:02:10,718 - app.routes.analysis - INFO - User yassin analyzing URL: https://stackoverflow.com/docs
2026-02-03 13:02:10,723 - app.routes.analysis - INFO - URL analysis complete: safe (confidence: 95.84988310580535%)
2026-02-03 13:02:17,678 - app.routes.analysis - INFO - User yassin analyzing URL: https://postgresql.org/docs
2026-02-03 13:02:17,682 - app.routes.analysis - INFO - URL analysis complete: safe (confidence: 95.84988310580535%)
2026-02-03 13:02:21,846 - app.routes.analysis - INFO - User yassin analyzing URL: https://postgresql.org/profile
2026-02-03 13:02:21,851 - app.routes.analysis - INFO - URL analysis complete: safe (confidence: 95.84988310580535%)
2026-02-03 13:02:28,900 - app.routes.analysis - INFO - User yassin analyzing URL: https://www.kimi.com/chat/19c22e46-87b2-8a4c-8000-090ba95fe658
2026-02-03 13:02:28,904 - app.routes.analysis - INFO - URL analysis complete: dangerous (confidence: 99.87552124665889%)
2026-02-03 13:02:45,419 - app.routes.analysis - INFO - User yassin analyzing URL: https://www.kimi.com/
2026-02-03 13:02:45,423 - app.routes.analysis - INFO - URL analysis complete: safe (confidence: 95.84988310580535%)
2026-02-04 08:07:25,484 - app.services.gmail_service - INFO - Gmail OAuth credentials loaded successfully
2026-02-04 08:07:25,504 - app.main - INFO - Starting PhishGuard AI...
2026-02-04 08:13:36,760 - app.services.gmail_service - INFO - Gmail OAuth credentials loaded successfully
2026-02-04 08:13:36,782 - app.main - INFO - Starting PhishGuard AI...
2026-02-04 08:14:05,395 - app.services.gmail_service - INFO - Gmail OAuth credentials loaded successfully
2026-02-04 08:14:05,415 - app.main - INFO - Starting PhishGuard AI...
2026-02-04 08:14:07,407 - app.main - INFO - Database initialized
2026-02-04 08:14:18,934 - app.services.gmail_service - INFO - Gmail OAuth credentials loaded successfully
2026-02-04 08:14:18,953 - app.main - INFO - Starting PhishGuard AI...
2026-02-04 08:14:20,524 - app.main - INFO - Database initialized
2026-02-04 08:18:07,058 - app.routes.auth - INFO - New user registered: toumia
2026-02-04 08:19:07,034 - googleapiclient.discovery_cache - INFO - file_cache is only supported with oauth2client<4.0.0
2026-02-04 08:19:07,626 - google_auth_httplib2 - INFO - Refreshing credentials due to a 401 response. Attempt 1/2.
2026-02-04 08:19:08,616 - app.services.gmail_service - INFO - Retrieved 20 emails from Gmail
2026-02-04 08:19:13,977 - googleapiclient.discovery_cache - INFO - file_cache is only supported with oauth2client<4.0.0
2026-02-04 08:19:14,509 - google_auth_httplib2 - INFO - Refreshing credentials due to a 401 response. Attempt 1/2.
2026-02-04 08:19:15,312 - app.services.gmail_service - INFO - Retrieved 20 emails from Gmail
2026-02-04 08:19:21,484 - googleapiclient.discovery_cache - INFO - file_cache is only supported with oauth2client<4.0.0
2026-02-04 08:19:22,040 - google_auth_httplib2 - INFO - Refreshing credentials due to a 401 response. Attempt 1/2.
2026-02-04 08:19:22,919 - app.services.gmail_service - INFO - Retrieved email content for message ID: 19c275f7764e86a1
2026-02-04 08:19:23,347 - app.routes.analysis - INFO - User toumia analyzing email content (length: 7429)
2026-02-04 08:19:23,637 - app.routes.analysis - INFO - Email analysis complete: suspicious (confidence: 77.73334655877665%)
2026-02-04 08:21:34,092 - googleapiclient.discovery_cache - INFO - file_cache is only supported with oauth2client<4.0.0
2026-02-04 08:21:34,566 - google_auth_httplib2 - INFO - Refreshing credentials due to a 401 response. Attempt 1/2.
2026-02-04 08:21:35,524 - app.services.gmail_service - INFO - Retrieved 20 emails from Gmail
2026-02-04 08:21:40,986 - googleapiclient.discovery_cache - INFO - file_cache is only supported with oauth2client<4.0.0
2026-02-04 08:21:41,490 - google_auth_httplib2 - INFO - Refreshing credentials due to a 401 response. Attempt 1/2.
2026-02-04 08:21:42,295 - app.services.gmail_service - INFO - Retrieved 20 emails from Gmail
2026-02-04 08:24:15,471 - app.main - INFO - Shutting down PhishGuard AI...
2026-02-04 08:24:18,723 - app.services.gmail_service - INFO - Gmail OAuth credentials loaded successfully
2026-02-04 08:24:18,740 - app.main - INFO - Starting PhishGuard AI...
2026-02-04 08:24:24,250 - app.main - INFO - Database initialized
2026-02-04 08:24:27,471 - app.services.gmail_service - INFO - Gmail OAuth credentials loaded successfully
2026-02-04 08:24:27,488 - app.main - INFO - Starting PhishGuard AI...
2026-02-04 08:24:32,766 - app.main - INFO - Database initialized
2026-02-04 09:09:40,255 - app.routes.auth - INFO - New user registered: zayneb
2026-02-04 09:13:00,847 - app.services.gmail_service - INFO - Generated Gmail authorization URL
2026-02-04 09:17:05,629 - app.services.gmail_service - INFO - Gmail OAuth credentials loaded successfully
2026-02-04 09:17:05,653 - app.main - INFO - Starting PhishGuard AI...
2026-02-04 09:17:08,064 - app.main - INFO - Database initialized
2026-02-04 09:21:04,658 - app.services.gmail_service - INFO - Generated Gmail authorization URL
2026-02-04 09:21:16,699 - app.services.gmail_service - INFO - Successfully exchanged code for token
2026-02-04 09:21:16,864 - googleapiclient.discovery_cache - INFO - file_cache is only supported with oauth2client<4.0.0
2026-02-04 09:21:17,744 - app.services.gmail_service - INFO - Retrieved 20 emails from Gmail
2026-02-04 09:21:23,775 - googleapiclient.discovery_cache - INFO - file_cache is only supported with oauth2client<4.0.0
2026-02-04 09:21:24,482 - app.services.gmail_service - INFO - Retrieved 20 emails from Gmail
2026-02-04 09:21:40,802 - googleapiclient.discovery_cache - INFO - file_cache is only supported with oauth2client<4.0.0
2026-02-04 09:21:41,490 - app.services.gmail_service - INFO - Retrieved email content for message ID: 19c27b4a72228e30
2026-02-04 09:21:42,199 - app.routes.analysis - INFO - User zayneb analyzing email content (length: 913)
2026-02-04 09:21:42,608 - app.routes.analysis - INFO - Email analysis complete: safe (confidence: 80.40403578460841%)
2026-02-04 09:21:45,216 - googleapiclient.discovery_cache - INFO - file_cache is only supported with oauth2client<4.0.0
2026-02-04 09:21:46,192 - app.services.gmail_service - INFO - Retrieved email content for message ID: 19c24ce479e48b33
2026-02-04 09:21:46,704 - app.routes.analysis - INFO - User zayneb analyzing email content (length: 27671)
2026-02-04 09:21:46,908 - app.routes.analysis - INFO - Email analysis complete: suspicious (confidence: 75.36477857449377%)
2026-02-04 09:22:01,082 - googleapiclient.discovery_cache - INFO - file_cache is only supported with oauth2client<4.0.0
2026-02-04 09:22:01,881 - app.services.gmail_service - INFO - Retrieved email content for message ID: 19c108eb06207c21
2026-02-04 09:22:02,371 - app.routes.analysis - INFO - User zayneb analyzing email content (length: 25374)
2026-02-04 09:22:02,576 - app.routes.analysis - INFO - Email analysis complete: suspicious (confidence: 78.03541027608432%)
2026-02-04 09:25:31,147 - googleapiclient.discovery_cache - INFO - file_cache is only supported with oauth2client<4.0.0
2026-02-04 09:25:32,094 - app.services.gmail_service - INFO - Retrieved 20 emails from Gmail
2026-02-04 09:25:37,834 - googleapiclient.discovery_cache - INFO - file_cache is only supported with oauth2client<4.0.0
2026-02-04 09:25:38,662 - app.services.gmail_service - INFO - Retrieved 20 emails from Gmail
2026-02-04 09:25:44,191 - googleapiclient.discovery_cache - INFO - file_cache is only supported with oauth2client<4.0.0
2026-02-04 09:25:45,099 - app.services.gmail_service - INFO - Retrieved 20 emails from Gmail
2026-02-04 09:25:49,816 - googleapiclient.discovery_cache - INFO - file_cache is only supported with oauth2client<4.0.0
2026-02-04 09:25:50,734 - app.services.gmail_service - INFO - Retrieved 20 emails from Gmail
2026-02-04 09:58:17,674 - app.main - INFO - Shutting down PhishGuard AI...
2026-02-04 14:43:23,729 - app.services.gmail_service - INFO - Gmail OAuth credentials loaded successfully
2026-02-04 14:43:23,750 - app.services.outlook_service - INFO - Microsoft OAuth credentials loaded successfully
2026-02-04 14:43:23,770 - app.main - INFO - Starting PhishGuard AI...
2026-02-04 14:43:26,276 - app.main - INFO - Database initialized
2026-02-04 14:45:05,444 - googleapiclient.discovery_cache - INFO - file_cache is only supported with oauth2client<4.0.0
2026-02-04 14:45:06,224 - google_auth_httplib2 - INFO - Refreshing credentials due to a 401 response. Attempt 1/2.
2026-02-04 14:45:07,246 - app.services.gmail_service - INFO - Retrieved 20 emails from Gmail
2026-02-04 14:45:13,395 - googleapiclient.discovery_cache - INFO - file_cache is only supported with oauth2client<4.0.0
2026-02-04 14:45:14,006 - google_auth_httplib2 - INFO - Refreshing credentials due to a 401 response. Attempt 1/2.
2026-02-04 14:45:14,939 - app.services.gmail_service - INFO - Retrieved 20 emails from Gmail
2026-02-04 14:49:57,977 - app.main - INFO - Shutting down PhishGuard AI...
2026-02-04 14:50:01,315 - app.services.gmail_service - INFO - Gmail OAuth credentials loaded successfully
2026-02-04 14:50:01,328 - app.services.outlook_service - INFO - Microsoft OAuth credentials loaded successfully
2026-02-04 14:50:01,347 - app.main - INFO - Starting PhishGuard AI...
2026-02-04 14:50:03,909 - app.main - INFO - Database initialized
2026-02-04 14:50:07,117 - app.services.gmail_service - INFO - Gmail OAuth credentials loaded successfully
2026-02-04 14:50:07,131 - app.services.outlook_service - INFO - Microsoft OAuth credentials loaded successfully
2026-02-04 14:50:07,149 - app.main - INFO - Starting PhishGuard AI...
2026-02-04 14:50:09,644 - app.main - INFO - Database initialized
2026-02-04 14:52:57,244 - app.main - INFO - Shutting down PhishGuard AI...
2026-02-04 14:53:00,707 - app.services.gmail_service - INFO - Gmail OAuth credentials loaded successfully
2026-02-04 14:53:00,724 - app.services.outlook_service - INFO - Microsoft OAuth credentials loaded successfully
2026-02-04 14:53:00,751 - app.main - INFO - Starting PhishGuard AI...
2026-02-04 14:53:03,320 - app.main - INFO - Database initialized
2026-02-04 14:53:06,705 - app.services.gmail_service - INFO - Gmail OAuth credentials loaded successfully
2026-02-04 14:53:06,719 - app.services.outlook_service - INFO - Microsoft OAuth credentials loaded successfully
2026-02-04 14:53:06,738 - app.main - INFO - Starting PhishGuard AI...
2026-02-04 14:53:09,260 - app.main - INFO - Database initialized
2026-02-04 14:53:19,381 - app.routes.auth - INFO - User logged in: zayneb
2026-02-04 14:54:32,615 - app.main - INFO - Shutting down PhishGuard AI...
2026-02-04 14:54:41,400 - app.services.gmail_service - INFO - Gmail OAuth credentials loaded successfully
2026-02-04 14:54:41,413 - app.services.outlook_service - INFO - Microsoft OAuth credentials loaded successfully
2026-02-04 14:54:41,431 - app.main - INFO - Starting PhishGuard AI...
2026-02-04 14:54:43,881 - app.main - INFO - Database initialized
2026-02-04 14:59:19,171 - app.main - INFO - Shutting down PhishGuard AI...
2026-02-04 14:59:25,748 - app.services.gmail_service - INFO - Gmail OAuth credentials loaded successfully
2026-02-04 14:59:25,762 - app.services.outlook_service - INFO - Microsoft OAuth credentials loaded successfully
2026-02-04 14:59:25,780 - app.main - INFO - Starting PhishGuard AI...
2026-02-04 14:59:28,255 - app.main - INFO - Database initialized
2026-02-04 15:00:01,395 - app.services.outlook_service - INFO - Generated Microsoft authorization URL
2026-02-04 15:04:22,819 - app.main - INFO - Shutting down PhishGuard AI...
2026-02-04 15:04:26,118 - app.services.gmail_service - INFO - Gmail OAuth credentials loaded successfully
2026-02-04 15:04:26,132 - app.services.outlook_service - INFO - Microsoft OAuth credentials loaded successfully
2026-02-04 15:04:26,152 - app.main - INFO - Starting PhishGuard AI...
2026-02-04 15:04:28,708 - app.main - INFO - Database initialized
2026-02-04 15:05:10,832 - app.main - INFO - Shutting down PhishGuard AI...
2026-02-04 15:05:21,925 - app.services.gmail_service - INFO - Gmail OAuth credentials loaded successfully
2026-02-04 15:05:21,938 - app.services.outlook_service - INFO - Microsoft OAuth credentials loaded successfully
2026-02-04 15:05:21,957 - app.main - INFO - Starting PhishGuard AI...
2026-02-04 15:05:24,620 - app.main - INFO - Database initialized
2026-02-04 15:05:47,561 - app.services.outlook_service - INFO - Generated Microsoft authorization URL
2026-02-04 15:06:21,362 - app.services.outlook_service - INFO - Successfully exchanged code for Microsoft token
2026-02-04 15:08:55,879 - app.services.unified_email_service - ERROR - Failed to store credentials: (sqlalchemy.dialects.postgresql.asyncpg.Error) <class 'asyncpg.exceptions.DataError'>: invalid input for query argument $5: '2026-02-04T15:06:20.362331' (expected a datetime.date or datetime.datetime instance, got 'str')
[SQL: INSERT INTO user_email_credentials (user_id, provider, access_token, refresh_token, token_expiry, email_address) VALUES ($1::INTEGER, $2::VARCHAR, $3::VARCHAR, $4::VARCHAR, $5::TIMESTAMP WITH TIME ZONE, $6::VARCHAR) RETURNING user_email_credentials.id, user_email_credentials.created_at, user_email_credentials.updated_at]
[parameters: (2, 'outlook', 'EwBIBMl6BAAUu4TQbLz/EdYigQnDPtIo76ZZUKsAAUm81KS38J1vaegYFG8zBE+neOh59czlK6G0Rrf2AScGRWbi7gu3ltYxELoQK0UeZhUiVz3hQXpTTCKM603uzesQvycw5hvKlSahAWScwHh8e ... (1166 characters truncated) ... MidR4D4mS0sR3uGWHOjZDqRH/fGH+Fv6+p7Ar4QWBig7c+gMWP8pD86n8K+hVvGfxYt73oRwbVOlYprOI5NaUaVQE3g9PoWQN5ZSz9qGxRf4vXjrBvHc3sYw+MzeLPDY3p+WdOXa7sumju4VUAw==', 'M.C552_BAY.0.U.-CkUgqUMsiIyeEukWgGt7rPGvOp*rhVW4udfmoeTlzWVpi4dSF!jodFl5mQ5EWvf9Z8n3HG*WVcZYr7fcNdsgOEpKxxh41yFILmsDousS6xfytAN6HLUWmk*OW5Pp2mZNWSXsZ ... (170 characters truncated) ... W4Wz6vBVK88Bq*Bofnhl1IoWGnvoXOYRwboPbV!tnlDvP2qsfkjWdEJEkgYE!d9uv2!sR5gt8vabGbsx3vyqI16tzxURd8b2LB5nIhBprz2snBFcgs6RVfGdx29LdbJM6oZwviqfL5VrYtrXyMw$$', '2026-02-04T15:06:20.362331', None)]
(Background on this error at: https://sqlalche.me/e/20/dbapi)
Traceback (most recent call last):
  File "asyncpg/protocol/prepared_stmt.pyx", line 175, in asyncpg.protocol.protocol.PreparedStatementState._encode_bind_msg
  File "asyncpg/protocol/codecs/base.pyx", line 251, in asyncpg.protocol.protocol.Codec.encode
  File "asyncpg/protocol/codecs/base.pyx", line 153, in asyncpg.protocol.protocol.Codec.encode_scalar
  File "asyncpg/pgproto/codecs/datetime.pyx", line 208, in asyncpg.pgproto.pgproto.timestamptz_encode
TypeError: expected a datetime.date or datetime.datetime instance, got 'str'

The above exception was the direct cause of the following exception:

Traceback (most recent call last):
  File "C:\Users\Vyass\AppData\Roaming\Python\Python313\site-packages\sqlalchemy\dialects\postgresql\asyncpg.py", line 534, in _prepare_and_execute
    self._rows = deque(await prepared_stmt.fetch(*parameters))
                       ^^^^^^^^^^^^^^^^^^^^^^^^^^^^^^^^^^^^^^
  File "C:\Users\Vyass\AppData\Roaming\Python\Python313\site-packages\asyncpg\prepared_stmt.py", line 177, in fetch
    data = await self.__bind_execute(args, 0, timeout)
           ^^^^^^^^^^^^^^^^^^^^^^^^^^^^^^^^^^^^^^^^^^^
  File "C:\Users\Vyass\AppData\Roaming\Python\Python313\site-packages\asyncpg\prepared_stmt.py", line 268, in __bind_execute
    data, status, _ = await self.__do_execute(
                      ^^^^^^^^^^^^^^^^^^^^^^^^
        lambda protocol: protocol.bind_execute(
        ^^^^^^^^^^^^^^^^^^^^^^^^^^^^^^^^^^^^^^^
            self._state, args, '', limit, True, timeout))
            ^^^^^^^^^^^^^^^^^^^^^^^^^^^^^^^^^^^^^^^^^^^^^
  File "C:\Users\Vyass\AppData\Roaming\Python\Python313\site-packages\asyncpg\prepared_stmt.py", line 257, in __do_execute
    return await executor(protocol)
           ^^^^^^^^^^^^^^^^^^^^^^^^
  File "asyncpg/protocol/protocol.pyx", line 184, in bind_execute
  File "asyncpg/protocol/prepared_stmt.pyx", line 204, in asyncpg.protocol.protocol.PreparedStatementState._encode_bind_msg
asyncpg.exceptions.DataError: invalid input for query argument $5: '2026-02-04T15:06:20.362331' (expected a datetime.date or datetime.datetime instance, got 'str')

The above exception was the direct cause of the following exception:

Traceback (most recent call last):
  File "C:\Users\Vyass\AppData\Roaming\Python\Python313\site-packages\sqlalchemy\engine\base.py", line 1967, in _exec_single_context
    self.dialect.do_execute(
    ~~~~~~~~~~~~~~~~~~~~~~~^
        cursor, str_statement, effective_parameters, context
        ^^^^^^^^^^^^^^^^^^^^^^^^^^^^^^^^^^^^^^^^^^^^^^^^^^^^
    )
    ^
  File "C:\Users\Vyass\AppData\Roaming\Python\Python313\site-packages\sqlalchemy\engine\default.py", line 941, in do_execute
    cursor.execute(statement, parameters)
    ~~~~~~~~~~~~~~^^^^^^^^^^^^^^^^^^^^^^^
  File "C:\Users\Vyass\AppData\Roaming\Python\Python313\site-packages\sqlalchemy\dialects\postgresql\asyncpg.py", line 568, in execute
    self._adapt_connection.await_(
    ~~~~~~~~~~~~~~~~~~~~~~~~~~~~~^
        self._prepare_and_execute(operation, parameters)
        ^^^^^^^^^^^^^^^^^^^^^^^^^^^^^^^^^^^^^^^^^^^^^^^^
    )
    ^
  File "C:\Users\Vyass\AppData\Roaming\Python\Python313\site-packages\sqlalchemy\util\_concurrency_py3k.py", line 132, in await_only
    return current.parent.switch(awaitable)  # type: ignore[no-any-return,attr-defined] # noqa: E501
           ~~~~~~~~~~~~~~~~~~~~~^^^^^^^^^^^
  File "C:\Users\Vyass\AppData\Roaming\Python\Python313\site-packages\sqlalchemy\util\_concurrency_py3k.py", line 196, in greenlet_spawn
    value = await result
            ^^^^^^^^^^^^
  File "C:\Users\Vyass\AppData\Roaming\Python\Python313\site-packages\sqlalchemy\dialects\postgresql\asyncpg.py", line 546, in _prepare_and_execute
    self._handle_exception(error)
    ~~~~~~~~~~~~~~~~~~~~~~^^^^^^^
  File "C:\Users\Vyass\AppData\Roaming\Python\Python313\site-packages\sqlalchemy\dialects\postgresql\asyncpg.py", line 497, in _handle_exception
    self._adapt_connection._handle_exception(error)
    ~~~~~~~~~~~~~~~~~~~~~~~~~~~~~~~~~~~~~~~~^^^^^^^
  File "C:\Users\Vyass\AppData\Roaming\Python\Python313\site-packages\sqlalchemy\dialects\postgresql\asyncpg.py", line 780, in _handle_exception
    raise translated_error from error
sqlalchemy.dialects.postgresql.asyncpg.AsyncAdapt_asyncpg_dbapi.Error: <class 'asyncpg.exceptions.DataError'>: invalid input for query argument $5: '2026-02-04T15:06:20.362331' (expected a datetime.date or datetime.datetime instance, got 'str')

The above exception was the direct cause of the following exception:

Traceback (most recent call last):
  File "C:\Users\Vyass\OneDrive\Desktop\PhishGuard\backend\app\services\unified_email_service.py", line 118, in store_user_credentials
    await db.commit()
  File "C:\Users\Vyass\AppData\Roaming\Python\Python313\site-packages\sqlalchemy\ext\asyncio\session.py", line 1009, in commit
    await greenlet_spawn(self.sync_session.commit)
  File "C:\Users\Vyass\AppData\Roaming\Python\Python313\site-packages\sqlalchemy\util\_concurrency_py3k.py", line 203, in greenlet_spawn
    result = context.switch(value)
  File "C:\Users\Vyass\AppData\Roaming\Python\Python313\site-packages\sqlalchemy\orm\session.py", line 2028, in commit
    trans.commit(_to_root=True)
    ~~~~~~~~~~~~^^^^^^^^^^^^^^^
  File "<string>", line 2, in commit
  File "C:\Users\Vyass\AppData\Roaming\Python\Python313\site-packages\sqlalchemy\orm\state_changes.py", line 139, in _go
    ret_value = fn(self, *arg, **kw)
  File "C:\Users\Vyass\AppData\Roaming\Python\Python313\site-packages\sqlalchemy\orm\session.py", line 1313, in commit
    self._prepare_impl()
    ~~~~~~~~~~~~~~~~~~^^
  File "<string>", line 2, in _prepare_impl
  File "C:\Users\Vyass\AppData\Roaming\Python\Python313\site-packages\sqlalchemy\orm\state_changes.py", line 139, in _go
    ret_value = fn(self, *arg, **kw)
  File "C:\Users\Vyass\AppData\Roaming\Python\Python313\site-packages\sqlalchemy\orm\session.py", line 1288, in _prepare_impl
    self.session.flush()
    ~~~~~~~~~~~~~~~~~~^^
  File "C:\Users\Vyass\AppData\Roaming\Python\Python313\site-packages\sqlalchemy\orm\session.py", line 4352, in flush
    self._flush(objects)
    ~~~~~~~~~~~^^^^^^^^^
  File "C:\Users\Vyass\AppData\Roaming\Python\Python313\site-packages\sqlalchemy\orm\session.py", line 4487, in _flush
    with util.safe_reraise():
         ~~~~~~~~~~~~~~~~~^^
  File "C:\Users\Vyass\AppData\Roaming\Python\Python313\site-packages\sqlalchemy\util\langhelpers.py", line 146, in __exit__
    raise exc_value.with_traceback(exc_tb)
  File "C:\Users\Vyass\AppData\Roaming\Python\Python313\site-packages\sqlalchemy\orm\session.py", line 4448, in _flush
    flush_context.execute()
    ~~~~~~~~~~~~~~~~~~~~~^^
  File "C:\Users\Vyass\AppData\Roaming\Python\Python313\site-packages\sqlalchemy\orm\unitofwork.py", line 466, in execute
    rec.execute(self)
    ~~~~~~~~~~~^^^^^^
  File "C:\Users\Vyass\AppData\Roaming\Python\Python313\site-packages\sqlalchemy\orm\unitofwork.py", line 642, in execute
    util.preloaded.orm_persistence.save_obj(
    ~~~~~~~~~~~~~~~~~~~~~~~~~~~~~~~~~~~~~~~^
        self.mapper,
        ^^^^^^^^^^^^
        uow.states_for_mapper_hierarchy(self.mapper, False, False),
        ^^^^^^^^^^^^^^^^^^^^^^^^^^^^^^^^^^^^^^^^^^^^^^^^^^^^^^^^^^^
        uow,
        ^^^^
    )
    ^
  File "C:\Users\Vyass\AppData\Roaming\Python\Python313\site-packages\sqlalchemy\orm\persistence.py", line 93, in save_obj
    _emit_insert_statements(
    ~~~~~~~~~~~~~~~~~~~~~~~^
        base_mapper,
        ^^^^^^^^^^^^
    ...<3 lines>...
        insert,
        ^^^^^^^
    )
    ^
  File "C:\Users\Vyass\AppData\Roaming\Python\Python313\site-packages\sqlalchemy\orm\persistence.py", line 1233, in _emit_insert_statements
    result = connection.execute(
        statement,
        params,
        execution_options=execution_options,
    )
  File "C:\Users\Vyass\AppData\Roaming\Python\Python313\site-packages\sqlalchemy\engine\base.py", line 1418, in execute
    return meth(
        self,
        distilled_parameters,
        execution_options or NO_OPTIONS,
    )
  File "C:\Users\Vyass\AppData\Roaming\Python\Python313\site-packages\sqlalchemy\sql\elements.py", line 515, in _execute_on_connection
    return connection._execute_clauseelement(
           ~~~~~~~~~~~~~~~~~~~~~~~~~~~~~~~~~^
        self, distilled_params, execution_options
        ^^^^^^^^^^^^^^^^^^^^^^^^^^^^^^^^^^^^^^^^^
    )
    ^
  File "C:\Users\Vyass\AppData\Roaming\Python\Python313\site-packages\sqlalchemy\engine\base.py", line 1640, in _execute_clauseelement
    ret = self._execute_context(
        dialect,
    ...<8 lines>...
        cache_hit=cache_hit,
    )
  File "C:\Users\Vyass\AppData\Roaming\Python\Python313\site-packages\sqlalchemy\engine\base.py", line 1846, in _execute_context
    return self._exec_single_context(
           ~~~~~~~~~~~~~~~~~~~~~~~~~^
        dialect, context, statement, parameters
        ^^^^^^^^^^^^^^^^^^^^^^^^^^^^^^^^^^^^^^^
    )
    ^
  File "C:\Users\Vyass\AppData\Roaming\Python\Python313\site-packages\sqlalchemy\engine\base.py", line 1986, in _exec_single_context
    self._handle_dbapi_exception(
    ~~~~~~~~~~~~~~~~~~~~~~~~~~~~^
        e, str_statement, effective_parameters, cursor, context
        ^^^^^^^^^^^^^^^^^^^^^^^^^^^^^^^^^^^^^^^^^^^^^^^^^^^^^^^
    )
    ^
  File "C:\Users\Vyass\AppData\Roaming\Python\Python313\site-packages\sqlalchemy\engine\base.py", line 2355, in _handle_dbapi_exception
    raise sqlalchemy_exception.with_traceback(exc_info[2]) from e
  File "C:\Users\Vyass\AppData\Roaming\Python\Python313\site-packages\sqlalchemy\engine\base.py", line 1967, in _exec_single_context
    self.dialect.do_execute(
    ~~~~~~~~~~~~~~~~~~~~~~~^
        cursor, str_statement, effective_parameters, context
        ^^^^^^^^^^^^^^^^^^^^^^^^^^^^^^^^^^^^^^^^^^^^^^^^^^^^
    )
    ^
  File "C:\Users\Vyass\AppData\Roaming\Python\Python313\site-packages\sqlalchemy\engine\default.py", line 941, in do_execute
    cursor.execute(statement, parameters)
    ~~~~~~~~~~~~~~^^^^^^^^^^^^^^^^^^^^^^^
  File "C:\Users\Vyass\AppData\Roaming\Python\Python313\site-packages\sqlalchemy\dialects\postgresql\asyncpg.py", line 568, in execute
    self._adapt_connection.await_(
    ~~~~~~~~~~~~~~~~~~~~~~~~~~~~~^
        self._prepare_and_execute(operation, parameters)
        ^^^^^^^^^^^^^^^^^^^^^^^^^^^^^^^^^^^^^^^^^^^^^^^^
    )
    ^
  File "C:\Users\Vyass\AppData\Roaming\Python\Python313\site-packages\sqlalchemy\util\_concurrency_py3k.py", line 132, in await_only
    return current.parent.switch(awaitable)  # type: ignore[no-any-return,attr-defined] # noqa: E501
           ~~~~~~~~~~~~~~~~~~~~~^^^^^^^^^^^
  File "C:\Users\Vyass\AppData\Roaming\Python\Python313\site-packages\sqlalchemy\util\_concurrency_py3k.py", line 196, in greenlet_spawn
    value = await result
            ^^^^^^^^^^^^
  File "C:\Users\Vyass\AppData\Roaming\Python\Python313\site-packages\sqlalchemy\dialects\postgresql\asyncpg.py", line 546, in _prepare_and_execute
    self._handle_exception(error)
    ~~~~~~~~~~~~~~~~~~~~~~^^^^^^^
  File "C:\Users\Vyass\AppData\Roaming\Python\Python313\site-packages\sqlalchemy\dialects\postgresql\asyncpg.py", line 497, in _handle_exception
    self._adapt_connection._handle_exception(error)
    ~~~~~~~~~~~~~~~~~~~~~~~~~~~~~~~~~~~~~~~~^^^^^^^
  File "C:\Users\Vyass\AppData\Roaming\Python\Python313\site-packages\sqlalchemy\dialects\postgresql\asyncpg.py", line 780, in _handle_exception
    raise translated_error from error
sqlalchemy.exc.DBAPIError: (sqlalchemy.dialects.postgresql.asyncpg.Error) <class 'asyncpg.exceptions.DataError'>: invalid input for query argument $5: '2026-02-04T15:06:20.362331' (expected a datetime.date or datetime.datetime instance, got 'str')
[SQL: INSERT INTO user_email_credentials (user_id, provider, access_token, refresh_token, token_expiry, email_address) VALUES ($1::INTEGER, $2::VARCHAR, $3::VARCHAR, $4::VARCHAR, $5::TIMESTAMP WITH TIME ZONE, $6::VARCHAR) RETURNING user_email_credentials.id, user_email_credentials.created_at, user_email_credentials.updated_at]
[parameters: (2, 'outlook', 'EwBIBMl6BAAUu4TQbLz/EdYigQnDPtIo76ZZUKsAAUm81KS38J1vaegYFG8zBE+neOh59czlK6G0Rrf2AScGRWbi7gu3ltYxELoQK0UeZhUiVz3hQXpTTCKM603uzesQvycw5hvKlSahAWScwHh8e ... (1166 characters truncated) ... MidR4D4mS0sR3uGWHOjZDqRH/fGH+Fv6+p7Ar4QWBig7c+gMWP8pD86n8K+hVvGfxYt73oRwbVOlYprOI5NaUaVQE3g9PoWQN5ZSz9qGxRf4vXjrBvHc3sYw+MzeLPDY3p+WdOXa7sumju4VUAw==', 'M.C552_BAY.0.U.-CkUgqUMsiIyeEukWgGt7rPGvOp*rhVW4udfmoeTlzWVpi4dSF!jodFl5mQ5EWvf9Z8n3HG*WVcZYr7fcNdsgOEpKxxh41yFILmsDousS6xfytAN6HLUWmk*OW5Pp2mZNWSXsZ ... (170 characters truncated) ... W4Wz6vBVK88Bq*Bofnhl1IoWGnvoXOYRwboPbV!tnlDvP2qsfkjWdEJEkgYE!d9uv2!sR5gt8vabGbsx3vyqI16tzxURd8b2LB5nIhBprz2snBFcgs6RVfGdx29LdbJM6oZwviqfL5VrYtrXyMw$$', '2026-02-04T15:06:20.362331', None)]
(Background on this error at: https://sqlalche.me/e/20/dbapi)
2026-02-04 15:08:56,120 - app.routes.email_providers - ERROR - Failed to store credentials: (sqlalchemy.dialects.postgresql.asyncpg.Error) <class 'asyncpg.exceptions.DataError'>: invalid input for query argument $5: '2026-02-04T15:06:20.362331' (expected a datetime.date or datetime.datetime instance, got 'str')
[SQL: INSERT INTO user_email_credentials (user_id, provider, access_token, refresh_token, token_expiry, email_address) VALUES ($1::INTEGER, $2::VARCHAR, $3::VARCHAR, $4::VARCHAR, $5::TIMESTAMP WITH TIME ZONE, $6::VARCHAR) RETURNING user_email_credentials.id, user_email_credentials.created_at, user_email_credentials.updated_at]
[parameters: (2, 'outlook', 'EwBIBMl6BAAUu4TQbLz/EdYigQnDPtIo76ZZUKsAAUm81KS38J1vaegYFG8zBE+neOh59czlK6G0Rrf2AScGRWbi7gu3ltYxELoQK0UeZhUiVz3hQXpTTCKM603uzesQvycw5hvKlSahAWScwHh8e ... (1166 characters truncated) ... MidR4D4mS0sR3uGWHOjZDqRH/fGH+Fv6+p7Ar4QWBig7c+gMWP8pD86n8K+hVvGfxYt73oRwbVOlYprOI5NaUaVQE3g9PoWQN5ZSz9qGxRf4vXjrBvHc3sYw+MzeLPDY3p+WdOXa7sumju4VUAw==', 'M.C552_BAY.0.U.-CkUgqUMsiIyeEukWgGt7rPGvOp*rhVW4udfmoeTlzWVpi4dSF!jodFl5mQ5EWvf9Z8n3HG*WVcZYr7fcNdsgOEpKxxh41yFILmsDousS6xfytAN6HLUWmk*OW5Pp2mZNWSXsZ ... (170 characters truncated) ... W4Wz6vBVK88Bq*Bofnhl1IoWGnvoXOYRwboPbV!tnlDvP2qsfkjWdEJEkgYE!d9uv2!sR5gt8vabGbsx3vyqI16tzxURd8b2LB5nIhBprz2snBFcgs6RVfGdx29LdbJM6oZwviqfL5VrYtrXyMw$$', '2026-02-04T15:06:20.362331', None)]
(Background on this error at: https://sqlalche.me/e/20/dbapi)
Traceback (most recent call last):
  File "asyncpg/protocol/prepared_stmt.pyx", line 175, in asyncpg.protocol.protocol.PreparedStatementState._encode_bind_msg
  File "asyncpg/protocol/codecs/base.pyx", line 251, in asyncpg.protocol.protocol.Codec.encode
  File "asyncpg/protocol/codecs/base.pyx", line 153, in asyncpg.protocol.protocol.Codec.encode_scalar
  File "asyncpg/pgproto/codecs/datetime.pyx", line 208, in asyncpg.pgproto.pgproto.timestamptz_encode
TypeError: expected a datetime.date or datetime.datetime instance, got 'str'

The above exception was the direct cause of the following exception:

Traceback (most recent call last):
  File "C:\Users\Vyass\AppData\Roaming\Python\Python313\site-packages\sqlalchemy\dialects\postgresql\asyncpg.py", line 534, in _prepare_and_execute
    self._rows = deque(await prepared_stmt.fetch(*parameters))
                       ^^^^^^^^^^^^^^^^^^^^^^^^^^^^^^^^^^^^^^
  File "C:\Users\Vyass\AppData\Roaming\Python\Python313\site-packages\asyncpg\prepared_stmt.py", line 177, in fetch
    data = await self.__bind_execute(args, 0, timeout)
           ^^^^^^^^^^^^^^^^^^^^^^^^^^^^^^^^^^^^^^^^^^^
  File "C:\Users\Vyass\AppData\Roaming\Python\Python313\site-packages\asyncpg\prepared_stmt.py", line 268, in __bind_execute
    data, status, _ = await self.__do_execute(
                      ^^^^^^^^^^^^^^^^^^^^^^^^
        lambda protocol: protocol.bind_execute(
        ^^^^^^^^^^^^^^^^^^^^^^^^^^^^^^^^^^^^^^^
            self._state, args, '', limit, True, timeout))
            ^^^^^^^^^^^^^^^^^^^^^^^^^^^^^^^^^^^^^^^^^^^^^
  File "C:\Users\Vyass\AppData\Roaming\Python\Python313\site-packages\asyncpg\prepared_stmt.py", line 257, in __do_execute
    return await executor(protocol)
           ^^^^^^^^^^^^^^^^^^^^^^^^
  File "asyncpg/protocol/protocol.pyx", line 184, in bind_execute
  File "asyncpg/protocol/prepared_stmt.pyx", line 204, in asyncpg.protocol.protocol.PreparedStatementState._encode_bind_msg
asyncpg.exceptions.DataError: invalid input for query argument $5: '2026-02-04T15:06:20.362331' (expected a datetime.date or datetime.datetime instance, got 'str')

The above exception was the direct cause of the following exception:

Traceback (most recent call last):
  File "C:\Users\Vyass\AppData\Roaming\Python\Python313\site-packages\sqlalchemy\engine\base.py", line 1967, in _exec_single_context
    self.dialect.do_execute(
    ~~~~~~~~~~~~~~~~~~~~~~~^
        cursor, str_statement, effective_parameters, context
        ^^^^^^^^^^^^^^^^^^^^^^^^^^^^^^^^^^^^^^^^^^^^^^^^^^^^
    )
    ^
  File "C:\Users\Vyass\AppData\Roaming\Python\Python313\site-packages\sqlalchemy\engine\default.py", line 941, in do_execute
    cursor.execute(statement, parameters)
    ~~~~~~~~~~~~~~^^^^^^^^^^^^^^^^^^^^^^^
  File "C:\Users\Vyass\AppData\Roaming\Python\Python313\site-packages\sqlalchemy\dialects\postgresql\asyncpg.py", line 568, in execute
    self._adapt_connection.await_(
    ~~~~~~~~~~~~~~~~~~~~~~~~~~~~~^
        self._prepare_and_execute(operation, parameters)
        ^^^^^^^^^^^^^^^^^^^^^^^^^^^^^^^^^^^^^^^^^^^^^^^^
    )
    ^
  File "C:\Users\Vyass\AppData\Roaming\Python\Python313\site-packages\sqlalchemy\util\_concurrency_py3k.py", line 132, in await_only
    return current.parent.switch(awaitable)  # type: ignore[no-any-return,attr-defined] # noqa: E501
           ~~~~~~~~~~~~~~~~~~~~~^^^^^^^^^^^
  File "C:\Users\Vyass\AppData\Roaming\Python\Python313\site-packages\sqlalchemy\util\_concurrency_py3k.py", line 196, in greenlet_spawn
    value = await result
            ^^^^^^^^^^^^
  File "C:\Users\Vyass\AppData\Roaming\Python\Python313\site-packages\sqlalchemy\dialects\postgresql\asyncpg.py", line 546, in _prepare_and_execute
    self._handle_exception(error)
    ~~~~~~~~~~~~~~~~~~~~~~^^^^^^^
  File "C:\Users\Vyass\AppData\Roaming\Python\Python313\site-packages\sqlalchemy\dialects\postgresql\asyncpg.py", line 497, in _handle_exception
    self._adapt_connection._handle_exception(error)
    ~~~~~~~~~~~~~~~~~~~~~~~~~~~~~~~~~~~~~~~~^^^^^^^
  File "C:\Users\Vyass\AppData\Roaming\Python\Python313\site-packages\sqlalchemy\dialects\postgresql\asyncpg.py", line 780, in _handle_exception
    raise translated_error from error
sqlalchemy.dialects.postgresql.asyncpg.AsyncAdapt_asyncpg_dbapi.Error: <class 'asyncpg.exceptions.DataError'>: invalid input for query argument $5: '2026-02-04T15:06:20.362331' (expected a datetime.date or datetime.datetime instance, got 'str')

The above exception was the direct cause of the following exception:

Traceback (most recent call last):
  File "C:\Users\Vyass\OneDrive\Desktop\PhishGuard\backend\app\routes\email_providers.py", line 275, in store_provider_credentials
    await unified_email_service.store_user_credentials(
    ...<4 lines>...
    )
  File "C:\Users\Vyass\OneDrive\Desktop\PhishGuard\backend\app\services\unified_email_service.py", line 118, in store_user_credentials
    await db.commit()
  File "C:\Users\Vyass\AppData\Roaming\Python\Python313\site-packages\sqlalchemy\ext\asyncio\session.py", line 1009, in commit
    await greenlet_spawn(self.sync_session.commit)
  File "C:\Users\Vyass\AppData\Roaming\Python\Python313\site-packages\sqlalchemy\util\_concurrency_py3k.py", line 203, in greenlet_spawn
    result = context.switch(value)
  File "C:\Users\Vyass\AppData\Roaming\Python\Python313\site-packages\sqlalchemy\orm\session.py", line 2028, in commit
    trans.commit(_to_root=True)
    ~~~~~~~~~~~~^^^^^^^^^^^^^^^
  File "<string>", line 2, in commit
  File "C:\Users\Vyass\AppData\Roaming\Python\Python313\site-packages\sqlalchemy\orm\state_changes.py", line 139, in _go
    ret_value = fn(self, *arg, **kw)
  File "C:\Users\Vyass\AppData\Roaming\Python\Python313\site-packages\sqlalchemy\orm\session.py", line 1313, in commit
    self._prepare_impl()
    ~~~~~~~~~~~~~~~~~~^^
  File "<string>", line 2, in _prepare_impl
  File "C:\Users\Vyass\AppData\Roaming\Python\Python313\site-packages\sqlalchemy\orm\state_changes.py", line 139, in _go
    ret_value = fn(self, *arg, **kw)
  File "C:\Users\Vyass\AppData\Roaming\Python\Python313\site-packages\sqlalchemy\orm\session.py", line 1288, in _prepare_impl
    self.session.flush()
    ~~~~~~~~~~~~~~~~~~^^
  File "C:\Users\Vyass\AppData\Roaming\Python\Python313\site-packages\sqlalchemy\orm\session.py", line 4352, in flush
    self._flush(objects)
    ~~~~~~~~~~~^^^^^^^^^
  File "C:\Users\Vyass\AppData\Roaming\Python\Python313\site-packages\sqlalchemy\orm\session.py", line 4487, in _flush
    with util.safe_reraise():
         ~~~~~~~~~~~~~~~~~^^
  File "C:\Users\Vyass\AppData\Roaming\Python\Python313\site-packages\sqlalchemy\util\langhelpers.py", line 146, in __exit__
    raise exc_value.with_traceback(exc_tb)
  File "C:\Users\Vyass\AppData\Roaming\Python\Python313\site-packages\sqlalchemy\orm\session.py", line 4448, in _flush
    flush_context.execute()
    ~~~~~~~~~~~~~~~~~~~~~^^
  File "C:\Users\Vyass\AppData\Roaming\Python\Python313\site-packages\sqlalchemy\orm\unitofwork.py", line 466, in execute
    rec.execute(self)
    ~~~~~~~~~~~^^^^^^
  File "C:\Users\Vyass\AppData\Roaming\Python\Python313\site-packages\sqlalchemy\orm\unitofwork.py", line 642, in execute
    util.preloaded.orm_persistence.save_obj(
    ~~~~~~~~~~~~~~~~~~~~~~~~~~~~~~~~~~~~~~~^
        self.mapper,
        ^^^^^^^^^^^^
        uow.states_for_mapper_hierarchy(self.mapper, False, False),
        ^^^^^^^^^^^^^^^^^^^^^^^^^^^^^^^^^^^^^^^^^^^^^^^^^^^^^^^^^^^
        uow,
        ^^^^
    )
    ^
  File "C:\Users\Vyass\AppData\Roaming\Python\Python313\site-packages\sqlalchemy\orm\persistence.py", line 93, in save_obj
    _emit_insert_statements(
    ~~~~~~~~~~~~~~~~~~~~~~~^
        base_mapper,
        ^^^^^^^^^^^^
    ...<3 lines>...
        insert,
        ^^^^^^^
    )
    ^
  File "C:\Users\Vyass\AppData\Roaming\Python\Python313\site-packages\sqlalchemy\orm\persistence.py", line 1233, in _emit_insert_statements
    result = connection.execute(
        statement,
        params,
        execution_options=execution_options,
    )
  File "C:\Users\Vyass\AppData\Roaming\Python\Python313\site-packages\sqlalchemy\engine\base.py", line 1418, in execute
    return meth(
        self,
        distilled_parameters,
        execution_options or NO_OPTIONS,
    )
  File "C:\Users\Vyass\AppData\Roaming\Python\Python313\site-packages\sqlalchemy\sql\elements.py", line 515, in _execute_on_connection
    return connection._execute_clauseelement(
           ~~~~~~~~~~~~~~~~~~~~~~~~~~~~~~~~~^
        self, distilled_params, execution_options
        ^^^^^^^^^^^^^^^^^^^^^^^^^^^^^^^^^^^^^^^^^
    )
    ^
  File "C:\Users\Vyass\AppData\Roaming\Python\Python313\site-packages\sqlalchemy\engine\base.py", line 1640, in _execute_clauseelement
    ret = self._execute_context(
        dialect,
    ...<8 lines>...
        cache_hit=cache_hit,
    )
  File "C:\Users\Vyass\AppData\Roaming\Python\Python313\site-packages\sqlalchemy\engine\base.py", line 1846, in _execute_context
    return self._exec_single_context(
           ~~~~~~~~~~~~~~~~~~~~~~~~~^
        dialect, context, statement, parameters
        ^^^^^^^^^^^^^^^^^^^^^^^^^^^^^^^^^^^^^^^
    )
    ^
  File "C:\Users\Vyass\AppData\Roaming\Python\Python313\site-packages\sqlalchemy\engine\base.py", line 1986, in _exec_single_context
    self._handle_dbapi_exception(
    ~~~~~~~~~~~~~~~~~~~~~~~~~~~~^
        e, str_statement, effective_parameters, cursor, context
        ^^^^^^^^^^^^^^^^^^^^^^^^^^^^^^^^^^^^^^^^^^^^^^^^^^^^^^^
    )
    ^
  File "C:\Users\Vyass\AppData\Roaming\Python\Python313\site-packages\sqlalchemy\engine\base.py", line 2355, in _handle_dbapi_exception
    raise sqlalchemy_exception.with_traceback(exc_info[2]) from e
  File "C:\Users\Vyass\AppData\Roaming\Python\Python313\site-packages\sqlalchemy\engine\base.py", line 1967, in _exec_single_context
    self.dialect.do_execute(
    ~~~~~~~~~~~~~~~~~~~~~~~^
        cursor, str_statement, effective_parameters, context
        ^^^^^^^^^^^^^^^^^^^^^^^^^^^^^^^^^^^^^^^^^^^^^^^^^^^^
    )
    ^
  File "C:\Users\Vyass\AppData\Roaming\Python\Python313\site-packages\sqlalchemy\engine\default.py", line 941, in do_execute
    cursor.execute(statement, parameters)
    ~~~~~~~~~~~~~~^^^^^^^^^^^^^^^^^^^^^^^
  File "C:\Users\Vyass\AppData\Roaming\Python\Python313\site-packages\sqlalchemy\dialects\postgresql\asyncpg.py", line 568, in execute
    self._adapt_connection.await_(
    ~~~~~~~~~~~~~~~~~~~~~~~~~~~~~^
        self._prepare_and_execute(operation, parameters)
        ^^^^^^^^^^^^^^^^^^^^^^^^^^^^^^^^^^^^^^^^^^^^^^^^
    )
    ^
  File "C:\Users\Vyass\AppData\Roaming\Python\Python313\site-packages\sqlalchemy\util\_concurrency_py3k.py", line 132, in await_only
    return current.parent.switch(awaitable)  # type: ignore[no-any-return,attr-defined] # noqa: E501
           ~~~~~~~~~~~~~~~~~~~~~^^^^^^^^^^^
  File "C:\Users\Vyass\AppData\Roaming\Python\Python313\site-packages\sqlalchemy\util\_concurrency_py3k.py", line 196, in greenlet_spawn
    value = await result
            ^^^^^^^^^^^^
  File "C:\Users\Vyass\AppData\Roaming\Python\Python313\site-packages\sqlalchemy\dialects\postgresql\asyncpg.py", line 546, in _prepare_and_execute
    self._handle_exception(error)
    ~~~~~~~~~~~~~~~~~~~~~~^^^^^^^
  File "C:\Users\Vyass\AppData\Roaming\Python\Python313\site-packages\sqlalchemy\dialects\postgresql\asyncpg.py", line 497, in _handle_exception
    self._adapt_connection._handle_exception(error)
    ~~~~~~~~~~~~~~~~~~~~~~~~~~~~~~~~~~~~~~~~^^^^^^^
  File "C:\Users\Vyass\AppData\Roaming\Python\Python313\site-packages\sqlalchemy\dialects\postgresql\asyncpg.py", line 780, in _handle_exception
    raise translated_error from error
sqlalchemy.exc.DBAPIError: (sqlalchemy.dialects.postgresql.asyncpg.Error) <class 'asyncpg.exceptions.DataError'>: invalid input for query argument $5: '2026-02-04T15:06:20.362331' (expected a datetime.date or datetime.datetime instance, got 'str')
[SQL: INSERT INTO user_email_credentials (user_id, provider, access_token, refresh_token, token_expiry, email_address) VALUES ($1::INTEGER, $2::VARCHAR, $3::VARCHAR, $4::VARCHAR, $5::TIMESTAMP WITH TIME ZONE, $6::VARCHAR) RETURNING user_email_credentials.id, user_email_credentials.created_at, user_email_credentials.updated_at]
[parameters: (2, 'outlook', 'EwBIBMl6BAAUu4TQbLz/EdYigQnDPtIo76ZZUKsAAUm81KS38J1vaegYFG8zBE+neOh59czlK6G0Rrf2AScGRWbi7gu3ltYxELoQK0UeZhUiVz3hQXpTTCKM603uzesQvycw5hvKlSahAWScwHh8e ... (1166 characters truncated) ... MidR4D4mS0sR3uGWHOjZDqRH/fGH+Fv6+p7Ar4QWBig7c+gMWP8pD86n8K+hVvGfxYt73oRwbVOlYprOI5NaUaVQE3g9PoWQN5ZSz9qGxRf4vXjrBvHc3sYw+MzeLPDY3p+WdOXa7sumju4VUAw==', 'M.C552_BAY.0.U.-CkUgqUMsiIyeEukWgGt7rPGvOp*rhVW4udfmoeTlzWVpi4dSF!jodFl5mQ5EWvf9Z8n3HG*WVcZYr7fcNdsgOEpKxxh41yFILmsDousS6xfytAN6HLUWmk*OW5Pp2mZNWSXsZ ... (170 characters truncated) ... W4Wz6vBVK88Bq*Bofnhl1IoWGnvoXOYRwboPbV!tnlDvP2qsfkjWdEJEkgYE!d9uv2!sR5gt8vabGbsx3vyqI16tzxURd8b2LB5nIhBprz2snBFcgs6RVfGdx29LdbJM6oZwviqfL5VrYtrXyMw$$', '2026-02-04T15:06:20.362331', None)]
(Background on this error at: https://sqlalche.me/e/20/dbapi)
2026-02-04 15:09:05,402 - app.services.unified_email_service - ERROR - Failed to store credentials: (sqlalchemy.dialects.postgresql.asyncpg.Error) <class 'asyncpg.exceptions.DataError'>: invalid input for query argument $5: '2026-02-04T15:06:20.362331' (expected a datetime.date or datetime.datetime instance, got 'str')
[SQL: INSERT INTO user_email_credentials (user_id, provider, access_token, refresh_token, token_expiry, email_address) VALUES ($1::INTEGER, $2::VARCHAR, $3::VARCHAR, $4::VARCHAR, $5::TIMESTAMP WITH TIME ZONE, $6::VARCHAR) RETURNING user_email_credentials.id, user_email_credentials.created_at, user_email_credentials.updated_at]
[parameters: (2, 'outlook', 'EwBIBMl6BAAUu4TQbLz/EdYigQnDPtIo76ZZUKsAAUm81KS38J1vaegYFG8zBE+neOh59czlK6G0Rrf2AScGRWbi7gu3ltYxELoQK0UeZhUiVz3hQXpTTCKM603uzesQvycw5hvKlSahAWScwHh8e ... (1166 characters truncated) ... MidR4D4mS0sR3uGWHOjZDqRH/fGH+Fv6+p7Ar4QWBig7c+gMWP8pD86n8K+hVvGfxYt73oRwbVOlYprOI5NaUaVQE3g9PoWQN5ZSz9qGxRf4vXjrBvHc3sYw+MzeLPDY3p+WdOXa7sumju4VUAw==', 'M.C552_BAY.0.U.-CkUgqUMsiIyeEukWgGt7rPGvOp*rhVW4udfmoeTlzWVpi4dSF!jodFl5mQ5EWvf9Z8n3HG*WVcZYr7fcNdsgOEpKxxh41yFILmsDousS6xfytAN6HLUWmk*OW5Pp2mZNWSXsZ ... (170 characters truncated) ... W4Wz6vBVK88Bq*Bofnhl1IoWGnvoXOYRwboPbV!tnlDvP2qsfkjWdEJEkgYE!d9uv2!sR5gt8vabGbsx3vyqI16tzxURd8b2LB5nIhBprz2snBFcgs6RVfGdx29LdbJM6oZwviqfL5VrYtrXyMw$$', '2026-02-04T15:06:20.362331', None)]
(Background on this error at: https://sqlalche.me/e/20/dbapi)
Traceback (most recent call last):
  File "asyncpg/protocol/prepared_stmt.pyx", line 175, in asyncpg.protocol.protocol.PreparedStatementState._encode_bind_msg
  File "asyncpg/protocol/codecs/base.pyx", line 251, in asyncpg.protocol.protocol.Codec.encode
  File "asyncpg/protocol/codecs/base.pyx", line 153, in asyncpg.protocol.protocol.Codec.encode_scalar
  File "asyncpg/pgproto/codecs/datetime.pyx", line 208, in asyncpg.pgproto.pgproto.timestamptz_encode
TypeError: expected a datetime.date or datetime.datetime instance, got 'str'

The above exception was the direct cause of the following exception:

Traceback (most recent call last):
  File "C:\Users\Vyass\AppData\Roaming\Python\Python313\site-packages\sqlalchemy\dialects\postgresql\asyncpg.py", line 534, in _prepare_and_execute
    self._rows = deque(await prepared_stmt.fetch(*parameters))
                       ^^^^^^^^^^^^^^^^^^^^^^^^^^^^^^^^^^^^^^
  File "C:\Users\Vyass\AppData\Roaming\Python\Python313\site-packages\asyncpg\prepared_stmt.py", line 177, in fetch
    data = await self.__bind_execute(args, 0, timeout)
           ^^^^^^^^^^^^^^^^^^^^^^^^^^^^^^^^^^^^^^^^^^^
  File "C:\Users\Vyass\AppData\Roaming\Python\Python313\site-packages\asyncpg\prepared_stmt.py", line 268, in __bind_execute
    data, status, _ = await self.__do_execute(
                      ^^^^^^^^^^^^^^^^^^^^^^^^
        lambda protocol: protocol.bind_execute(
        ^^^^^^^^^^^^^^^^^^^^^^^^^^^^^^^^^^^^^^^
            self._state, args, '', limit, True, timeout))
            ^^^^^^^^^^^^^^^^^^^^^^^^^^^^^^^^^^^^^^^^^^^^^
  File "C:\Users\Vyass\AppData\Roaming\Python\Python313\site-packages\asyncpg\prepared_stmt.py", line 257, in __do_execute
    return await executor(protocol)
           ^^^^^^^^^^^^^^^^^^^^^^^^
  File "asyncpg/protocol/protocol.pyx", line 184, in bind_execute
  File "asyncpg/protocol/prepared_stmt.pyx", line 204, in asyncpg.protocol.protocol.PreparedStatementState._encode_bind_msg
asyncpg.exceptions.DataError: invalid input for query argument $5: '2026-02-04T15:06:20.362331' (expected a datetime.date or datetime.datetime instance, got 'str')

The above exception was the direct cause of the following exception:

Traceback (most recent call last):
  File "C:\Users\Vyass\AppData\Roaming\Python\Python313\site-packages\sqlalchemy\engine\base.py", line 1967, in _exec_single_context
    self.dialect.do_execute(
    ~~~~~~~~~~~~~~~~~~~~~~~^
        cursor, str_statement, effective_parameters, context
        ^^^^^^^^^^^^^^^^^^^^^^^^^^^^^^^^^^^^^^^^^^^^^^^^^^^^
    )
    ^
  File "C:\Users\Vyass\AppData\Roaming\Python\Python313\site-packages\sqlalchemy\engine\default.py", line 941, in do_execute
    cursor.execute(statement, parameters)
    ~~~~~~~~~~~~~~^^^^^^^^^^^^^^^^^^^^^^^
  File "C:\Users\Vyass\AppData\Roaming\Python\Python313\site-packages\sqlalchemy\dialects\postgresql\asyncpg.py", line 568, in execute
    self._adapt_connection.await_(
    ~~~~~~~~~~~~~~~~~~~~~~~~~~~~~^
        self._prepare_and_execute(operation, parameters)
        ^^^^^^^^^^^^^^^^^^^^^^^^^^^^^^^^^^^^^^^^^^^^^^^^
    )
    ^
  File "C:\Users\Vyass\AppData\Roaming\Python\Python313\site-packages\sqlalchemy\util\_concurrency_py3k.py", line 132, in await_only
    return current.parent.switch(awaitable)  # type: ignore[no-any-return,attr-defined] # noqa: E501
           ~~~~~~~~~~~~~~~~~~~~~^^^^^^^^^^^
  File "C:\Users\Vyass\AppData\Roaming\Python\Python313\site-packages\sqlalchemy\util\_concurrency_py3k.py", line 196, in greenlet_spawn
    value = await result
            ^^^^^^^^^^^^
  File "C:\Users\Vyass\AppData\Roaming\Python\Python313\site-packages\sqlalchemy\dialects\postgresql\asyncpg.py", line 546, in _prepare_and_execute
    self._handle_exception(error)
    ~~~~~~~~~~~~~~~~~~~~~~^^^^^^^
  File "C:\Users\Vyass\AppData\Roaming\Python\Python313\site-packages\sqlalchemy\dialects\postgresql\asyncpg.py", line 497, in _handle_exception
    self._adapt_connection._handle_exception(error)
    ~~~~~~~~~~~~~~~~~~~~~~~~~~~~~~~~~~~~~~~~^^^^^^^
  File "C:\Users\Vyass\AppData\Roaming\Python\Python313\site-packages\sqlalchemy\dialects\postgresql\asyncpg.py", line 780, in _handle_exception
    raise translated_error from error
sqlalchemy.dialects.postgresql.asyncpg.AsyncAdapt_asyncpg_dbapi.Error: <class 'asyncpg.exceptions.DataError'>: invalid input for query argument $5: '2026-02-04T15:06:20.362331' (expected a datetime.date or datetime.datetime instance, got 'str')

The above exception was the direct cause of the following exception:

Traceback (most recent call last):
  File "C:\Users\Vyass\OneDrive\Desktop\PhishGuard\backend\app\services\unified_email_service.py", line 118, in store_user_credentials
    await db.commit()
  File "C:\Users\Vyass\AppData\Roaming\Python\Python313\site-packages\sqlalchemy\ext\asyncio\session.py", line 1009, in commit
    await greenlet_spawn(self.sync_session.commit)
  File "C:\Users\Vyass\AppData\Roaming\Python\Python313\site-packages\sqlalchemy\util\_concurrency_py3k.py", line 203, in greenlet_spawn
    result = context.switch(value)
  File "C:\Users\Vyass\AppData\Roaming\Python\Python313\site-packages\sqlalchemy\orm\session.py", line 2028, in commit
    trans.commit(_to_root=True)
    ~~~~~~~~~~~~^^^^^^^^^^^^^^^
  File "<string>", line 2, in commit
  File "C:\Users\Vyass\AppData\Roaming\Python\Python313\site-packages\sqlalchemy\orm\state_changes.py", line 139, in _go
    ret_value = fn(self, *arg, **kw)
  File "C:\Users\Vyass\AppData\Roaming\Python\Python313\site-packages\sqlalchemy\orm\session.py", line 1313, in commit
    self._prepare_impl()
    ~~~~~~~~~~~~~~~~~~^^
  File "<string>", line 2, in _prepare_impl
  File "C:\Users\Vyass\AppData\Roaming\Python\Python313\site-packages\sqlalchemy\orm\state_changes.py", line 139, in _go
    ret_value = fn(self, *arg, **kw)
  File "C:\Users\Vyass\AppData\Roaming\Python\Python313\site-packages\sqlalchemy\orm\session.py", line 1288, in _prepare_impl
    self.session.flush()
    ~~~~~~~~~~~~~~~~~~^^
  File "C:\Users\Vyass\AppData\Roaming\Python\Python313\site-packages\sqlalchemy\orm\session.py", line 4352, in flush
    self._flush(objects)
    ~~~~~~~~~~~^^^^^^^^^
  File "C:\Users\Vyass\AppData\Roaming\Python\Python313\site-packages\sqlalchemy\orm\session.py", line 4487, in _flush
    with util.safe_reraise():
         ~~~~~~~~~~~~~~~~~^^
  File "C:\Users\Vyass\AppData\Roaming\Python\Python313\site-packages\sqlalchemy\util\langhelpers.py", line 146, in __exit__
    raise exc_value.with_traceback(exc_tb)
  File "C:\Users\Vyass\AppData\Roaming\Python\Python313\site-packages\sqlalchemy\orm\session.py", line 4448, in _flush
    flush_context.execute()
    ~~~~~~~~~~~~~~~~~~~~~^^
  File "C:\Users\Vyass\AppData\Roaming\Python\Python313\site-packages\sqlalchemy\orm\unitofwork.py", line 466, in execute
    rec.execute(self)
    ~~~~~~~~~~~^^^^^^
  File "C:\Users\Vyass\AppData\Roaming\Python\Python313\site-packages\sqlalchemy\orm\unitofwork.py", line 642, in execute
    util.preloaded.orm_persistence.save_obj(
    ~~~~~~~~~~~~~~~~~~~~~~~~~~~~~~~~~~~~~~~^
        self.mapper,
        ^^^^^^^^^^^^
        uow.states_for_mapper_hierarchy(self.mapper, False, False),
        ^^^^^^^^^^^^^^^^^^^^^^^^^^^^^^^^^^^^^^^^^^^^^^^^^^^^^^^^^^^
        uow,
        ^^^^
    )
    ^
  File "C:\Users\Vyass\AppData\Roaming\Python\Python313\site-packages\sqlalchemy\orm\persistence.py", line 93, in save_obj
    _emit_insert_statements(
    ~~~~~~~~~~~~~~~~~~~~~~~^
        base_mapper,
        ^^^^^^^^^^^^
    ...<3 lines>...
        insert,
        ^^^^^^^
    )
    ^
  File "C:\Users\Vyass\AppData\Roaming\Python\Python313\site-packages\sqlalchemy\orm\persistence.py", line 1233, in _emit_insert_statements
    result = connection.execute(
        statement,
        params,
        execution_options=execution_options,
    )
  File "C:\Users\Vyass\AppData\Roaming\Python\Python313\site-packages\sqlalchemy\engine\base.py", line 1418, in execute
    return meth(
        self,
        distilled_parameters,
        execution_options or NO_OPTIONS,
    )
  File "C:\Users\Vyass\AppData\Roaming\Python\Python313\site-packages\sqlalchemy\sql\elements.py", line 515, in _execute_on_connection
    return connection._execute_clauseelement(
           ~~~~~~~~~~~~~~~~~~~~~~~~~~~~~~~~~^
        self, distilled_params, execution_options
        ^^^^^^^^^^^^^^^^^^^^^^^^^^^^^^^^^^^^^^^^^
    )
    ^
  File "C:\Users\Vyass\AppData\Roaming\Python\Python313\site-packages\sqlalchemy\engine\base.py", line 1640, in _execute_clauseelement
    ret = self._execute_context(
        dialect,
    ...<8 lines>...
        cache_hit=cache_hit,
    )
  File "C:\Users\Vyass\AppData\Roaming\Python\Python313\site-packages\sqlalchemy\engine\base.py", line 1846, in _execute_context
    return self._exec_single_context(
           ~~~~~~~~~~~~~~~~~~~~~~~~~^
        dialect, context, statement, parameters
        ^^^^^^^^^^^^^^^^^^^^^^^^^^^^^^^^^^^^^^^
    )
    ^
  File "C:\Users\Vyass\AppData\Roaming\Python\Python313\site-packages\sqlalchemy\engine\base.py", line 1986, in _exec_single_context
    self._handle_dbapi_exception(
    ~~~~~~~~~~~~~~~~~~~~~~~~~~~~^
        e, str_statement, effective_parameters, cursor, context
        ^^^^^^^^^^^^^^^^^^^^^^^^^^^^^^^^^^^^^^^^^^^^^^^^^^^^^^^
    )
    ^
  File "C:\Users\Vyass\AppData\Roaming\Python\Python313\site-packages\sqlalchemy\engine\base.py", line 2355, in _handle_dbapi_exception
    raise sqlalchemy_exception.with_traceback(exc_info[2]) from e
  File "C:\Users\Vyass\AppData\Roaming\Python\Python313\site-packages\sqlalchemy\engine\base.py", line 1967, in _exec_single_context
    self.dialect.do_execute(
    ~~~~~~~~~~~~~~~~~~~~~~~^
        cursor, str_statement, effective_parameters, context
        ^^^^^^^^^^^^^^^^^^^^^^^^^^^^^^^^^^^^^^^^^^^^^^^^^^^^
    )
    ^
  File "C:\Users\Vyass\AppData\Roaming\Python\Python313\site-packages\sqlalchemy\engine\default.py", line 941, in do_execute
    cursor.execute(statement, parameters)
    ~~~~~~~~~~~~~~^^^^^^^^^^^^^^^^^^^^^^^
  File "C:\Users\Vyass\AppData\Roaming\Python\Python313\site-packages\sqlalchemy\dialects\postgresql\asyncpg.py", line 568, in execute
    self._adapt_connection.await_(
    ~~~~~~~~~~~~~~~~~~~~~~~~~~~~~^
        self._prepare_and_execute(operation, parameters)
        ^^^^^^^^^^^^^^^^^^^^^^^^^^^^^^^^^^^^^^^^^^^^^^^^
    )
    ^
  File "C:\Users\Vyass\AppData\Roaming\Python\Python313\site-packages\sqlalchemy\util\_concurrency_py3k.py", line 132, in await_only
    return current.parent.switch(awaitable)  # type: ignore[no-any-return,attr-defined] # noqa: E501
           ~~~~~~~~~~~~~~~~~~~~~^^^^^^^^^^^
  File "C:\Users\Vyass\AppData\Roaming\Python\Python313\site-packages\sqlalchemy\util\_concurrency_py3k.py", line 196, in greenlet_spawn
    value = await result
            ^^^^^^^^^^^^
  File "C:\Users\Vyass\AppData\Roaming\Python\Python313\site-packages\sqlalchemy\dialects\postgresql\asyncpg.py", line 546, in _prepare_and_execute
    self._handle_exception(error)
    ~~~~~~~~~~~~~~~~~~~~~~^^^^^^^
  File "C:\Users\Vyass\AppData\Roaming\Python\Python313\site-packages\sqlalchemy\dialects\postgresql\asyncpg.py", line 497, in _handle_exception
    self._adapt_connection._handle_exception(error)
    ~~~~~~~~~~~~~~~~~~~~~~~~~~~~~~~~~~~~~~~~^^^^^^^
  File "C:\Users\Vyass\AppData\Roaming\Python\Python313\site-packages\sqlalchemy\dialects\postgresql\asyncpg.py", line 780, in _handle_exception
    raise translated_error from error
sqlalchemy.exc.DBAPIError: (sqlalchemy.dialects.postgresql.asyncpg.Error) <class 'asyncpg.exceptions.DataError'>: invalid input for query argument $5: '2026-02-04T15:06:20.362331' (expected a datetime.date or datetime.datetime instance, got 'str')
[SQL: INSERT INTO user_email_credentials (user_id, provider, access_token, refresh_token, token_expiry, email_address) VALUES ($1::INTEGER, $2::VARCHAR, $3::VARCHAR, $4::VARCHAR, $5::TIMESTAMP WITH TIME ZONE, $6::VARCHAR) RETURNING user_email_credentials.id, user_email_credentials.created_at, user_email_credentials.updated_at]
[parameters: (2, 'outlook', 'EwBIBMl6BAAUu4TQbLz/EdYigQnDPtIo76ZZUKsAAUm81KS38J1vaegYFG8zBE+neOh59czlK6G0Rrf2AScGRWbi7gu3ltYxELoQK0UeZhUiVz3hQXpTTCKM603uzesQvycw5hvKlSahAWScwHh8e ... (1166 characters truncated) ... MidR4D4mS0sR3uGWHOjZDqRH/fGH+Fv6+p7Ar4QWBig7c+gMWP8pD86n8K+hVvGfxYt73oRwbVOlYprOI5NaUaVQE3g9PoWQN5ZSz9qGxRf4vXjrBvHc3sYw+MzeLPDY3p+WdOXa7sumju4VUAw==', 'M.C552_BAY.0.U.-CkUgqUMsiIyeEukWgGt7rPGvOp*rhVW4udfmoeTlzWVpi4dSF!jodFl5mQ5EWvf9Z8n3HG*WVcZYr7fcNdsgOEpKxxh41yFILmsDousS6xfytAN6HLUWmk*OW5Pp2mZNWSXsZ ... (170 characters truncated) ... W4Wz6vBVK88Bq*Bofnhl1IoWGnvoXOYRwboPbV!tnlDvP2qsfkjWdEJEkgYE!d9uv2!sR5gt8vabGbsx3vyqI16tzxURd8b2LB5nIhBprz2snBFcgs6RVfGdx29LdbJM6oZwviqfL5VrYtrXyMw$$', '2026-02-04T15:06:20.362331', None)]
(Background on this error at: https://sqlalche.me/e/20/dbapi)
2026-02-04 15:09:05,410 - app.routes.email_providers - ERROR - Failed to store credentials: (sqlalchemy.dialects.postgresql.asyncpg.Error) <class 'asyncpg.exceptions.DataError'>: invalid input for query argument $5: '2026-02-04T15:06:20.362331' (expected a datetime.date or datetime.datetime instance, got 'str')
[SQL: INSERT INTO user_email_credentials (user_id, provider, access_token, refresh_token, token_expiry, email_address) VALUES ($1::INTEGER, $2::VARCHAR, $3::VARCHAR, $4::VARCHAR, $5::TIMESTAMP WITH TIME ZONE, $6::VARCHAR) RETURNING user_email_credentials.id, user_email_credentials.created_at, user_email_credentials.updated_at]
[parameters: (2, 'outlook', 'EwBIBMl6BAAUu4TQbLz/EdYigQnDPtIo76ZZUKsAAUm81KS38J1vaegYFG8zBE+neOh59czlK6G0Rrf2AScGRWbi7gu3ltYxELoQK0UeZhUiVz3hQXpTTCKM603uzesQvycw5hvKlSahAWScwHh8e ... (1166 characters truncated) ... MidR4D4mS0sR3uGWHOjZDqRH/fGH+Fv6+p7Ar4QWBig7c+gMWP8pD86n8K+hVvGfxYt73oRwbVOlYprOI5NaUaVQE3g9PoWQN5ZSz9qGxRf4vXjrBvHc3sYw+MzeLPDY3p+WdOXa7sumju4VUAw==', 'M.C552_BAY.0.U.-CkUgqUMsiIyeEukWgGt7rPGvOp*rhVW4udfmoeTlzWVpi4dSF!jodFl5mQ5EWvf9Z8n3HG*WVcZYr7fcNdsgOEpKxxh41yFILmsDousS6xfytAN6HLUWmk*OW5Pp2mZNWSXsZ ... (170 characters truncated) ... W4Wz6vBVK88Bq*Bofnhl1IoWGnvoXOYRwboPbV!tnlDvP2qsfkjWdEJEkgYE!d9uv2!sR5gt8vabGbsx3vyqI16tzxURd8b2LB5nIhBprz2snBFcgs6RVfGdx29LdbJM6oZwviqfL5VrYtrXyMw$$', '2026-02-04T15:06:20.362331', None)]
(Background on this error at: https://sqlalche.me/e/20/dbapi)
Traceback (most recent call last):
  File "asyncpg/protocol/prepared_stmt.pyx", line 175, in asyncpg.protocol.protocol.PreparedStatementState._encode_bind_msg
  File "asyncpg/protocol/codecs/base.pyx", line 251, in asyncpg.protocol.protocol.Codec.encode
  File "asyncpg/protocol/codecs/base.pyx", line 153, in asyncpg.protocol.protocol.Codec.encode_scalar
  File "asyncpg/pgproto/codecs/datetime.pyx", line 208, in asyncpg.pgproto.pgproto.timestamptz_encode
TypeError: expected a datetime.date or datetime.datetime instance, got 'str'

The above exception was the direct cause of the following exception:

Traceback (most recent call last):
  File "C:\Users\Vyass\AppData\Roaming\Python\Python313\site-packages\sqlalchemy\dialects\postgresql\asyncpg.py", line 534, in _prepare_and_execute
    self._rows = deque(await prepared_stmt.fetch(*parameters))
                       ^^^^^^^^^^^^^^^^^^^^^^^^^^^^^^^^^^^^^^
  File "C:\Users\Vyass\AppData\Roaming\Python\Python313\site-packages\asyncpg\prepared_stmt.py", line 177, in fetch
    data = await self.__bind_execute(args, 0, timeout)
           ^^^^^^^^^^^^^^^^^^^^^^^^^^^^^^^^^^^^^^^^^^^
  File "C:\Users\Vyass\AppData\Roaming\Python\Python313\site-packages\asyncpg\prepared_stmt.py", line 268, in __bind_execute
    data, status, _ = await self.__do_execute(
                      ^^^^^^^^^^^^^^^^^^^^^^^^
        lambda protocol: protocol.bind_execute(
        ^^^^^^^^^^^^^^^^^^^^^^^^^^^^^^^^^^^^^^^
            self._state, args, '', limit, True, timeout))
            ^^^^^^^^^^^^^^^^^^^^^^^^^^^^^^^^^^^^^^^^^^^^^
  File "C:\Users\Vyass\AppData\Roaming\Python\Python313\site-packages\asyncpg\prepared_stmt.py", line 257, in __do_execute
    return await executor(protocol)
           ^^^^^^^^^^^^^^^^^^^^^^^^
  File "asyncpg/protocol/protocol.pyx", line 184, in bind_execute
  File "asyncpg/protocol/prepared_stmt.pyx", line 204, in asyncpg.protocol.protocol.PreparedStatementState._encode_bind_msg
asyncpg.exceptions.DataError: invalid input for query argument $5: '2026-02-04T15:06:20.362331' (expected a datetime.date or datetime.datetime instance, got 'str')

The above exception was the direct cause of the following exception:

Traceback (most recent call last):
  File "C:\Users\Vyass\AppData\Roaming\Python\Python313\site-packages\sqlalchemy\engine\base.py", line 1967, in _exec_single_context
    self.dialect.do_execute(
    ~~~~~~~~~~~~~~~~~~~~~~~^
        cursor, str_statement, effective_parameters, context
        ^^^^^^^^^^^^^^^^^^^^^^^^^^^^^^^^^^^^^^^^^^^^^^^^^^^^
    )
    ^
  File "C:\Users\Vyass\AppData\Roaming\Python\Python313\site-packages\sqlalchemy\engine\default.py", line 941, in do_execute
    cursor.execute(statement, parameters)
    ~~~~~~~~~~~~~~^^^^^^^^^^^^^^^^^^^^^^^
  File "C:\Users\Vyass\AppData\Roaming\Python\Python313\site-packages\sqlalchemy\dialects\postgresql\asyncpg.py", line 568, in execute
    self._adapt_connection.await_(
    ~~~~~~~~~~~~~~~~~~~~~~~~~~~~~^
        self._prepare_and_execute(operation, parameters)
        ^^^^^^^^^^^^^^^^^^^^^^^^^^^^^^^^^^^^^^^^^^^^^^^^
    )
    ^
  File "C:\Users\Vyass\AppData\Roaming\Python\Python313\site-packages\sqlalchemy\util\_concurrency_py3k.py", line 132, in await_only
    return current.parent.switch(awaitable)  # type: ignore[no-any-return,attr-defined] # noqa: E501
           ~~~~~~~~~~~~~~~~~~~~~^^^^^^^^^^^
  File "C:\Users\Vyass\AppData\Roaming\Python\Python313\site-packages\sqlalchemy\util\_concurrency_py3k.py", line 196, in greenlet_spawn
    value = await result
            ^^^^^^^^^^^^
  File "C:\Users\Vyass\AppData\Roaming\Python\Python313\site-packages\sqlalchemy\dialects\postgresql\asyncpg.py", line 546, in _prepare_and_execute
    self._handle_exception(error)
    ~~~~~~~~~~~~~~~~~~~~~~^^^^^^^
  File "C:\Users\Vyass\AppData\Roaming\Python\Python313\site-packages\sqlalchemy\dialects\postgresql\asyncpg.py", line 497, in _handle_exception
    self._adapt_connection._handle_exception(error)
    ~~~~~~~~~~~~~~~~~~~~~~~~~~~~~~~~~~~~~~~~^^^^^^^
  File "C:\Users\Vyass\AppData\Roaming\Python\Python313\site-packages\sqlalchemy\dialects\postgresql\asyncpg.py", line 780, in _handle_exception
    raise translated_error from error
sqlalchemy.dialects.postgresql.asyncpg.AsyncAdapt_asyncpg_dbapi.Error: <class 'asyncpg.exceptions.DataError'>: invalid input for query argument $5: '2026-02-04T15:06:20.362331' (expected a datetime.date or datetime.datetime instance, got 'str')

The above exception was the direct cause of the following exception:

Traceback (most recent call last):
  File "C:\Users\Vyass\OneDrive\Desktop\PhishGuard\backend\app\routes\email_providers.py", line 275, in store_provider_credentials
    await unified_email_service.store_user_credentials(
    ...<4 lines>...
    )
  File "C:\Users\Vyass\OneDrive\Desktop\PhishGuard\backend\app\services\unified_email_service.py", line 118, in store_user_credentials
    await db.commit()
  File "C:\Users\Vyass\AppData\Roaming\Python\Python313\site-packages\sqlalchemy\ext\asyncio\session.py", line 1009, in commit
    await greenlet_spawn(self.sync_session.commit)
  File "C:\Users\Vyass\AppData\Roaming\Python\Python313\site-packages\sqlalchemy\util\_concurrency_py3k.py", line 203, in greenlet_spawn
    result = context.switch(value)
  File "C:\Users\Vyass\AppData\Roaming\Python\Python313\site-packages\sqlalchemy\orm\session.py", line 2028, in commit
    trans.commit(_to_root=True)
    ~~~~~~~~~~~~^^^^^^^^^^^^^^^
  File "<string>", line 2, in commit
  File "C:\Users\Vyass\AppData\Roaming\Python\Python313\site-packages\sqlalchemy\orm\state_changes.py", line 139, in _go
    ret_value = fn(self, *arg, **kw)
  File "C:\Users\Vyass\AppData\Roaming\Python\Python313\site-packages\sqlalchemy\orm\session.py", line 1313, in commit
    self._prepare_impl()
    ~~~~~~~~~~~~~~~~~~^^
  File "<string>", line 2, in _prepare_impl
  File "C:\Users\Vyass\AppData\Roaming\Python\Python313\site-packages\sqlalchemy\orm\state_changes.py", line 139, in _go
    ret_value = fn(self, *arg, **kw)
  File "C:\Users\Vyass\AppData\Roaming\Python\Python313\site-packages\sqlalchemy\orm\session.py", line 1288, in _prepare_impl
    self.session.flush()
    ~~~~~~~~~~~~~~~~~~^^
  File "C:\Users\Vyass\AppData\Roaming\Python\Python313\site-packages\sqlalchemy\orm\session.py", line 4352, in flush
    self._flush(objects)
    ~~~~~~~~~~~^^^^^^^^^
  File "C:\Users\Vyass\AppData\Roaming\Python\Python313\site-packages\sqlalchemy\orm\session.py", line 4487, in _flush
    with util.safe_reraise():
         ~~~~~~~~~~~~~~~~~^^
  File "C:\Users\Vyass\AppData\Roaming\Python\Python313\site-packages\sqlalchemy\util\langhelpers.py", line 146, in __exit__
    raise exc_value.with_traceback(exc_tb)
  File "C:\Users\Vyass\AppData\Roaming\Python\Python313\site-packages\sqlalchemy\orm\session.py", line 4448, in _flush
    flush_context.execute()
    ~~~~~~~~~~~~~~~~~~~~~^^
  File "C:\Users\Vyass\AppData\Roaming\Python\Python313\site-packages\sqlalchemy\orm\unitofwork.py", line 466, in execute
    rec.execute(self)
    ~~~~~~~~~~~^^^^^^
  File "C:\Users\Vyass\AppData\Roaming\Python\Python313\site-packages\sqlalchemy\orm\unitofwork.py", line 642, in execute
    util.preloaded.orm_persistence.save_obj(
    ~~~~~~~~~~~~~~~~~~~~~~~~~~~~~~~~~~~~~~~^
        self.mapper,
        ^^^^^^^^^^^^
        uow.states_for_mapper_hierarchy(self.mapper, False, False),
        ^^^^^^^^^^^^^^^^^^^^^^^^^^^^^^^^^^^^^^^^^^^^^^^^^^^^^^^^^^^
        uow,
        ^^^^
    )
    ^
  File "C:\Users\Vyass\AppData\Roaming\Python\Python313\site-packages\sqlalchemy\orm\persistence.py", line 93, in save_obj
    _emit_insert_statements(
    ~~~~~~~~~~~~~~~~~~~~~~~^
        base_mapper,
        ^^^^^^^^^^^^
    ...<3 lines>...
        insert,
        ^^^^^^^
    )
    ^
  File "C:\Users\Vyass\AppData\Roaming\Python\Python313\site-packages\sqlalchemy\orm\persistence.py", line 1233, in _emit_insert_statements
    result = connection.execute(
        statement,
        params,
        execution_options=execution_options,
    )
  File "C:\Users\Vyass\AppData\Roaming\Python\Python313\site-packages\sqlalchemy\engine\base.py", line 1418, in execute
    return meth(
        self,
        distilled_parameters,
        execution_options or NO_OPTIONS,
    )
  File "C:\Users\Vyass\AppData\Roaming\Python\Python313\site-packages\sqlalchemy\sql\elements.py", line 515, in _execute_on_connection
    return connection._execute_clauseelement(
           ~~~~~~~~~~~~~~~~~~~~~~~~~~~~~~~~~^
        self, distilled_params, execution_options
        ^^^^^^^^^^^^^^^^^^^^^^^^^^^^^^^^^^^^^^^^^
    )
    ^
  File "C:\Users\Vyass\AppData\Roaming\Python\Python313\site-packages\sqlalchemy\engine\base.py", line 1640, in _execute_clauseelement
    ret = self._execute_context(
        dialect,
    ...<8 lines>...
        cache_hit=cache_hit,
    )
  File "C:\Users\Vyass\AppData\Roaming\Python\Python313\site-packages\sqlalchemy\engine\base.py", line 1846, in _execute_context
    return self._exec_single_context(
           ~~~~~~~~~~~~~~~~~~~~~~~~~^
        dialect, context, statement, parameters
        ^^^^^^^^^^^^^^^^^^^^^^^^^^^^^^^^^^^^^^^
    )
    ^
  File "C:\Users\Vyass\AppData\Roaming\Python\Python313\site-packages\sqlalchemy\engine\base.py", line 1986, in _exec_single_context
    self._handle_dbapi_exception(
    ~~~~~~~~~~~~~~~~~~~~~~~~~~~~^
        e, str_statement, effective_parameters, cursor, context
        ^^^^^^^^^^^^^^^^^^^^^^^^^^^^^^^^^^^^^^^^^^^^^^^^^^^^^^^
    )
    ^
  File "C:\Users\Vyass\AppData\Roaming\Python\Python313\site-packages\sqlalchemy\engine\base.py", line 2355, in _handle_dbapi_exception
    raise sqlalchemy_exception.with_traceback(exc_info[2]) from e
  File "C:\Users\Vyass\AppData\Roaming\Python\Python313\site-packages\sqlalchemy\engine\base.py", line 1967, in _exec_single_context
    self.dialect.do_execute(
    ~~~~~~~~~~~~~~~~~~~~~~~^
        cursor, str_statement, effective_parameters, context
        ^^^^^^^^^^^^^^^^^^^^^^^^^^^^^^^^^^^^^^^^^^^^^^^^^^^^
    )
    ^
  File "C:\Users\Vyass\AppData\Roaming\Python\Python313\site-packages\sqlalchemy\engine\default.py", line 941, in do_execute
    cursor.execute(statement, parameters)
    ~~~~~~~~~~~~~~^^^^^^^^^^^^^^^^^^^^^^^
  File "C:\Users\Vyass\AppData\Roaming\Python\Python313\site-packages\sqlalchemy\dialects\postgresql\asyncpg.py", line 568, in execute
    self._adapt_connection.await_(
    ~~~~~~~~~~~~~~~~~~~~~~~~~~~~~^
        self._prepare_and_execute(operation, parameters)
        ^^^^^^^^^^^^^^^^^^^^^^^^^^^^^^^^^^^^^^^^^^^^^^^^
    )
    ^
  File "C:\Users\Vyass\AppData\Roaming\Python\Python313\site-packages\sqlalchemy\util\_concurrency_py3k.py", line 132, in await_only
    return current.parent.switch(awaitable)  # type: ignore[no-any-return,attr-defined] # noqa: E501
           ~~~~~~~~~~~~~~~~~~~~~^^^^^^^^^^^
  File "C:\Users\Vyass\AppData\Roaming\Python\Python313\site-packages\sqlalchemy\util\_concurrency_py3k.py", line 196, in greenlet_spawn
    value = await result
            ^^^^^^^^^^^^
  File "C:\Users\Vyass\AppData\Roaming\Python\Python313\site-packages\sqlalchemy\dialects\postgresql\asyncpg.py", line 546, in _prepare_and_execute
    self._handle_exception(error)
    ~~~~~~~~~~~~~~~~~~~~~~^^^^^^^
  File "C:\Users\Vyass\AppData\Roaming\Python\Python313\site-packages\sqlalchemy\dialects\postgresql\asyncpg.py", line 497, in _handle_exception
    self._adapt_connection._handle_exception(error)
    ~~~~~~~~~~~~~~~~~~~~~~~~~~~~~~~~~~~~~~~~^^^^^^^
  File "C:\Users\Vyass\AppData\Roaming\Python\Python313\site-packages\sqlalchemy\dialects\postgresql\asyncpg.py", line 780, in _handle_exception
    raise translated_error from error
sqlalchemy.exc.DBAPIError: (sqlalchemy.dialects.postgresql.asyncpg.Error) <class 'asyncpg.exceptions.DataError'>: invalid input for query argument $5: '2026-02-04T15:06:20.362331' (expected a datetime.date or datetime.datetime instance, got 'str')
[SQL: INSERT INTO user_email_credentials (user_id, provider, access_token, refresh_token, token_expiry, email_address) VALUES ($1::INTEGER, $2::VARCHAR, $3::VARCHAR, $4::VARCHAR, $5::TIMESTAMP WITH TIME ZONE, $6::VARCHAR) RETURNING user_email_credentials.id, user_email_credentials.created_at, user_email_credentials.updated_at]
[parameters: (2, 'outlook', 'EwBIBMl6BAAUu4TQbLz/EdYigQnDPtIo76ZZUKsAAUm81KS38J1vaegYFG8zBE+neOh59czlK6G0Rrf2AScGRWbi7gu3ltYxELoQK0UeZhUiVz3hQXpTTCKM603uzesQvycw5hvKlSahAWScwHh8e ... (1166 characters truncated) ... MidR4D4mS0sR3uGWHOjZDqRH/fGH+Fv6+p7Ar4QWBig7c+gMWP8pD86n8K+hVvGfxYt73oRwbVOlYprOI5NaUaVQE3g9PoWQN5ZSz9qGxRf4vXjrBvHc3sYw+MzeLPDY3p+WdOXa7sumju4VUAw==', 'M.C552_BAY.0.U.-CkUgqUMsiIyeEukWgGt7rPGvOp*rhVW4udfmoeTlzWVpi4dSF!jodFl5mQ5EWvf9Z8n3HG*WVcZYr7fcNdsgOEpKxxh41yFILmsDousS6xfytAN6HLUWmk*OW5Pp2mZNWSXsZ ... (170 characters truncated) ... W4Wz6vBVK88Bq*Bofnhl1IoWGnvoXOYRwboPbV!tnlDvP2qsfkjWdEJEkgYE!d9uv2!sR5gt8vabGbsx3vyqI16tzxURd8b2LB5nIhBprz2snBFcgs6RVfGdx29LdbJM6oZwviqfL5VrYtrXyMw$$', '2026-02-04T15:06:20.362331', None)]
(Background on this error at: https://sqlalche.me/e/20/dbapi)
2026-02-04 15:11:35,087 - app.main - INFO - Shutting down PhishGuard AI...
2026-02-04 15:11:43,027 - app.services.gmail_service - INFO - Gmail OAuth credentials loaded successfully
2026-02-04 15:11:43,040 - app.services.outlook_service - INFO - Microsoft OAuth credentials loaded successfully
2026-02-04 15:11:43,058 - app.main - INFO - Starting PhishGuard AI...
2026-02-04 15:11:45,664 - app.main - INFO - Database initialized
2026-02-04 15:11:54,676 - app.services.unified_email_service - ERROR - Failed to store credentials: (sqlalchemy.dialects.postgresql.asyncpg.Error) <class 'asyncpg.exceptions.DataError'>: invalid input for query argument $5: '2026-02-04T15:06:20.362331' (expected a datetime.date or datetime.datetime instance, got 'str')
[SQL: INSERT INTO user_email_credentials (user_id, provider, access_token, refresh_token, token_expiry, email_address) VALUES ($1::INTEGER, $2::VARCHAR, $3::VARCHAR, $4::VARCHAR, $5::TIMESTAMP WITH TIME ZONE, $6::VARCHAR) RETURNING user_email_credentials.id, user_email_credentials.created_at, user_email_credentials.updated_at]
[parameters: (2, 'outlook', 'EwBIBMl6BAAUu4TQbLz/EdYigQnDPtIo76ZZUKsAAUm81KS38J1vaegYFG8zBE+neOh59czlK6G0Rrf2AScGRWbi7gu3ltYxELoQK0UeZhUiVz3hQXpTTCKM603uzesQvycw5hvKlSahAWScwHh8e ... (1166 characters truncated) ... MidR4D4mS0sR3uGWHOjZDqRH/fGH+Fv6+p7Ar4QWBig7c+gMWP8pD86n8K+hVvGfxYt73oRwbVOlYprOI5NaUaVQE3g9PoWQN5ZSz9qGxRf4vXjrBvHc3sYw+MzeLPDY3p+WdOXa7sumju4VUAw==', 'M.C552_BAY.0.U.-CkUgqUMsiIyeEukWgGt7rPGvOp*rhVW4udfmoeTlzWVpi4dSF!jodFl5mQ5EWvf9Z8n3HG*WVcZYr7fcNdsgOEpKxxh41yFILmsDousS6xfytAN6HLUWmk*OW5Pp2mZNWSXsZ ... (170 characters truncated) ... W4Wz6vBVK88Bq*Bofnhl1IoWGnvoXOYRwboPbV!tnlDvP2qsfkjWdEJEkgYE!d9uv2!sR5gt8vabGbsx3vyqI16tzxURd8b2LB5nIhBprz2snBFcgs6RVfGdx29LdbJM6oZwviqfL5VrYtrXyMw$$', '2026-02-04T15:06:20.362331', None)]
(Background on this error at: https://sqlalche.me/e/20/dbapi)
Traceback (most recent call last):
  File "asyncpg/protocol/prepared_stmt.pyx", line 175, in asyncpg.protocol.protocol.PreparedStatementState._encode_bind_msg
  File "asyncpg/protocol/codecs/base.pyx", line 251, in asyncpg.protocol.protocol.Codec.encode
  File "asyncpg/protocol/codecs/base.pyx", line 153, in asyncpg.protocol.protocol.Codec.encode_scalar
  File "asyncpg/pgproto/codecs/datetime.pyx", line 208, in asyncpg.pgproto.pgproto.timestamptz_encode
TypeError: expected a datetime.date or datetime.datetime instance, got 'str'

The above exception was the direct cause of the following exception:

Traceback (most recent call last):
  File "C:\Users\Vyass\AppData\Roaming\Python\Python313\site-packages\sqlalchemy\dialects\postgresql\asyncpg.py", line 534, in _prepare_and_execute
    self._rows = deque(await prepared_stmt.fetch(*parameters))
                       ^^^^^^^^^^^^^^^^^^^^^^^^^^^^^^^^^^^^^^
  File "C:\Users\Vyass\AppData\Roaming\Python\Python313\site-packages\asyncpg\prepared_stmt.py", line 177, in fetch
    data = await self.__bind_execute(args, 0, timeout)
           ^^^^^^^^^^^^^^^^^^^^^^^^^^^^^^^^^^^^^^^^^^^
  File "C:\Users\Vyass\AppData\Roaming\Python\Python313\site-packages\asyncpg\prepared_stmt.py", line 268, in __bind_execute
    data, status, _ = await self.__do_execute(
                      ^^^^^^^^^^^^^^^^^^^^^^^^
        lambda protocol: protocol.bind_execute(
        ^^^^^^^^^^^^^^^^^^^^^^^^^^^^^^^^^^^^^^^
            self._state, args, '', limit, True, timeout))
            ^^^^^^^^^^^^^^^^^^^^^^^^^^^^^^^^^^^^^^^^^^^^^
  File "C:\Users\Vyass\AppData\Roaming\Python\Python313\site-packages\asyncpg\prepared_stmt.py", line 257, in __do_execute
    return await executor(protocol)
           ^^^^^^^^^^^^^^^^^^^^^^^^
  File "asyncpg/protocol/protocol.pyx", line 184, in bind_execute
  File "asyncpg/protocol/prepared_stmt.pyx", line 204, in asyncpg.protocol.protocol.PreparedStatementState._encode_bind_msg
asyncpg.exceptions.DataError: invalid input for query argument $5: '2026-02-04T15:06:20.362331' (expected a datetime.date or datetime.datetime instance, got 'str')

The above exception was the direct cause of the following exception:

Traceback (most recent call last):
  File "C:\Users\Vyass\AppData\Roaming\Python\Python313\site-packages\sqlalchemy\engine\base.py", line 1967, in _exec_single_context
    self.dialect.do_execute(
    ~~~~~~~~~~~~~~~~~~~~~~~^
        cursor, str_statement, effective_parameters, context
        ^^^^^^^^^^^^^^^^^^^^^^^^^^^^^^^^^^^^^^^^^^^^^^^^^^^^
    )
    ^
  File "C:\Users\Vyass\AppData\Roaming\Python\Python313\site-packages\sqlalchemy\engine\default.py", line 941, in do_execute
    cursor.execute(statement, parameters)
    ~~~~~~~~~~~~~~^^^^^^^^^^^^^^^^^^^^^^^
  File "C:\Users\Vyass\AppData\Roaming\Python\Python313\site-packages\sqlalchemy\dialects\postgresql\asyncpg.py", line 568, in execute
    self._adapt_connection.await_(
    ~~~~~~~~~~~~~~~~~~~~~~~~~~~~~^
        self._prepare_and_execute(operation, parameters)
        ^^^^^^^^^^^^^^^^^^^^^^^^^^^^^^^^^^^^^^^^^^^^^^^^
    )
    ^
  File "C:\Users\Vyass\AppData\Roaming\Python\Python313\site-packages\sqlalchemy\util\_concurrency_py3k.py", line 132, in await_only
    return current.parent.switch(awaitable)  # type: ignore[no-any-return,attr-defined] # noqa: E501
           ~~~~~~~~~~~~~~~~~~~~~^^^^^^^^^^^
  File "C:\Users\Vyass\AppData\Roaming\Python\Python313\site-packages\sqlalchemy\util\_concurrency_py3k.py", line 196, in greenlet_spawn
    value = await result
            ^^^^^^^^^^^^
  File "C:\Users\Vyass\AppData\Roaming\Python\Python313\site-packages\sqlalchemy\dialects\postgresql\asyncpg.py", line 546, in _prepare_and_execute
    self._handle_exception(error)
    ~~~~~~~~~~~~~~~~~~~~~~^^^^^^^
  File "C:\Users\Vyass\AppData\Roaming\Python\Python313\site-packages\sqlalchemy\dialects\postgresql\asyncpg.py", line 497, in _handle_exception
    self._adapt_connection._handle_exception(error)
    ~~~~~~~~~~~~~~~~~~~~~~~~~~~~~~~~~~~~~~~~^^^^^^^
  File "C:\Users\Vyass\AppData\Roaming\Python\Python313\site-packages\sqlalchemy\dialects\postgresql\asyncpg.py", line 780, in _handle_exception
    raise translated_error from error
sqlalchemy.dialects.postgresql.asyncpg.AsyncAdapt_asyncpg_dbapi.Error: <class 'asyncpg.exceptions.DataError'>: invalid input for query argument $5: '2026-02-04T15:06:20.362331' (expected a datetime.date or datetime.datetime instance, got 'str')

The above exception was the direct cause of the following exception:

Traceback (most recent call last):
  File "C:\Users\Vyass\OneDrive\Desktop\PhishGuard\backend\app\services\unified_email_service.py", line 118, in store_user_credentials
    await db.commit()
  File "C:\Users\Vyass\AppData\Roaming\Python\Python313\site-packages\sqlalchemy\ext\asyncio\session.py", line 1009, in commit
    await greenlet_spawn(self.sync_session.commit)
  File "C:\Users\Vyass\AppData\Roaming\Python\Python313\site-packages\sqlalchemy\util\_concurrency_py3k.py", line 203, in greenlet_spawn
    result = context.switch(value)
  File "C:\Users\Vyass\AppData\Roaming\Python\Python313\site-packages\sqlalchemy\orm\session.py", line 2028, in commit
    trans.commit(_to_root=True)
    ~~~~~~~~~~~~^^^^^^^^^^^^^^^
  File "<string>", line 2, in commit
  File "C:\Users\Vyass\AppData\Roaming\Python\Python313\site-packages\sqlalchemy\orm\state_changes.py", line 139, in _go
    ret_value = fn(self, *arg, **kw)
  File "C:\Users\Vyass\AppData\Roaming\Python\Python313\site-packages\sqlalchemy\orm\session.py", line 1313, in commit
    self._prepare_impl()
    ~~~~~~~~~~~~~~~~~~^^
  File "<string>", line 2, in _prepare_impl
  File "C:\Users\Vyass\AppData\Roaming\Python\Python313\site-packages\sqlalchemy\orm\state_changes.py", line 139, in _go
    ret_value = fn(self, *arg, **kw)
  File "C:\Users\Vyass\AppData\Roaming\Python\Python313\site-packages\sqlalchemy\orm\session.py", line 1288, in _prepare_impl
    self.session.flush()
    ~~~~~~~~~~~~~~~~~~^^
  File "C:\Users\Vyass\AppData\Roaming\Python\Python313\site-packages\sqlalchemy\orm\session.py", line 4352, in flush
    self._flush(objects)
    ~~~~~~~~~~~^^^^^^^^^
  File "C:\Users\Vyass\AppData\Roaming\Python\Python313\site-packages\sqlalchemy\orm\session.py", line 4487, in _flush
    with util.safe_reraise():
         ~~~~~~~~~~~~~~~~~^^
  File "C:\Users\Vyass\AppData\Roaming\Python\Python313\site-packages\sqlalchemy\util\langhelpers.py", line 146, in __exit__
    raise exc_value.with_traceback(exc_tb)
  File "C:\Users\Vyass\AppData\Roaming\Python\Python313\site-packages\sqlalchemy\orm\session.py", line 4448, in _flush
    flush_context.execute()
    ~~~~~~~~~~~~~~~~~~~~~^^
  File "C:\Users\Vyass\AppData\Roaming\Python\Python313\site-packages\sqlalchemy\orm\unitofwork.py", line 466, in execute
    rec.execute(self)
    ~~~~~~~~~~~^^^^^^
  File "C:\Users\Vyass\AppData\Roaming\Python\Python313\site-packages\sqlalchemy\orm\unitofwork.py", line 642, in execute
    util.preloaded.orm_persistence.save_obj(
    ~~~~~~~~~~~~~~~~~~~~~~~~~~~~~~~~~~~~~~~^
        self.mapper,
        ^^^^^^^^^^^^
        uow.states_for_mapper_hierarchy(self.mapper, False, False),
        ^^^^^^^^^^^^^^^^^^^^^^^^^^^^^^^^^^^^^^^^^^^^^^^^^^^^^^^^^^^
        uow,
        ^^^^
    )
    ^
  File "C:\Users\Vyass\AppData\Roaming\Python\Python313\site-packages\sqlalchemy\orm\persistence.py", line 93, in save_obj
    _emit_insert_statements(
    ~~~~~~~~~~~~~~~~~~~~~~~^
        base_mapper,
        ^^^^^^^^^^^^
    ...<3 lines>...
        insert,
        ^^^^^^^
    )
    ^
  File "C:\Users\Vyass\AppData\Roaming\Python\Python313\site-packages\sqlalchemy\orm\persistence.py", line 1233, in _emit_insert_statements
    result = connection.execute(
        statement,
        params,
        execution_options=execution_options,
    )
  File "C:\Users\Vyass\AppData\Roaming\Python\Python313\site-packages\sqlalchemy\engine\base.py", line 1418, in execute
    return meth(
        self,
        distilled_parameters,
        execution_options or NO_OPTIONS,
    )
  File "C:\Users\Vyass\AppData\Roaming\Python\Python313\site-packages\sqlalchemy\sql\elements.py", line 515, in _execute_on_connection
    return connection._execute_clauseelement(
           ~~~~~~~~~~~~~~~~~~~~~~~~~~~~~~~~~^
        self, distilled_params, execution_options
        ^^^^^^^^^^^^^^^^^^^^^^^^^^^^^^^^^^^^^^^^^
    )
    ^
  File "C:\Users\Vyass\AppData\Roaming\Python\Python313\site-packages\sqlalchemy\engine\base.py", line 1640, in _execute_clauseelement
    ret = self._execute_context(
        dialect,
    ...<8 lines>...
        cache_hit=cache_hit,
    )
  File "C:\Users\Vyass\AppData\Roaming\Python\Python313\site-packages\sqlalchemy\engine\base.py", line 1846, in _execute_context
    return self._exec_single_context(
           ~~~~~~~~~~~~~~~~~~~~~~~~~^
        dialect, context, statement, parameters
        ^^^^^^^^^^^^^^^^^^^^^^^^^^^^^^^^^^^^^^^
    )
    ^
  File "C:\Users\Vyass\AppData\Roaming\Python\Python313\site-packages\sqlalchemy\engine\base.py", line 1986, in _exec_single_context
    self._handle_dbapi_exception(
    ~~~~~~~~~~~~~~~~~~~~~~~~~~~~^
        e, str_statement, effective_parameters, cursor, context
        ^^^^^^^^^^^^^^^^^^^^^^^^^^^^^^^^^^^^^^^^^^^^^^^^^^^^^^^
    )
    ^
  File "C:\Users\Vyass\AppData\Roaming\Python\Python313\site-packages\sqlalchemy\engine\base.py", line 2355, in _handle_dbapi_exception
    raise sqlalchemy_exception.with_traceback(exc_info[2]) from e
  File "C:\Users\Vyass\AppData\Roaming\Python\Python313\site-packages\sqlalchemy\engine\base.py", line 1967, in _exec_single_context
    self.dialect.do_execute(
    ~~~~~~~~~~~~~~~~~~~~~~~^
        cursor, str_statement, effective_parameters, context
        ^^^^^^^^^^^^^^^^^^^^^^^^^^^^^^^^^^^^^^^^^^^^^^^^^^^^
    )
    ^
  File "C:\Users\Vyass\AppData\Roaming\Python\Python313\site-packages\sqlalchemy\engine\default.py", line 941, in do_execute
    cursor.execute(statement, parameters)
    ~~~~~~~~~~~~~~^^^^^^^^^^^^^^^^^^^^^^^
  File "C:\Users\Vyass\AppData\Roaming\Python\Python313\site-packages\sqlalchemy\dialects\postgresql\asyncpg.py", line 568, in execute
    self._adapt_connection.await_(
    ~~~~~~~~~~~~~~~~~~~~~~~~~~~~~^
        self._prepare_and_execute(operation, parameters)
        ^^^^^^^^^^^^^^^^^^^^^^^^^^^^^^^^^^^^^^^^^^^^^^^^
    )
    ^
  File "C:\Users\Vyass\AppData\Roaming\Python\Python313\site-packages\sqlalchemy\util\_concurrency_py3k.py", line 132, in await_only
    return current.parent.switch(awaitable)  # type: ignore[no-any-return,attr-defined] # noqa: E501
           ~~~~~~~~~~~~~~~~~~~~~^^^^^^^^^^^
  File "C:\Users\Vyass\AppData\Roaming\Python\Python313\site-packages\sqlalchemy\util\_concurrency_py3k.py", line 196, in greenlet_spawn
    value = await result
            ^^^^^^^^^^^^
  File "C:\Users\Vyass\AppData\Roaming\Python\Python313\site-packages\sqlalchemy\dialects\postgresql\asyncpg.py", line 546, in _prepare_and_execute
    self._handle_exception(error)
    ~~~~~~~~~~~~~~~~~~~~~~^^^^^^^
  File "C:\Users\Vyass\AppData\Roaming\Python\Python313\site-packages\sqlalchemy\dialects\postgresql\asyncpg.py", line 497, in _handle_exception
    self._adapt_connection._handle_exception(error)
    ~~~~~~~~~~~~~~~~~~~~~~~~~~~~~~~~~~~~~~~~^^^^^^^
  File "C:\Users\Vyass\AppData\Roaming\Python\Python313\site-packages\sqlalchemy\dialects\postgresql\asyncpg.py", line 780, in _handle_exception
    raise translated_error from error
sqlalchemy.exc.DBAPIError: (sqlalchemy.dialects.postgresql.asyncpg.Error) <class 'asyncpg.exceptions.DataError'>: invalid input for query argument $5: '2026-02-04T15:06:20.362331' (expected a datetime.date or datetime.datetime instance, got 'str')
[SQL: INSERT INTO user_email_credentials (user_id, provider, access_token, refresh_token, token_expiry, email_address) VALUES ($1::INTEGER, $2::VARCHAR, $3::VARCHAR, $4::VARCHAR, $5::TIMESTAMP WITH TIME ZONE, $6::VARCHAR) RETURNING user_email_credentials.id, user_email_credentials.created_at, user_email_credentials.updated_at]
[parameters: (2, 'outlook', 'EwBIBMl6BAAUu4TQbLz/EdYigQnDPtIo76ZZUKsAAUm81KS38J1vaegYFG8zBE+neOh59czlK6G0Rrf2AScGRWbi7gu3ltYxELoQK0UeZhUiVz3hQXpTTCKM603uzesQvycw5hvKlSahAWScwHh8e ... (1166 characters truncated) ... MidR4D4mS0sR3uGWHOjZDqRH/fGH+Fv6+p7Ar4QWBig7c+gMWP8pD86n8K+hVvGfxYt73oRwbVOlYprOI5NaUaVQE3g9PoWQN5ZSz9qGxRf4vXjrBvHc3sYw+MzeLPDY3p+WdOXa7sumju4VUAw==', 'M.C552_BAY.0.U.-CkUgqUMsiIyeEukWgGt7rPGvOp*rhVW4udfmoeTlzWVpi4dSF!jodFl5mQ5EWvf9Z8n3HG*WVcZYr7fcNdsgOEpKxxh41yFILmsDousS6xfytAN6HLUWmk*OW5Pp2mZNWSXsZ ... (170 characters truncated) ... W4Wz6vBVK88Bq*Bofnhl1IoWGnvoXOYRwboPbV!tnlDvP2qsfkjWdEJEkgYE!d9uv2!sR5gt8vabGbsx3vyqI16tzxURd8b2LB5nIhBprz2snBFcgs6RVfGdx29LdbJM6oZwviqfL5VrYtrXyMw$$', '2026-02-04T15:06:20.362331', None)]
(Background on this error at: https://sqlalche.me/e/20/dbapi)
2026-02-04 15:11:54,692 - app.routes.email_providers - ERROR - Failed to store credentials: (sqlalchemy.dialects.postgresql.asyncpg.Error) <class 'asyncpg.exceptions.DataError'>: invalid input for query argument $5: '2026-02-04T15:06:20.362331' (expected a datetime.date or datetime.datetime instance, got 'str')
[SQL: INSERT INTO user_email_credentials (user_id, provider, access_token, refresh_token, token_expiry, email_address) VALUES ($1::INTEGER, $2::VARCHAR, $3::VARCHAR, $4::VARCHAR, $5::TIMESTAMP WITH TIME ZONE, $6::VARCHAR) RETURNING user_email_credentials.id, user_email_credentials.created_at, user_email_credentials.updated_at]
[parameters: (2, 'outlook', 'EwBIBMl6BAAUu4TQbLz/EdYigQnDPtIo76ZZUKsAAUm81KS38J1vaegYFG8zBE+neOh59czlK6G0Rrf2AScGRWbi7gu3ltYxELoQK0UeZhUiVz3hQXpTTCKM603uzesQvycw5hvKlSahAWScwHh8e ... (1166 characters truncated) ... MidR4D4mS0sR3uGWHOjZDqRH/fGH+Fv6+p7Ar4QWBig7c+gMWP8pD86n8K+hVvGfxYt73oRwbVOlYprOI5NaUaVQE3g9PoWQN5ZSz9qGxRf4vXjrBvHc3sYw+MzeLPDY3p+WdOXa7sumju4VUAw==', 'M.C552_BAY.0.U.-CkUgqUMsiIyeEukWgGt7rPGvOp*rhVW4udfmoeTlzWVpi4dSF!jodFl5mQ5EWvf9Z8n3HG*WVcZYr7fcNdsgOEpKxxh41yFILmsDousS6xfytAN6HLUWmk*OW5Pp2mZNWSXsZ ... (170 characters truncated) ... W4Wz6vBVK88Bq*Bofnhl1IoWGnvoXOYRwboPbV!tnlDvP2qsfkjWdEJEkgYE!d9uv2!sR5gt8vabGbsx3vyqI16tzxURd8b2LB5nIhBprz2snBFcgs6RVfGdx29LdbJM6oZwviqfL5VrYtrXyMw$$', '2026-02-04T15:06:20.362331', None)]
(Background on this error at: https://sqlalche.me/e/20/dbapi)
Traceback (most recent call last):
  File "asyncpg/protocol/prepared_stmt.pyx", line 175, in asyncpg.protocol.protocol.PreparedStatementState._encode_bind_msg
  File "asyncpg/protocol/codecs/base.pyx", line 251, in asyncpg.protocol.protocol.Codec.encode
  File "asyncpg/protocol/codecs/base.pyx", line 153, in asyncpg.protocol.protocol.Codec.encode_scalar
  File "asyncpg/pgproto/codecs/datetime.pyx", line 208, in asyncpg.pgproto.pgproto.timestamptz_encode
TypeError: expected a datetime.date or datetime.datetime instance, got 'str'

The above exception was the direct cause of the following exception:

Traceback (most recent call last):
  File "C:\Users\Vyass\AppData\Roaming\Python\Python313\site-packages\sqlalchemy\dialects\postgresql\asyncpg.py", line 534, in _prepare_and_execute
    self._rows = deque(await prepared_stmt.fetch(*parameters))
                       ^^^^^^^^^^^^^^^^^^^^^^^^^^^^^^^^^^^^^^
  File "C:\Users\Vyass\AppData\Roaming\Python\Python313\site-packages\asyncpg\prepared_stmt.py", line 177, in fetch
    data = await self.__bind_execute(args, 0, timeout)
           ^^^^^^^^^^^^^^^^^^^^^^^^^^^^^^^^^^^^^^^^^^^
  File "C:\Users\Vyass\AppData\Roaming\Python\Python313\site-packages\asyncpg\prepared_stmt.py", line 268, in __bind_execute
    data, status, _ = await self.__do_execute(
                      ^^^^^^^^^^^^^^^^^^^^^^^^
        lambda protocol: protocol.bind_execute(
        ^^^^^^^^^^^^^^^^^^^^^^^^^^^^^^^^^^^^^^^
            self._state, args, '', limit, True, timeout))
            ^^^^^^^^^^^^^^^^^^^^^^^^^^^^^^^^^^^^^^^^^^^^^
  File "C:\Users\Vyass\AppData\Roaming\Python\Python313\site-packages\asyncpg\prepared_stmt.py", line 257, in __do_execute
    return await executor(protocol)
           ^^^^^^^^^^^^^^^^^^^^^^^^
  File "asyncpg/protocol/protocol.pyx", line 184, in bind_execute
  File "asyncpg/protocol/prepared_stmt.pyx", line 204, in asyncpg.protocol.protocol.PreparedStatementState._encode_bind_msg
asyncpg.exceptions.DataError: invalid input for query argument $5: '2026-02-04T15:06:20.362331' (expected a datetime.date or datetime.datetime instance, got 'str')

The above exception was the direct cause of the following exception:

Traceback (most recent call last):
  File "C:\Users\Vyass\AppData\Roaming\Python\Python313\site-packages\sqlalchemy\engine\base.py", line 1967, in _exec_single_context
    self.dialect.do_execute(
    ~~~~~~~~~~~~~~~~~~~~~~~^
        cursor, str_statement, effective_parameters, context
        ^^^^^^^^^^^^^^^^^^^^^^^^^^^^^^^^^^^^^^^^^^^^^^^^^^^^
    )
    ^
  File "C:\Users\Vyass\AppData\Roaming\Python\Python313\site-packages\sqlalchemy\engine\default.py", line 941, in do_execute
    cursor.execute(statement, parameters)
    ~~~~~~~~~~~~~~^^^^^^^^^^^^^^^^^^^^^^^
  File "C:\Users\Vyass\AppData\Roaming\Python\Python313\site-packages\sqlalchemy\dialects\postgresql\asyncpg.py", line 568, in execute
    self._adapt_connection.await_(
    ~~~~~~~~~~~~~~~~~~~~~~~~~~~~~^
        self._prepare_and_execute(operation, parameters)
        ^^^^^^^^^^^^^^^^^^^^^^^^^^^^^^^^^^^^^^^^^^^^^^^^
    )
    ^
  File "C:\Users\Vyass\AppData\Roaming\Python\Python313\site-packages\sqlalchemy\util\_concurrency_py3k.py", line 132, in await_only
    return current.parent.switch(awaitable)  # type: ignore[no-any-return,attr-defined] # noqa: E501
           ~~~~~~~~~~~~~~~~~~~~~^^^^^^^^^^^
  File "C:\Users\Vyass\AppData\Roaming\Python\Python313\site-packages\sqlalchemy\util\_concurrency_py3k.py", line 196, in greenlet_spawn
    value = await result
            ^^^^^^^^^^^^
  File "C:\Users\Vyass\AppData\Roaming\Python\Python313\site-packages\sqlalchemy\dialects\postgresql\asyncpg.py", line 546, in _prepare_and_execute
    self._handle_exception(error)
    ~~~~~~~~~~~~~~~~~~~~~~^^^^^^^
  File "C:\Users\Vyass\AppData\Roaming\Python\Python313\site-packages\sqlalchemy\dialects\postgresql\asyncpg.py", line 497, in _handle_exception
    self._adapt_connection._handle_exception(error)
    ~~~~~~~~~~~~~~~~~~~~~~~~~~~~~~~~~~~~~~~~^^^^^^^
  File "C:\Users\Vyass\AppData\Roaming\Python\Python313\site-packages\sqlalchemy\dialects\postgresql\asyncpg.py", line 780, in _handle_exception
    raise translated_error from error
sqlalchemy.dialects.postgresql.asyncpg.AsyncAdapt_asyncpg_dbapi.Error: <class 'asyncpg.exceptions.DataError'>: invalid input for query argument $5: '2026-02-04T15:06:20.362331' (expected a datetime.date or datetime.datetime instance, got 'str')

The above exception was the direct cause of the following exception:

Traceback (most recent call last):
  File "C:\Users\Vyass\OneDrive\Desktop\PhishGuard\backend\app\routes\email_providers.py", line 275, in store_provider_credentials
    await unified_email_service.store_user_credentials(
    ...<4 lines>...
    )
  File "C:\Users\Vyass\OneDrive\Desktop\PhishGuard\backend\app\services\unified_email_service.py", line 118, in store_user_credentials
    await db.commit()
  File "C:\Users\Vyass\AppData\Roaming\Python\Python313\site-packages\sqlalchemy\ext\asyncio\session.py", line 1009, in commit
    await greenlet_spawn(self.sync_session.commit)
  File "C:\Users\Vyass\AppData\Roaming\Python\Python313\site-packages\sqlalchemy\util\_concurrency_py3k.py", line 203, in greenlet_spawn
    result = context.switch(value)
  File "C:\Users\Vyass\AppData\Roaming\Python\Python313\site-packages\sqlalchemy\orm\session.py", line 2028, in commit
    trans.commit(_to_root=True)
    ~~~~~~~~~~~~^^^^^^^^^^^^^^^
  File "<string>", line 2, in commit
  File "C:\Users\Vyass\AppData\Roaming\Python\Python313\site-packages\sqlalchemy\orm\state_changes.py", line 139, in _go
    ret_value = fn(self, *arg, **kw)
  File "C:\Users\Vyass\AppData\Roaming\Python\Python313\site-packages\sqlalchemy\orm\session.py", line 1313, in commit
    self._prepare_impl()
    ~~~~~~~~~~~~~~~~~~^^
  File "<string>", line 2, in _prepare_impl
  File "C:\Users\Vyass\AppData\Roaming\Python\Python313\site-packages\sqlalchemy\orm\state_changes.py", line 139, in _go
    ret_value = fn(self, *arg, **kw)
  File "C:\Users\Vyass\AppData\Roaming\Python\Python313\site-packages\sqlalchemy\orm\session.py", line 1288, in _prepare_impl
    self.session.flush()
    ~~~~~~~~~~~~~~~~~~^^
  File "C:\Users\Vyass\AppData\Roaming\Python\Python313\site-packages\sqlalchemy\orm\session.py", line 4352, in flush
    self._flush(objects)
    ~~~~~~~~~~~^^^^^^^^^
  File "C:\Users\Vyass\AppData\Roaming\Python\Python313\site-packages\sqlalchemy\orm\session.py", line 4487, in _flush
    with util.safe_reraise():
         ~~~~~~~~~~~~~~~~~^^
  File "C:\Users\Vyass\AppData\Roaming\Python\Python313\site-packages\sqlalchemy\util\langhelpers.py", line 146, in __exit__
    raise exc_value.with_traceback(exc_tb)
  File "C:\Users\Vyass\AppData\Roaming\Python\Python313\site-packages\sqlalchemy\orm\session.py", line 4448, in _flush
    flush_context.execute()
    ~~~~~~~~~~~~~~~~~~~~~^^
  File "C:\Users\Vyass\AppData\Roaming\Python\Python313\site-packages\sqlalchemy\orm\unitofwork.py", line 466, in execute
    rec.execute(self)
    ~~~~~~~~~~~^^^^^^
  File "C:\Users\Vyass\AppData\Roaming\Python\Python313\site-packages\sqlalchemy\orm\unitofwork.py", line 642, in execute
    util.preloaded.orm_persistence.save_obj(
    ~~~~~~~~~~~~~~~~~~~~~~~~~~~~~~~~~~~~~~~^
        self.mapper,
        ^^^^^^^^^^^^
        uow.states_for_mapper_hierarchy(self.mapper, False, False),
        ^^^^^^^^^^^^^^^^^^^^^^^^^^^^^^^^^^^^^^^^^^^^^^^^^^^^^^^^^^^
        uow,
        ^^^^
    )
    ^
  File "C:\Users\Vyass\AppData\Roaming\Python\Python313\site-packages\sqlalchemy\orm\persistence.py", line 93, in save_obj
    _emit_insert_statements(
    ~~~~~~~~~~~~~~~~~~~~~~~^
        base_mapper,
        ^^^^^^^^^^^^
    ...<3 lines>...
        insert,
        ^^^^^^^
    )
    ^
  File "C:\Users\Vyass\AppData\Roaming\Python\Python313\site-packages\sqlalchemy\orm\persistence.py", line 1233, in _emit_insert_statements
    result = connection.execute(
        statement,
        params,
        execution_options=execution_options,
    )
  File "C:\Users\Vyass\AppData\Roaming\Python\Python313\site-packages\sqlalchemy\engine\base.py", line 1418, in execute
    return meth(
        self,
        distilled_parameters,
        execution_options or NO_OPTIONS,
    )
  File "C:\Users\Vyass\AppData\Roaming\Python\Python313\site-packages\sqlalchemy\sql\elements.py", line 515, in _execute_on_connection
    return connection._execute_clauseelement(
           ~~~~~~~~~~~~~~~~~~~~~~~~~~~~~~~~~^
        self, distilled_params, execution_options
        ^^^^^^^^^^^^^^^^^^^^^^^^^^^^^^^^^^^^^^^^^
    )
    ^
  File "C:\Users\Vyass\AppData\Roaming\Python\Python313\site-packages\sqlalchemy\engine\base.py", line 1640, in _execute_clauseelement
    ret = self._execute_context(
        dialect,
    ...<8 lines>...
        cache_hit=cache_hit,
    )
  File "C:\Users\Vyass\AppData\Roaming\Python\Python313\site-packages\sqlalchemy\engine\base.py", line 1846, in _execute_context
    return self._exec_single_context(
           ~~~~~~~~~~~~~~~~~~~~~~~~~^
        dialect, context, statement, parameters
        ^^^^^^^^^^^^^^^^^^^^^^^^^^^^^^^^^^^^^^^
    )
    ^
  File "C:\Users\Vyass\AppData\Roaming\Python\Python313\site-packages\sqlalchemy\engine\base.py", line 1986, in _exec_single_context
    self._handle_dbapi_exception(
    ~~~~~~~~~~~~~~~~~~~~~~~~~~~~^
        e, str_statement, effective_parameters, cursor, context
        ^^^^^^^^^^^^^^^^^^^^^^^^^^^^^^^^^^^^^^^^^^^^^^^^^^^^^^^
    )
    ^
  File "C:\Users\Vyass\AppData\Roaming\Python\Python313\site-packages\sqlalchemy\engine\base.py", line 2355, in _handle_dbapi_exception
    raise sqlalchemy_exception.with_traceback(exc_info[2]) from e
  File "C:\Users\Vyass\AppData\Roaming\Python\Python313\site-packages\sqlalchemy\engine\base.py", line 1967, in _exec_single_context
    self.dialect.do_execute(
    ~~~~~~~~~~~~~~~~~~~~~~~^
        cursor, str_statement, effective_parameters, context
        ^^^^^^^^^^^^^^^^^^^^^^^^^^^^^^^^^^^^^^^^^^^^^^^^^^^^
    )
    ^
  File "C:\Users\Vyass\AppData\Roaming\Python\Python313\site-packages\sqlalchemy\engine\default.py", line 941, in do_execute
    cursor.execute(statement, parameters)
    ~~~~~~~~~~~~~~^^^^^^^^^^^^^^^^^^^^^^^
  File "C:\Users\Vyass\AppData\Roaming\Python\Python313\site-packages\sqlalchemy\dialects\postgresql\asyncpg.py", line 568, in execute
    self._adapt_connection.await_(
    ~~~~~~~~~~~~~~~~~~~~~~~~~~~~~^
        self._prepare_and_execute(operation, parameters)
        ^^^^^^^^^^^^^^^^^^^^^^^^^^^^^^^^^^^^^^^^^^^^^^^^
    )
    ^
  File "C:\Users\Vyass\AppData\Roaming\Python\Python313\site-packages\sqlalchemy\util\_concurrency_py3k.py", line 132, in await_only
    return current.parent.switch(awaitable)  # type: ignore[no-any-return,attr-defined] # noqa: E501
           ~~~~~~~~~~~~~~~~~~~~~^^^^^^^^^^^
  File "C:\Users\Vyass\AppData\Roaming\Python\Python313\site-packages\sqlalchemy\util\_concurrency_py3k.py", line 196, in greenlet_spawn
    value = await result
            ^^^^^^^^^^^^
  File "C:\Users\Vyass\AppData\Roaming\Python\Python313\site-packages\sqlalchemy\dialects\postgresql\asyncpg.py", line 546, in _prepare_and_execute
    self._handle_exception(error)
    ~~~~~~~~~~~~~~~~~~~~~~^^^^^^^
  File "C:\Users\Vyass\AppData\Roaming\Python\Python313\site-packages\sqlalchemy\dialects\postgresql\asyncpg.py", line 497, in _handle_exception
    self._adapt_connection._handle_exception(error)
    ~~~~~~~~~~~~~~~~~~~~~~~~~~~~~~~~~~~~~~~~^^^^^^^
  File "C:\Users\Vyass\AppData\Roaming\Python\Python313\site-packages\sqlalchemy\dialects\postgresql\asyncpg.py", line 780, in _handle_exception
    raise translated_error from error
sqlalchemy.exc.DBAPIError: (sqlalchemy.dialects.postgresql.asyncpg.Error) <class 'asyncpg.exceptions.DataError'>: invalid input for query argument $5: '2026-02-04T15:06:20.362331' (expected a datetime.date or datetime.datetime instance, got 'str')
[SQL: INSERT INTO user_email_credentials (user_id, provider, access_token, refresh_token, token_expiry, email_address) VALUES ($1::INTEGER, $2::VARCHAR, $3::VARCHAR, $4::VARCHAR, $5::TIMESTAMP WITH TIME ZONE, $6::VARCHAR) RETURNING user_email_credentials.id, user_email_credentials.created_at, user_email_credentials.updated_at]
[parameters: (2, 'outlook', 'EwBIBMl6BAAUu4TQbLz/EdYigQnDPtIo76ZZUKsAAUm81KS38J1vaegYFG8zBE+neOh59czlK6G0Rrf2AScGRWbi7gu3ltYxELoQK0UeZhUiVz3hQXpTTCKM603uzesQvycw5hvKlSahAWScwHh8e ... (1166 characters truncated) ... MidR4D4mS0sR3uGWHOjZDqRH/fGH+Fv6+p7Ar4QWBig7c+gMWP8pD86n8K+hVvGfxYt73oRwbVOlYprOI5NaUaVQE3g9PoWQN5ZSz9qGxRf4vXjrBvHc3sYw+MzeLPDY3p+WdOXa7sumju4VUAw==', 'M.C552_BAY.0.U.-CkUgqUMsiIyeEukWgGt7rPGvOp*rhVW4udfmoeTlzWVpi4dSF!jodFl5mQ5EWvf9Z8n3HG*WVcZYr7fcNdsgOEpKxxh41yFILmsDousS6xfytAN6HLUWmk*OW5Pp2mZNWSXsZ ... (170 characters truncated) ... W4Wz6vBVK88Bq*Bofnhl1IoWGnvoXOYRwboPbV!tnlDvP2qsfkjWdEJEkgYE!d9uv2!sR5gt8vabGbsx3vyqI16tzxURd8b2LB5nIhBprz2snBFcgs6RVfGdx29LdbJM6oZwviqfL5VrYtrXyMw$$', '2026-02-04T15:06:20.362331', None)]
(Background on this error at: https://sqlalche.me/e/20/dbapi)
2026-02-04 15:16:40,160 - app.main - INFO - Shutting down PhishGuard AI...
2026-02-04 15:16:43,488 - app.services.gmail_service - INFO - Gmail OAuth credentials loaded successfully
2026-02-04 15:16:43,504 - app.services.outlook_service - INFO - Microsoft OAuth credentials loaded successfully
2026-02-04 15:16:43,522 - app.main - INFO - Starting PhishGuard AI...
2026-02-04 15:16:46,116 - app.main - INFO - Database initialized
2026-02-04 15:16:49,403 - app.services.gmail_service - INFO - Gmail OAuth credentials loaded successfully
2026-02-04 15:16:49,415 - app.services.outlook_service - INFO - Microsoft OAuth credentials loaded successfully
2026-02-04 15:16:49,434 - app.main - INFO - Starting PhishGuard AI...
2026-02-04 15:16:51,953 - app.main - INFO - Database initialized
2026-02-04 15:19:25,028 - app.services.gmail_service - INFO - Gmail OAuth credentials loaded successfully
2026-02-04 15:19:25,040 - app.services.outlook_service - INFO - Microsoft OAuth credentials loaded successfully
2026-02-04 15:19:25,059 - app.main - INFO - Starting PhishGuard AI...
2026-02-04 15:19:28,649 - app.main - INFO - Database initialized
2026-02-04 15:19:39,178 - app.services.unified_email_service - ERROR - Failed to store credentials: (sqlalchemy.dialects.postgresql.asyncpg.Error) <class 'asyncpg.exceptions.DataError'>: invalid input for query argument $5: '2026-02-04T15:06:20.362331' (expected a datetime.date or datetime.datetime instance, got 'str')
[SQL: INSERT INTO user_email_credentials (user_id, provider, access_token, refresh_token, token_expiry, email_address) VALUES ($1::INTEGER, $2::VARCHAR, $3::VARCHAR, $4::VARCHAR, $5::TIMESTAMP WITH TIME ZONE, $6::VARCHAR) RETURNING user_email_credentials.id, user_email_credentials.created_at, user_email_credentials.updated_at]
[parameters: (2, 'outlook', 'EwBIBMl6BAAUu4TQbLz/EdYigQnDPtIo76ZZUKsAAUm81KS38J1vaegYFG8zBE+neOh59czlK6G0Rrf2AScGRWbi7gu3ltYxELoQK0UeZhUiVz3hQXpTTCKM603uzesQvycw5hvKlSahAWScwHh8e ... (1166 characters truncated) ... MidR4D4mS0sR3uGWHOjZDqRH/fGH+Fv6+p7Ar4QWBig7c+gMWP8pD86n8K+hVvGfxYt73oRwbVOlYprOI5NaUaVQE3g9PoWQN5ZSz9qGxRf4vXjrBvHc3sYw+MzeLPDY3p+WdOXa7sumju4VUAw==', 'M.C552_BAY.0.U.-CkUgqUMsiIyeEukWgGt7rPGvOp*rhVW4udfmoeTlzWVpi4dSF!jodFl5mQ5EWvf9Z8n3HG*WVcZYr7fcNdsgOEpKxxh41yFILmsDousS6xfytAN6HLUWmk*OW5Pp2mZNWSXsZ ... (170 characters truncated) ... W4Wz6vBVK88Bq*Bofnhl1IoWGnvoXOYRwboPbV!tnlDvP2qsfkjWdEJEkgYE!d9uv2!sR5gt8vabGbsx3vyqI16tzxURd8b2LB5nIhBprz2snBFcgs6RVfGdx29LdbJM6oZwviqfL5VrYtrXyMw$$', '2026-02-04T15:06:20.362331', None)]
(Background on this error at: https://sqlalche.me/e/20/dbapi)
Traceback (most recent call last):
  File "asyncpg/protocol/prepared_stmt.pyx", line 175, in asyncpg.protocol.protocol.PreparedStatementState._encode_bind_msg
  File "asyncpg/protocol/codecs/base.pyx", line 251, in asyncpg.protocol.protocol.Codec.encode
  File "asyncpg/protocol/codecs/base.pyx", line 153, in asyncpg.protocol.protocol.Codec.encode_scalar
  File "asyncpg/pgproto/codecs/datetime.pyx", line 208, in asyncpg.pgproto.pgproto.timestamptz_encode
TypeError: expected a datetime.date or datetime.datetime instance, got 'str'

The above exception was the direct cause of the following exception:

Traceback (most recent call last):
  File "C:\Users\Vyass\AppData\Roaming\Python\Python313\site-packages\sqlalchemy\dialects\postgresql\asyncpg.py", line 534, in _prepare_and_execute
    self._rows = deque(await prepared_stmt.fetch(*parameters))
                       ^^^^^^^^^^^^^^^^^^^^^^^^^^^^^^^^^^^^^^
  File "C:\Users\Vyass\AppData\Roaming\Python\Python313\site-packages\asyncpg\prepared_stmt.py", line 177, in fetch
    data = await self.__bind_execute(args, 0, timeout)
           ^^^^^^^^^^^^^^^^^^^^^^^^^^^^^^^^^^^^^^^^^^^
  File "C:\Users\Vyass\AppData\Roaming\Python\Python313\site-packages\asyncpg\prepared_stmt.py", line 268, in __bind_execute
    data, status, _ = await self.__do_execute(
                      ^^^^^^^^^^^^^^^^^^^^^^^^
        lambda protocol: protocol.bind_execute(
        ^^^^^^^^^^^^^^^^^^^^^^^^^^^^^^^^^^^^^^^
            self._state, args, '', limit, True, timeout))
            ^^^^^^^^^^^^^^^^^^^^^^^^^^^^^^^^^^^^^^^^^^^^^
  File "C:\Users\Vyass\AppData\Roaming\Python\Python313\site-packages\asyncpg\prepared_stmt.py", line 257, in __do_execute
    return await executor(protocol)
           ^^^^^^^^^^^^^^^^^^^^^^^^
  File "asyncpg/protocol/protocol.pyx", line 184, in bind_execute
  File "asyncpg/protocol/prepared_stmt.pyx", line 204, in asyncpg.protocol.protocol.PreparedStatementState._encode_bind_msg
asyncpg.exceptions.DataError: invalid input for query argument $5: '2026-02-04T15:06:20.362331' (expected a datetime.date or datetime.datetime instance, got 'str')

The above exception was the direct cause of the following exception:

Traceback (most recent call last):
  File "C:\Users\Vyass\AppData\Roaming\Python\Python313\site-packages\sqlalchemy\engine\base.py", line 1967, in _exec_single_context
    self.dialect.do_execute(
    ~~~~~~~~~~~~~~~~~~~~~~~^
        cursor, str_statement, effective_parameters, context
        ^^^^^^^^^^^^^^^^^^^^^^^^^^^^^^^^^^^^^^^^^^^^^^^^^^^^
    )
    ^
  File "C:\Users\Vyass\AppData\Roaming\Python\Python313\site-packages\sqlalchemy\engine\default.py", line 941, in do_execute
    cursor.execute(statement, parameters)
    ~~~~~~~~~~~~~~^^^^^^^^^^^^^^^^^^^^^^^
  File "C:\Users\Vyass\AppData\Roaming\Python\Python313\site-packages\sqlalchemy\dialects\postgresql\asyncpg.py", line 568, in execute
    self._adapt_connection.await_(
    ~~~~~~~~~~~~~~~~~~~~~~~~~~~~~^
        self._prepare_and_execute(operation, parameters)
        ^^^^^^^^^^^^^^^^^^^^^^^^^^^^^^^^^^^^^^^^^^^^^^^^
    )
    ^
  File "C:\Users\Vyass\AppData\Roaming\Python\Python313\site-packages\sqlalchemy\util\_concurrency_py3k.py", line 132, in await_only
    return current.parent.switch(awaitable)  # type: ignore[no-any-return,attr-defined] # noqa: E501
           ~~~~~~~~~~~~~~~~~~~~~^^^^^^^^^^^
  File "C:\Users\Vyass\AppData\Roaming\Python\Python313\site-packages\sqlalchemy\util\_concurrency_py3k.py", line 196, in greenlet_spawn
    value = await result
            ^^^^^^^^^^^^
  File "C:\Users\Vyass\AppData\Roaming\Python\Python313\site-packages\sqlalchemy\dialects\postgresql\asyncpg.py", line 546, in _prepare_and_execute
    self._handle_exception(error)
    ~~~~~~~~~~~~~~~~~~~~~~^^^^^^^
  File "C:\Users\Vyass\AppData\Roaming\Python\Python313\site-packages\sqlalchemy\dialects\postgresql\asyncpg.py", line 497, in _handle_exception
    self._adapt_connection._handle_exception(error)
    ~~~~~~~~~~~~~~~~~~~~~~~~~~~~~~~~~~~~~~~~^^^^^^^
  File "C:\Users\Vyass\AppData\Roaming\Python\Python313\site-packages\sqlalchemy\dialects\postgresql\asyncpg.py", line 780, in _handle_exception
    raise translated_error from error
sqlalchemy.dialects.postgresql.asyncpg.AsyncAdapt_asyncpg_dbapi.Error: <class 'asyncpg.exceptions.DataError'>: invalid input for query argument $5: '2026-02-04T15:06:20.362331' (expected a datetime.date or datetime.datetime instance, got 'str')

The above exception was the direct cause of the following exception:

Traceback (most recent call last):
  File "C:\Users\Vyass\OneDrive\Desktop\PhishGuard\backend\app\services\unified_email_service.py", line 118, in store_user_credentials
    await db.commit()
  File "C:\Users\Vyass\AppData\Roaming\Python\Python313\site-packages\sqlalchemy\ext\asyncio\session.py", line 1009, in commit
    await greenlet_spawn(self.sync_session.commit)
  File "C:\Users\Vyass\AppData\Roaming\Python\Python313\site-packages\sqlalchemy\util\_concurrency_py3k.py", line 203, in greenlet_spawn
    result = context.switch(value)
  File "C:\Users\Vyass\AppData\Roaming\Python\Python313\site-packages\sqlalchemy\orm\session.py", line 2028, in commit
    trans.commit(_to_root=True)
    ~~~~~~~~~~~~^^^^^^^^^^^^^^^
  File "<string>", line 2, in commit
  File "C:\Users\Vyass\AppData\Roaming\Python\Python313\site-packages\sqlalchemy\orm\state_changes.py", line 139, in _go
    ret_value = fn(self, *arg, **kw)
  File "C:\Users\Vyass\AppData\Roaming\Python\Python313\site-packages\sqlalchemy\orm\session.py", line 1313, in commit
    self._prepare_impl()
    ~~~~~~~~~~~~~~~~~~^^
  File "<string>", line 2, in _prepare_impl
  File "C:\Users\Vyass\AppData\Roaming\Python\Python313\site-packages\sqlalchemy\orm\state_changes.py", line 139, in _go
    ret_value = fn(self, *arg, **kw)
  File "C:\Users\Vyass\AppData\Roaming\Python\Python313\site-packages\sqlalchemy\orm\session.py", line 1288, in _prepare_impl
    self.session.flush()
    ~~~~~~~~~~~~~~~~~~^^
  File "C:\Users\Vyass\AppData\Roaming\Python\Python313\site-packages\sqlalchemy\orm\session.py", line 4352, in flush
    self._flush(objects)
    ~~~~~~~~~~~^^^^^^^^^
  File "C:\Users\Vyass\AppData\Roaming\Python\Python313\site-packages\sqlalchemy\orm\session.py", line 4487, in _flush
    with util.safe_reraise():
         ~~~~~~~~~~~~~~~~~^^
  File "C:\Users\Vyass\AppData\Roaming\Python\Python313\site-packages\sqlalchemy\util\langhelpers.py", line 146, in __exit__
    raise exc_value.with_traceback(exc_tb)
  File "C:\Users\Vyass\AppData\Roaming\Python\Python313\site-packages\sqlalchemy\orm\session.py", line 4448, in _flush
    flush_context.execute()
    ~~~~~~~~~~~~~~~~~~~~~^^
  File "C:\Users\Vyass\AppData\Roaming\Python\Python313\site-packages\sqlalchemy\orm\unitofwork.py", line 466, in execute
    rec.execute(self)
    ~~~~~~~~~~~^^^^^^
  File "C:\Users\Vyass\AppData\Roaming\Python\Python313\site-packages\sqlalchemy\orm\unitofwork.py", line 642, in execute
    util.preloaded.orm_persistence.save_obj(
    ~~~~~~~~~~~~~~~~~~~~~~~~~~~~~~~~~~~~~~~^
        self.mapper,
        ^^^^^^^^^^^^
        uow.states_for_mapper_hierarchy(self.mapper, False, False),
        ^^^^^^^^^^^^^^^^^^^^^^^^^^^^^^^^^^^^^^^^^^^^^^^^^^^^^^^^^^^
        uow,
        ^^^^
    )
    ^
  File "C:\Users\Vyass\AppData\Roaming\Python\Python313\site-packages\sqlalchemy\orm\persistence.py", line 93, in save_obj
    _emit_insert_statements(
    ~~~~~~~~~~~~~~~~~~~~~~~^
        base_mapper,
        ^^^^^^^^^^^^
    ...<3 lines>...
        insert,
        ^^^^^^^
    )
    ^
  File "C:\Users\Vyass\AppData\Roaming\Python\Python313\site-packages\sqlalchemy\orm\persistence.py", line 1233, in _emit_insert_statements
    result = connection.execute(
        statement,
        params,
        execution_options=execution_options,
    )
  File "C:\Users\Vyass\AppData\Roaming\Python\Python313\site-packages\sqlalchemy\engine\base.py", line 1418, in execute
    return meth(
        self,
        distilled_parameters,
        execution_options or NO_OPTIONS,
    )
  File "C:\Users\Vyass\AppData\Roaming\Python\Python313\site-packages\sqlalchemy\sql\elements.py", line 515, in _execute_on_connection
    return connection._execute_clauseelement(
           ~~~~~~~~~~~~~~~~~~~~~~~~~~~~~~~~~^
        self, distilled_params, execution_options
        ^^^^^^^^^^^^^^^^^^^^^^^^^^^^^^^^^^^^^^^^^
    )
    ^
  File "C:\Users\Vyass\AppData\Roaming\Python\Python313\site-packages\sqlalchemy\engine\base.py", line 1640, in _execute_clauseelement
    ret = self._execute_context(
        dialect,
    ...<8 lines>...
        cache_hit=cache_hit,
    )
  File "C:\Users\Vyass\AppData\Roaming\Python\Python313\site-packages\sqlalchemy\engine\base.py", line 1846, in _execute_context
    return self._exec_single_context(
           ~~~~~~~~~~~~~~~~~~~~~~~~~^
        dialect, context, statement, parameters
        ^^^^^^^^^^^^^^^^^^^^^^^^^^^^^^^^^^^^^^^
    )
    ^
  File "C:\Users\Vyass\AppData\Roaming\Python\Python313\site-packages\sqlalchemy\engine\base.py", line 1986, in _exec_single_context
    self._handle_dbapi_exception(
    ~~~~~~~~~~~~~~~~~~~~~~~~~~~~^
        e, str_statement, effective_parameters, cursor, context
        ^^^^^^^^^^^^^^^^^^^^^^^^^^^^^^^^^^^^^^^^^^^^^^^^^^^^^^^
    )
    ^
  File "C:\Users\Vyass\AppData\Roaming\Python\Python313\site-packages\sqlalchemy\engine\base.py", line 2355, in _handle_dbapi_exception
    raise sqlalchemy_exception.with_traceback(exc_info[2]) from e
  File "C:\Users\Vyass\AppData\Roaming\Python\Python313\site-packages\sqlalchemy\engine\base.py", line 1967, in _exec_single_context
    self.dialect.do_execute(
    ~~~~~~~~~~~~~~~~~~~~~~~^
        cursor, str_statement, effective_parameters, context
        ^^^^^^^^^^^^^^^^^^^^^^^^^^^^^^^^^^^^^^^^^^^^^^^^^^^^
    )
    ^
  File "C:\Users\Vyass\AppData\Roaming\Python\Python313\site-packages\sqlalchemy\engine\default.py", line 941, in do_execute
    cursor.execute(statement, parameters)
    ~~~~~~~~~~~~~~^^^^^^^^^^^^^^^^^^^^^^^
  File "C:\Users\Vyass\AppData\Roaming\Python\Python313\site-packages\sqlalchemy\dialects\postgresql\asyncpg.py", line 568, in execute
    self._adapt_connection.await_(
    ~~~~~~~~~~~~~~~~~~~~~~~~~~~~~^
        self._prepare_and_execute(operation, parameters)
        ^^^^^^^^^^^^^^^^^^^^^^^^^^^^^^^^^^^^^^^^^^^^^^^^
    )
    ^
  File "C:\Users\Vyass\AppData\Roaming\Python\Python313\site-packages\sqlalchemy\util\_concurrency_py3k.py", line 132, in await_only
    return current.parent.switch(awaitable)  # type: ignore[no-any-return,attr-defined] # noqa: E501
           ~~~~~~~~~~~~~~~~~~~~~^^^^^^^^^^^
  File "C:\Users\Vyass\AppData\Roaming\Python\Python313\site-packages\sqlalchemy\util\_concurrency_py3k.py", line 196, in greenlet_spawn
    value = await result
            ^^^^^^^^^^^^
  File "C:\Users\Vyass\AppData\Roaming\Python\Python313\site-packages\sqlalchemy\dialects\postgresql\asyncpg.py", line 546, in _prepare_and_execute
    self._handle_exception(error)
    ~~~~~~~~~~~~~~~~~~~~~~^^^^^^^
  File "C:\Users\Vyass\AppData\Roaming\Python\Python313\site-packages\sqlalchemy\dialects\postgresql\asyncpg.py", line 497, in _handle_exception
    self._adapt_connection._handle_exception(error)
    ~~~~~~~~~~~~~~~~~~~~~~~~~~~~~~~~~~~~~~~~^^^^^^^
  File "C:\Users\Vyass\AppData\Roaming\Python\Python313\site-packages\sqlalchemy\dialects\postgresql\asyncpg.py", line 780, in _handle_exception
    raise translated_error from error
sqlalchemy.exc.DBAPIError: (sqlalchemy.dialects.postgresql.asyncpg.Error) <class 'asyncpg.exceptions.DataError'>: invalid input for query argument $5: '2026-02-04T15:06:20.362331' (expected a datetime.date or datetime.datetime instance, got 'str')
[SQL: INSERT INTO user_email_credentials (user_id, provider, access_token, refresh_token, token_expiry, email_address) VALUES ($1::INTEGER, $2::VARCHAR, $3::VARCHAR, $4::VARCHAR, $5::TIMESTAMP WITH TIME ZONE, $6::VARCHAR) RETURNING user_email_credentials.id, user_email_credentials.created_at, user_email_credentials.updated_at]
[parameters: (2, 'outlook', 'EwBIBMl6BAAUu4TQbLz/EdYigQnDPtIo76ZZUKsAAUm81KS38J1vaegYFG8zBE+neOh59czlK6G0Rrf2AScGRWbi7gu3ltYxELoQK0UeZhUiVz3hQXpTTCKM603uzesQvycw5hvKlSahAWScwHh8e ... (1166 characters truncated) ... MidR4D4mS0sR3uGWHOjZDqRH/fGH+Fv6+p7Ar4QWBig7c+gMWP8pD86n8K+hVvGfxYt73oRwbVOlYprOI5NaUaVQE3g9PoWQN5ZSz9qGxRf4vXjrBvHc3sYw+MzeLPDY3p+WdOXa7sumju4VUAw==', 'M.C552_BAY.0.U.-CkUgqUMsiIyeEukWgGt7rPGvOp*rhVW4udfmoeTlzWVpi4dSF!jodFl5mQ5EWvf9Z8n3HG*WVcZYr7fcNdsgOEpKxxh41yFILmsDousS6xfytAN6HLUWmk*OW5Pp2mZNWSXsZ ... (170 characters truncated) ... W4Wz6vBVK88Bq*Bofnhl1IoWGnvoXOYRwboPbV!tnlDvP2qsfkjWdEJEkgYE!d9uv2!sR5gt8vabGbsx3vyqI16tzxURd8b2LB5nIhBprz2snBFcgs6RVfGdx29LdbJM6oZwviqfL5VrYtrXyMw$$', '2026-02-04T15:06:20.362331', None)]
(Background on this error at: https://sqlalche.me/e/20/dbapi)
2026-02-04 15:19:39,194 - app.routes.email_providers - ERROR - Failed to store credentials: (sqlalchemy.dialects.postgresql.asyncpg.Error) <class 'asyncpg.exceptions.DataError'>: invalid input for query argument $5: '2026-02-04T15:06:20.362331' (expected a datetime.date or datetime.datetime instance, got 'str')
[SQL: INSERT INTO user_email_credentials (user_id, provider, access_token, refresh_token, token_expiry, email_address) VALUES ($1::INTEGER, $2::VARCHAR, $3::VARCHAR, $4::VARCHAR, $5::TIMESTAMP WITH TIME ZONE, $6::VARCHAR) RETURNING user_email_credentials.id, user_email_credentials.created_at, user_email_credentials.updated_at]
[parameters: (2, 'outlook', 'EwBIBMl6BAAUu4TQbLz/EdYigQnDPtIo76ZZUKsAAUm81KS38J1vaegYFG8zBE+neOh59czlK6G0Rrf2AScGRWbi7gu3ltYxELoQK0UeZhUiVz3hQXpTTCKM603uzesQvycw5hvKlSahAWScwHh8e ... (1166 characters truncated) ... MidR4D4mS0sR3uGWHOjZDqRH/fGH+Fv6+p7Ar4QWBig7c+gMWP8pD86n8K+hVvGfxYt73oRwbVOlYprOI5NaUaVQE3g9PoWQN5ZSz9qGxRf4vXjrBvHc3sYw+MzeLPDY3p+WdOXa7sumju4VUAw==', 'M.C552_BAY.0.U.-CkUgqUMsiIyeEukWgGt7rPGvOp*rhVW4udfmoeTlzWVpi4dSF!jodFl5mQ5EWvf9Z8n3HG*WVcZYr7fcNdsgOEpKxxh41yFILmsDousS6xfytAN6HLUWmk*OW5Pp2mZNWSXsZ ... (170 characters truncated) ... W4Wz6vBVK88Bq*Bofnhl1IoWGnvoXOYRwboPbV!tnlDvP2qsfkjWdEJEkgYE!d9uv2!sR5gt8vabGbsx3vyqI16tzxURd8b2LB5nIhBprz2snBFcgs6RVfGdx29LdbJM6oZwviqfL5VrYtrXyMw$$', '2026-02-04T15:06:20.362331', None)]
(Background on this error at: https://sqlalche.me/e/20/dbapi)
Traceback (most recent call last):
  File "asyncpg/protocol/prepared_stmt.pyx", line 175, in asyncpg.protocol.protocol.PreparedStatementState._encode_bind_msg
  File "asyncpg/protocol/codecs/base.pyx", line 251, in asyncpg.protocol.protocol.Codec.encode
  File "asyncpg/protocol/codecs/base.pyx", line 153, in asyncpg.protocol.protocol.Codec.encode_scalar
  File "asyncpg/pgproto/codecs/datetime.pyx", line 208, in asyncpg.pgproto.pgproto.timestamptz_encode
TypeError: expected a datetime.date or datetime.datetime instance, got 'str'

The above exception was the direct cause of the following exception:

Traceback (most recent call last):
  File "C:\Users\Vyass\AppData\Roaming\Python\Python313\site-packages\sqlalchemy\dialects\postgresql\asyncpg.py", line 534, in _prepare_and_execute
    self._rows = deque(await prepared_stmt.fetch(*parameters))
                       ^^^^^^^^^^^^^^^^^^^^^^^^^^^^^^^^^^^^^^
  File "C:\Users\Vyass\AppData\Roaming\Python\Python313\site-packages\asyncpg\prepared_stmt.py", line 177, in fetch
    data = await self.__bind_execute(args, 0, timeout)
           ^^^^^^^^^^^^^^^^^^^^^^^^^^^^^^^^^^^^^^^^^^^
  File "C:\Users\Vyass\AppData\Roaming\Python\Python313\site-packages\asyncpg\prepared_stmt.py", line 268, in __bind_execute
    data, status, _ = await self.__do_execute(
                      ^^^^^^^^^^^^^^^^^^^^^^^^
        lambda protocol: protocol.bind_execute(
        ^^^^^^^^^^^^^^^^^^^^^^^^^^^^^^^^^^^^^^^
            self._state, args, '', limit, True, timeout))
            ^^^^^^^^^^^^^^^^^^^^^^^^^^^^^^^^^^^^^^^^^^^^^
  File "C:\Users\Vyass\AppData\Roaming\Python\Python313\site-packages\asyncpg\prepared_stmt.py", line 257, in __do_execute
    return await executor(protocol)
           ^^^^^^^^^^^^^^^^^^^^^^^^
  File "asyncpg/protocol/protocol.pyx", line 184, in bind_execute
  File "asyncpg/protocol/prepared_stmt.pyx", line 204, in asyncpg.protocol.protocol.PreparedStatementState._encode_bind_msg
asyncpg.exceptions.DataError: invalid input for query argument $5: '2026-02-04T15:06:20.362331' (expected a datetime.date or datetime.datetime instance, got 'str')

The above exception was the direct cause of the following exception:

Traceback (most recent call last):
  File "C:\Users\Vyass\AppData\Roaming\Python\Python313\site-packages\sqlalchemy\engine\base.py", line 1967, in _exec_single_context
    self.dialect.do_execute(
    ~~~~~~~~~~~~~~~~~~~~~~~^
        cursor, str_statement, effective_parameters, context
        ^^^^^^^^^^^^^^^^^^^^^^^^^^^^^^^^^^^^^^^^^^^^^^^^^^^^
    )
    ^
  File "C:\Users\Vyass\AppData\Roaming\Python\Python313\site-packages\sqlalchemy\engine\default.py", line 941, in do_execute
    cursor.execute(statement, parameters)
    ~~~~~~~~~~~~~~^^^^^^^^^^^^^^^^^^^^^^^
  File "C:\Users\Vyass\AppData\Roaming\Python\Python313\site-packages\sqlalchemy\dialects\postgresql\asyncpg.py", line 568, in execute
    self._adapt_connection.await_(
    ~~~~~~~~~~~~~~~~~~~~~~~~~~~~~^
        self._prepare_and_execute(operation, parameters)
        ^^^^^^^^^^^^^^^^^^^^^^^^^^^^^^^^^^^^^^^^^^^^^^^^
    )
    ^
  File "C:\Users\Vyass\AppData\Roaming\Python\Python313\site-packages\sqlalchemy\util\_concurrency_py3k.py", line 132, in await_only
    return current.parent.switch(awaitable)  # type: ignore[no-any-return,attr-defined] # noqa: E501
           ~~~~~~~~~~~~~~~~~~~~~^^^^^^^^^^^
  File "C:\Users\Vyass\AppData\Roaming\Python\Python313\site-packages\sqlalchemy\util\_concurrency_py3k.py", line 196, in greenlet_spawn
    value = await result
            ^^^^^^^^^^^^
  File "C:\Users\Vyass\AppData\Roaming\Python\Python313\site-packages\sqlalchemy\dialects\postgresql\asyncpg.py", line 546, in _prepare_and_execute
    self._handle_exception(error)
    ~~~~~~~~~~~~~~~~~~~~~~^^^^^^^
  File "C:\Users\Vyass\AppData\Roaming\Python\Python313\site-packages\sqlalchemy\dialects\postgresql\asyncpg.py", line 497, in _handle_exception
    self._adapt_connection._handle_exception(error)
    ~~~~~~~~~~~~~~~~~~~~~~~~~~~~~~~~~~~~~~~~^^^^^^^
  File "C:\Users\Vyass\AppData\Roaming\Python\Python313\site-packages\sqlalchemy\dialects\postgresql\asyncpg.py", line 780, in _handle_exception
    raise translated_error from error
sqlalchemy.dialects.postgresql.asyncpg.AsyncAdapt_asyncpg_dbapi.Error: <class 'asyncpg.exceptions.DataError'>: invalid input for query argument $5: '2026-02-04T15:06:20.362331' (expected a datetime.date or datetime.datetime instance, got 'str')

The above exception was the direct cause of the following exception:

Traceback (most recent call last):
  File "C:\Users\Vyass\OneDrive\Desktop\PhishGuard\backend\app\routes\email_providers.py", line 275, in store_provider_credentials
    await unified_email_service.store_user_credentials(
    ...<4 lines>...
    )
  File "C:\Users\Vyass\OneDrive\Desktop\PhishGuard\backend\app\services\unified_email_service.py", line 118, in store_user_credentials
    await db.commit()
  File "C:\Users\Vyass\AppData\Roaming\Python\Python313\site-packages\sqlalchemy\ext\asyncio\session.py", line 1009, in commit
    await greenlet_spawn(self.sync_session.commit)
  File "C:\Users\Vyass\AppData\Roaming\Python\Python313\site-packages\sqlalchemy\util\_concurrency_py3k.py", line 203, in greenlet_spawn
    result = context.switch(value)
  File "C:\Users\Vyass\AppData\Roaming\Python\Python313\site-packages\sqlalchemy\orm\session.py", line 2028, in commit
    trans.commit(_to_root=True)
    ~~~~~~~~~~~~^^^^^^^^^^^^^^^
  File "<string>", line 2, in commit
  File "C:\Users\Vyass\AppData\Roaming\Python\Python313\site-packages\sqlalchemy\orm\state_changes.py", line 139, in _go
    ret_value = fn(self, *arg, **kw)
  File "C:\Users\Vyass\AppData\Roaming\Python\Python313\site-packages\sqlalchemy\orm\session.py", line 1313, in commit
    self._prepare_impl()
    ~~~~~~~~~~~~~~~~~~^^
  File "<string>", line 2, in _prepare_impl
  File "C:\Users\Vyass\AppData\Roaming\Python\Python313\site-packages\sqlalchemy\orm\state_changes.py", line 139, in _go
    ret_value = fn(self, *arg, **kw)
  File "C:\Users\Vyass\AppData\Roaming\Python\Python313\site-packages\sqlalchemy\orm\session.py", line 1288, in _prepare_impl
    self.session.flush()
    ~~~~~~~~~~~~~~~~~~^^
  File "C:\Users\Vyass\AppData\Roaming\Python\Python313\site-packages\sqlalchemy\orm\session.py", line 4352, in flush
    self._flush(objects)
    ~~~~~~~~~~~^^^^^^^^^
  File "C:\Users\Vyass\AppData\Roaming\Python\Python313\site-packages\sqlalchemy\orm\session.py", line 4487, in _flush
    with util.safe_reraise():
         ~~~~~~~~~~~~~~~~~^^
  File "C:\Users\Vyass\AppData\Roaming\Python\Python313\site-packages\sqlalchemy\util\langhelpers.py", line 146, in __exit__
    raise exc_value.with_traceback(exc_tb)
  File "C:\Users\Vyass\AppData\Roaming\Python\Python313\site-packages\sqlalchemy\orm\session.py", line 4448, in _flush
    flush_context.execute()
    ~~~~~~~~~~~~~~~~~~~~~^^
  File "C:\Users\Vyass\AppData\Roaming\Python\Python313\site-packages\sqlalchemy\orm\unitofwork.py", line 466, in execute
    rec.execute(self)
    ~~~~~~~~~~~^^^^^^
  File "C:\Users\Vyass\AppData\Roaming\Python\Python313\site-packages\sqlalchemy\orm\unitofwork.py", line 642, in execute
    util.preloaded.orm_persistence.save_obj(
    ~~~~~~~~~~~~~~~~~~~~~~~~~~~~~~~~~~~~~~~^
        self.mapper,
        ^^^^^^^^^^^^
        uow.states_for_mapper_hierarchy(self.mapper, False, False),
        ^^^^^^^^^^^^^^^^^^^^^^^^^^^^^^^^^^^^^^^^^^^^^^^^^^^^^^^^^^^
        uow,
        ^^^^
    )
    ^
  File "C:\Users\Vyass\AppData\Roaming\Python\Python313\site-packages\sqlalchemy\orm\persistence.py", line 93, in save_obj
    _emit_insert_statements(
    ~~~~~~~~~~~~~~~~~~~~~~~^
        base_mapper,
        ^^^^^^^^^^^^
    ...<3 lines>...
        insert,
        ^^^^^^^
    )
    ^
  File "C:\Users\Vyass\AppData\Roaming\Python\Python313\site-packages\sqlalchemy\orm\persistence.py", line 1233, in _emit_insert_statements
    result = connection.execute(
        statement,
        params,
        execution_options=execution_options,
    )
  File "C:\Users\Vyass\AppData\Roaming\Python\Python313\site-packages\sqlalchemy\engine\base.py", line 1418, in execute
    return meth(
        self,
        distilled_parameters,
        execution_options or NO_OPTIONS,
    )
  File "C:\Users\Vyass\AppData\Roaming\Python\Python313\site-packages\sqlalchemy\sql\elements.py", line 515, in _execute_on_connection
    return connection._execute_clauseelement(
           ~~~~~~~~~~~~~~~~~~~~~~~~~~~~~~~~~^
        self, distilled_params, execution_options
        ^^^^^^^^^^^^^^^^^^^^^^^^^^^^^^^^^^^^^^^^^
    )
    ^
  File "C:\Users\Vyass\AppData\Roaming\Python\Python313\site-packages\sqlalchemy\engine\base.py", line 1640, in _execute_clauseelement
    ret = self._execute_context(
        dialect,
    ...<8 lines>...
        cache_hit=cache_hit,
    )
  File "C:\Users\Vyass\AppData\Roaming\Python\Python313\site-packages\sqlalchemy\engine\base.py", line 1846, in _execute_context
    return self._exec_single_context(
           ~~~~~~~~~~~~~~~~~~~~~~~~~^
        dialect, context, statement, parameters
        ^^^^^^^^^^^^^^^^^^^^^^^^^^^^^^^^^^^^^^^
    )
    ^
  File "C:\Users\Vyass\AppData\Roaming\Python\Python313\site-packages\sqlalchemy\engine\base.py", line 1986, in _exec_single_context
    self._handle_dbapi_exception(
    ~~~~~~~~~~~~~~~~~~~~~~~~~~~~^
        e, str_statement, effective_parameters, cursor, context
        ^^^^^^^^^^^^^^^^^^^^^^^^^^^^^^^^^^^^^^^^^^^^^^^^^^^^^^^
    )
    ^
  File "C:\Users\Vyass\AppData\Roaming\Python\Python313\site-packages\sqlalchemy\engine\base.py", line 2355, in _handle_dbapi_exception
    raise sqlalchemy_exception.with_traceback(exc_info[2]) from e
  File "C:\Users\Vyass\AppData\Roaming\Python\Python313\site-packages\sqlalchemy\engine\base.py", line 1967, in _exec_single_context
    self.dialect.do_execute(
    ~~~~~~~~~~~~~~~~~~~~~~~^
        cursor, str_statement, effective_parameters, context
        ^^^^^^^^^^^^^^^^^^^^^^^^^^^^^^^^^^^^^^^^^^^^^^^^^^^^
    )
    ^
  File "C:\Users\Vyass\AppData\Roaming\Python\Python313\site-packages\sqlalchemy\engine\default.py", line 941, in do_execute
    cursor.execute(statement, parameters)
    ~~~~~~~~~~~~~~^^^^^^^^^^^^^^^^^^^^^^^
  File "C:\Users\Vyass\AppData\Roaming\Python\Python313\site-packages\sqlalchemy\dialects\postgresql\asyncpg.py", line 568, in execute
    self._adapt_connection.await_(
    ~~~~~~~~~~~~~~~~~~~~~~~~~~~~~^
        self._prepare_and_execute(operation, parameters)
        ^^^^^^^^^^^^^^^^^^^^^^^^^^^^^^^^^^^^^^^^^^^^^^^^
    )
    ^
  File "C:\Users\Vyass\AppData\Roaming\Python\Python313\site-packages\sqlalchemy\util\_concurrency_py3k.py", line 132, in await_only
    return current.parent.switch(awaitable)  # type: ignore[no-any-return,attr-defined] # noqa: E501
           ~~~~~~~~~~~~~~~~~~~~~^^^^^^^^^^^
  File "C:\Users\Vyass\AppData\Roaming\Python\Python313\site-packages\sqlalchemy\util\_concurrency_py3k.py", line 196, in greenlet_spawn
    value = await result
            ^^^^^^^^^^^^
  File "C:\Users\Vyass\AppData\Roaming\Python\Python313\site-packages\sqlalchemy\dialects\postgresql\asyncpg.py", line 546, in _prepare_and_execute
    self._handle_exception(error)
    ~~~~~~~~~~~~~~~~~~~~~~^^^^^^^
  File "C:\Users\Vyass\AppData\Roaming\Python\Python313\site-packages\sqlalchemy\dialects\postgresql\asyncpg.py", line 497, in _handle_exception
    self._adapt_connection._handle_exception(error)
    ~~~~~~~~~~~~~~~~~~~~~~~~~~~~~~~~~~~~~~~~^^^^^^^
  File "C:\Users\Vyass\AppData\Roaming\Python\Python313\site-packages\sqlalchemy\dialects\postgresql\asyncpg.py", line 780, in _handle_exception
    raise translated_error from error
sqlalchemy.exc.DBAPIError: (sqlalchemy.dialects.postgresql.asyncpg.Error) <class 'asyncpg.exceptions.DataError'>: invalid input for query argument $5: '2026-02-04T15:06:20.362331' (expected a datetime.date or datetime.datetime instance, got 'str')
[SQL: INSERT INTO user_email_credentials (user_id, provider, access_token, refresh_token, token_expiry, email_address) VALUES ($1::INTEGER, $2::VARCHAR, $3::VARCHAR, $4::VARCHAR, $5::TIMESTAMP WITH TIME ZONE, $6::VARCHAR) RETURNING user_email_credentials.id, user_email_credentials.created_at, user_email_credentials.updated_at]
[parameters: (2, 'outlook', 'EwBIBMl6BAAUu4TQbLz/EdYigQnDPtIo76ZZUKsAAUm81KS38J1vaegYFG8zBE+neOh59czlK6G0Rrf2AScGRWbi7gu3ltYxELoQK0UeZhUiVz3hQXpTTCKM603uzesQvycw5hvKlSahAWScwHh8e ... (1166 characters truncated) ... MidR4D4mS0sR3uGWHOjZDqRH/fGH+Fv6+p7Ar4QWBig7c+gMWP8pD86n8K+hVvGfxYt73oRwbVOlYprOI5NaUaVQE3g9PoWQN5ZSz9qGxRf4vXjrBvHc3sYw+MzeLPDY3p+WdOXa7sumju4VUAw==', 'M.C552_BAY.0.U.-CkUgqUMsiIyeEukWgGt7rPGvOp*rhVW4udfmoeTlzWVpi4dSF!jodFl5mQ5EWvf9Z8n3HG*WVcZYr7fcNdsgOEpKxxh41yFILmsDousS6xfytAN6HLUWmk*OW5Pp2mZNWSXsZ ... (170 characters truncated) ... W4Wz6vBVK88Bq*Bofnhl1IoWGnvoXOYRwboPbV!tnlDvP2qsfkjWdEJEkgYE!d9uv2!sR5gt8vabGbsx3vyqI16tzxURd8b2LB5nIhBprz2snBFcgs6RVfGdx29LdbJM6oZwviqfL5VrYtrXyMw$$', '2026-02-04T15:06:20.362331', None)]
(Background on this error at: https://sqlalche.me/e/20/dbapi)
2026-02-04 15:20:09,584 - app.main - INFO - Shutting down PhishGuard AI...
2026-02-04 15:20:17,978 - app.services.gmail_service - INFO - Gmail OAuth credentials loaded successfully
2026-02-04 15:20:17,994 - app.services.outlook_service - INFO - Microsoft OAuth credentials loaded successfully
2026-02-04 15:20:18,012 - app.main - INFO - Starting PhishGuard AI...
2026-02-04 15:20:20,652 - app.main - INFO - Database initialized
2026-02-04 15:20:36,237 - app.services.outlook_service - INFO - Generated Microsoft authorization URL
2026-02-04 15:20:59,173 - app.services.outlook_service - INFO - Successfully exchanged code for Microsoft token
2026-02-04 15:20:59,175 - app.routes.email_providers - ERROR - Outlook callback failed: Object of type datetime is not JSON serializable
Traceback (most recent call last):
  File "C:\Users\Vyass\OneDrive\Desktop\PhishGuard\backend\app\routes\email_providers.py", line 128, in outlook_callback
    credentials_json = json.dumps(credentials)
  File "C:\Python313\Lib\json\__init__.py", line 231, in dumps
    return _default_encoder.encode(obj)
           ~~~~~~~~~~~~~~~~~~~~~~~^^^^^
  File "C:\Python313\Lib\json\encoder.py", line 200, in encode
    chunks = self.iterencode(o, _one_shot=True)
  File "C:\Python313\Lib\json\encoder.py", line 261, in iterencode
    return _iterencode(o, 0)
  File "C:\Python313\Lib\json\encoder.py", line 180, in default
    raise TypeError(f'Object of type {o.__class__.__name__} '
                    f'is not JSON serializable')
TypeError: Object of type datetime is not JSON serializable
2026-02-04 15:23:00,035 - app.main - INFO - Shutting down PhishGuard AI...
2026-02-04 15:23:03,225 - app.services.gmail_service - INFO - Gmail OAuth credentials loaded successfully
2026-02-04 15:23:03,244 - app.services.outlook_service - INFO - Microsoft OAuth credentials loaded successfully
2026-02-04 15:23:03,263 - app.main - INFO - Starting PhishGuard AI...
2026-02-04 15:23:05,828 - app.main - INFO - Database initialized
2026-02-04 15:23:09,063 - app.services.gmail_service - INFO - Gmail OAuth credentials loaded successfully
2026-02-04 15:23:09,076 - app.services.outlook_service - INFO - Microsoft OAuth credentials loaded successfully
2026-02-04 15:23:09,095 - app.main - INFO - Starting PhishGuard AI...
2026-02-04 15:23:24,435 - app.services.gmail_service - INFO - Gmail OAuth credentials loaded successfully
2026-02-04 15:23:24,449 - app.services.outlook_service - INFO - Microsoft OAuth credentials loaded successfully
2026-02-04 15:23:24,467 - app.main - INFO - Starting PhishGuard AI...
2026-02-04 15:23:26,924 - app.main - INFO - Database initialized
2026-02-04 15:23:38,760 - app.services.outlook_service - INFO - Generated Microsoft authorization URL
2026-02-04 15:24:10,869 - app.services.outlook_service - INFO - Successfully exchanged code for Microsoft token
2026-02-04 15:24:13,108 - app.services.unified_email_service - INFO - Stored credentials for user 2, provider EmailProvider.OUTLOOK
2026-02-04 15:24:31,530 - app.services.outlook_service - INFO - Generated Microsoft authorization URL
2026-02-04 15:48:05,636 - app.services.outlook_service - INFO - Retrieved 20 emails from Outlook
2026-02-04 15:48:06,681 - app.services.outlook_service - INFO - Retrieved 20 emails from Outlook
2026-02-04 15:48:48,541 - app.services.outlook_service - INFO - Retrieved Outlook email content for message ID: AQMkADAwATY3ZmYAZS0xMQAyOS1kYTYwLTAwAi0wMAoARgAAA0QsdCEj785HtKhLn635IWEHAEmICnDgtPxCieESnn4cTxEAAAIBDAAAAEmICnDgtPxCieESnn4cTxEABOEe_BsAAAA=
2026-02-04 15:48:49,155 - app.routes.analysis - INFO - User zayneb analyzing email content (length: 2943)
2026-02-04 15:48:49,564 - app.routes.analysis - INFO - Email analysis complete: safe (confidence: 81.20137425903731%)
2026-02-04 15:48:56,118 - app.services.outlook_service - INFO - Retrieved Outlook email content for message ID: AQMkADAwATY3ZmYAZS0xMQAyOS1kYTYwLTAwAi0wMAoARgAAA0QsdCEj785HtKhLn635IWEHAEmICnDgtPxCieESnn4cTxEAAAIBDAAAAEmICnDgtPxCieESnn4cTxEABN825HsAAAA=
2026-02-04 15:48:56,733 - app.routes.analysis - INFO - User zayneb analyzing email content (length: 3136)
2026-02-04 15:48:57,142 - app.routes.analysis - INFO - Email analysis complete: safe (confidence: 78.60190891172797%)
2026-02-04 15:49:20,183 - app.services.outlook_service - INFO - Retrieved Outlook email content for message ID: AQMkADAwATY3ZmYAZS0xMQAyOS1kYTYwLTAwAi0wMAoARgAAA0QsdCEj785HtKhLn635IWEHAEmICnDgtPxCieESnn4cTxEAAAIBDAAAAEmICnDgtPxCieESnn4cTxEABNvaE8IAAAA=
2026-02-04 15:49:20,797 - app.routes.analysis - INFO - User zayneb analyzing email content (length: 8635)
2026-02-04 15:49:21,207 - app.routes.analysis - INFO - Email analysis complete: safe (confidence: 77.68644894062054%)
2026-02-04 15:49:55,717 - app.services.outlook_service - INFO - Retrieved 20 emails from Outlook
2026-02-04 15:49:56,561 - app.services.outlook_service - INFO - Retrieved 20 emails from Outlook
2026-02-04 15:50:11,207 - app.services.outlook_service - INFO - Retrieved 20 emails from Outlook
2026-02-04 15:50:12,313 - app.services.outlook_service - INFO - Retrieved 20 emails from Outlook
2026-02-04 15:50:16,812 - app.services.outlook_service - INFO - Retrieved 20 emails from Outlook
2026-02-04 15:50:17,734 - app.services.outlook_service - INFO - Retrieved 20 emails from Outlook
2026-02-04 15:53:43,140 - app.services.gmail_service - INFO - Generated Gmail authorization URL
2026-02-04 15:53:56,264 - app.services.gmail_service - INFO - Successfully exchanged code for token
2026-02-04 15:53:59,336 - app.services.outlook_service - INFO - Retrieved 20 emails from Outlook
2026-02-04 15:54:40,908 - app.services.gmail_service - INFO - Generated Gmail authorization URL
2026-02-04 15:54:51,075 - app.services.gmail_service - INFO - Successfully exchanged code for token
2026-02-04 15:54:53,814 - app.services.outlook_service - INFO - Retrieved 20 emails from Outlook
2026-02-04 15:55:06,637 - app.services.gmail_service - INFO - Generated Gmail authorization URL
2026-02-04 15:55:16,156 - app.services.gmail_service - INFO - Successfully exchanged code for token
2026-02-04 15:55:19,006 - app.services.outlook_service - INFO - Retrieved 20 emails from Outlook
2026-02-04 15:55:22,406 - app.services.gmail_service - INFO - Generated Gmail authorization URL
2026-02-04 15:58:13,207 - app.main - INFO - Shutting down PhishGuard AI...
2026-02-04 15:58:16,886 - app.services.gmail_service - INFO - Gmail OAuth credentials loaded successfully
2026-02-04 15:58:16,904 - app.services.outlook_service - INFO - Microsoft OAuth credentials loaded successfully
2026-02-04 15:58:16,936 - app.main - INFO - Starting PhishGuard AI...
2026-02-04 15:58:19,543 - app.main - INFO - Database initialized
2026-02-04 16:02:02,150 - app.routes.auth - INFO - User logged in: zayneb
2026-02-04 16:02:07,289 - app.services.outlook_service - INFO - Retrieved 20 emails from Outlook
2026-02-04 16:02:09,336 - app.services.outlook_service - INFO - Retrieved 20 emails from Outlook
2026-02-04 16:02:11,521 - app.services.gmail_service - INFO - Generated Gmail authorization URL
2026-02-04 16:02:25,618 - app.services.gmail_service - INFO - Successfully exchanged code for token
2026-02-04 16:02:27,197 - app.services.unified_email_service - INFO - Stored credentials for user 2, provider EmailProvider.GMAIL
2026-02-04 16:02:28,712 - app.services.outlook_service - INFO - Retrieved 20 emails from Outlook
2026-02-04 16:02:29,715 - app.services.outlook_service - INFO - Retrieved 20 emails from Outlook
2026-02-04 16:02:31,049 - googleapiclient.discovery_cache - INFO - file_cache is only supported with oauth2client<4.0.0
2026-02-04 16:02:31,967 - app.services.gmail_service - INFO - Retrieved 20 emails from Gmail
2026-02-04 16:02:47,954 - app.services.outlook_service - INFO - Retrieved 20 emails from Outlook
2026-02-04 16:02:48,764 - googleapiclient.discovery_cache - INFO - file_cache is only supported with oauth2client<4.0.0
2026-02-04 16:02:49,586 - app.services.gmail_service - INFO - Retrieved 20 emails from Gmail
2026-02-04 16:02:56,545 - app.services.outlook_service - INFO - Retrieved 20 emails from Outlook
2026-02-04 16:02:57,058 - googleapiclient.discovery_cache - INFO - file_cache is only supported with oauth2client<4.0.0
2026-02-04 16:02:57,981 - app.services.gmail_service - INFO - Retrieved 20 emails from Gmail
2026-02-04 16:03:24,092 - googleapiclient.discovery_cache - INFO - file_cache is only supported with oauth2client<4.0.0
2026-02-04 16:03:25,023 - app.services.gmail_service - INFO - Retrieved email content for message ID: 19c24ce479e48b33
2026-02-04 16:03:25,627 - app.routes.analysis - INFO - User zayneb analyzing email content (length: 27671)
2026-02-04 16:03:26,043 - app.routes.analysis - INFO - Email analysis complete: suspicious (confidence: 75.36477857449377%)
2026-02-04 16:03:29,417 - googleapiclient.discovery_cache - INFO - file_cache is only supported with oauth2client<4.0.0
2026-02-04 16:03:30,235 - app.services.gmail_service - INFO - Retrieved email content for message ID: 19c0e5232cb24ac5
2026-02-04 16:03:30,849 - app.routes.analysis - INFO - User zayneb analyzing email content (length: 913)
2026-02-04 16:03:31,259 - app.routes.analysis - INFO - Email analysis complete: safe (confidence: 80.38357374859899%)
2026-02-04 16:03:35,254 - googleapiclient.discovery_cache - INFO - file_cache is only supported with oauth2client<4.0.0
2026-02-04 16:03:36,283 - app.services.gmail_service - INFO - Retrieved email content for message ID: 19c00cbd96f672b3
2026-02-04 16:03:36,891 - app.routes.analysis - INFO - User zayneb analyzing email content (length: 28454)
2026-02-04 16:03:37,096 - app.routes.analysis - INFO - Email analysis complete: safe (confidence: 75.17825689737052%)
2026-02-04 16:03:44,163 - googleapiclient.discovery_cache - INFO - file_cache is only supported with oauth2client<4.0.0
2026-02-04 16:03:45,087 - app.services.gmail_service - INFO - Retrieved email content for message ID: 19bbe0740fbd76b2
2026-02-04 16:03:45,698 - app.routes.analysis - INFO - User zayneb analyzing email content (length: 25895)
2026-02-04 16:03:45,903 - app.routes.analysis - INFO - Email analysis complete: suspicious (confidence: 75.17682209462609%)
2026-02-04 16:03:50,308 - googleapiclient.discovery_cache - INFO - file_cache is only supported with oauth2client<4.0.0
2026-02-04 16:03:51,127 - app.services.gmail_service - INFO - Retrieved email content for message ID: 19bba12bcbe35139
2026-02-04 16:03:51,748 - app.routes.analysis - INFO - User zayneb analyzing email content (length: 3589)
2026-02-04 16:03:51,944 - app.routes.analysis - INFO - Email analysis complete: safe (confidence: 79.530042854457%)
2026-02-04 16:03:53,687 - googleapiclient.discovery_cache - INFO - file_cache is only supported with oauth2client<4.0.0
2026-02-04 16:03:54,505 - app.services.gmail_service - INFO - Retrieved email content for message ID: 19bb079947e05dfd
2026-02-04 16:03:55,121 - app.routes.analysis - INFO - User zayneb analyzing email content (length: 2664)
2026-02-04 16:03:55,324 - app.routes.analysis - INFO - Email analysis complete: safe (confidence: 80.85544914658351%)
2026-02-04 16:04:02,502 - app.services.outlook_service - INFO - Retrieved 20 emails from Outlook
2026-02-04 16:08:13,798 - app.main - INFO - Shutting down PhishGuard AI...
2026-02-04 16:08:24,655 - app.services.gmail_service - INFO - Gmail OAuth credentials loaded successfully
2026-02-04 16:08:24,666 - app.services.outlook_service - INFO - Microsoft OAuth credentials loaded successfully
2026-02-04 16:08:24,685 - app.main - INFO - Starting PhishGuard AI...
2026-02-04 16:08:27,309 - app.main - INFO - Database initialized
2026-02-04 16:21:44,525 - googleapiclient.discovery_cache - INFO - file_cache is only supported with oauth2client<4.0.0
2026-02-04 16:21:45,342 - app.services.gmail_service - INFO - Retrieved 20 emails from Gmail
2026-02-04 16:21:53,244 - googleapiclient.discovery_cache - INFO - file_cache is only supported with oauth2client<4.0.0
2026-02-04 16:21:54,353 - app.services.gmail_service - INFO - Retrieved 20 emails from Gmail
2026-02-04 16:22:19,622 - app.routes.auth - INFO - User logged in: toumia
2026-02-04 16:22:35,175 - app.main - INFO - Shutting down PhishGuard AI...
2026-02-05 15:35:45,445 - app.services.gmail_service - INFO - Gmail OAuth credentials loaded successfully
2026-02-05 15:35:45,460 - app.services.outlook_service - INFO - Microsoft OAuth credentials loaded successfully
2026-02-05 15:35:45,479 - app.main - INFO - Starting PhishGuard AI...
2026-02-05 15:35:48,786 - app.main - INFO - Database initialized
2026-02-05 15:36:29,116 - app.routes.auth - INFO - User logged in: zayneb
2026-02-05 15:39:01,007 - googleapiclient.discovery_cache - INFO - file_cache is only supported with oauth2client<4.0.0
2026-02-05 15:39:01,819 - google_auth_httplib2 - INFO - Refreshing credentials due to a 401 response. Attempt 1/2.
2026-02-05 15:39:01,820 - app.services.gmail_service - ERROR - Failed to list emails: The credentials do not contain the necessary fields need to refresh the access token. You must specify refresh_token, token_uri, client_id, and client_secret.
Traceback (most recent call last):
  File "C:\Users\Vyass\OneDrive\Desktop\PhishGuard\backend\app\services\gmail_service.py", line 122, in list_emails
    ).execute()
      ~~~~~~~^^
  File "C:\Users\Vyass\AppData\Roaming\Python\Python313\site-packages\googleapiclient\_helpers.py", line 130, in positional_wrapper
    return wrapped(*args, **kwargs)
  File "C:\Users\Vyass\AppData\Roaming\Python\Python313\site-packages\googleapiclient\http.py", line 923, in execute
    resp, content = _retry_request(
                    ~~~~~~~~~~~~~~^
        http,
        ^^^^^
    ...<7 lines>...
        headers=self.headers,
        ^^^^^^^^^^^^^^^^^^^^^
    )
    ^
  File "C:\Users\Vyass\AppData\Roaming\Python\Python313\site-packages\googleapiclient\http.py", line 191, in _retry_request
    resp, content = http.request(uri, method, *args, **kwargs)
                    ~~~~~~~~~~~~^^^^^^^^^^^^^^^^^^^^^^^^^^^^^^
  File "C:\Users\Vyass\AppData\Roaming\Python\Python313\site-packages\google_auth_httplib2.py", line 245, in request
    self.credentials.refresh(self._request)
    ~~~~~~~~~~~~~~~~~~~~~~~~^^^^^^^^^^^^^^^
  File "C:\Users\Vyass\AppData\Roaming\Python\Python313\site-packages\google\oauth2\credentials.py", line 418, in refresh
    raise exceptions.RefreshError(
    ...<3 lines>...
    )
google.auth.exceptions.RefreshError: The credentials do not contain the necessary fields need to refresh the access token. You must specify refresh_token, token_uri, client_id, and client_secret.
2026-02-05 15:39:01,910 - app.services.unified_email_service - ERROR - Failed to fetch emails from EmailProvider.GMAIL: The credentials do not contain the necessary fields need to refresh the access token. You must specify refresh_token, token_uri, client_id, and client_secret.
Traceback (most recent call last):
  File "C:\Users\Vyass\OneDrive\Desktop\PhishGuard\backend\app\services\unified_email_service.py", line 150, in fetch_emails
    emails = service.list_emails(credentials, max_results)
  File "C:\Users\Vyass\OneDrive\Desktop\PhishGuard\backend\app\services\gmail_service.py", line 122, in list_emails
    ).execute()
      ~~~~~~~^^
  File "C:\Users\Vyass\AppData\Roaming\Python\Python313\site-packages\googleapiclient\_helpers.py", line 130, in positional_wrapper
    return wrapped(*args, **kwargs)
  File "C:\Users\Vyass\AppData\Roaming\Python\Python313\site-packages\googleapiclient\http.py", line 923, in execute
    resp, content = _retry_request(
                    ~~~~~~~~~~~~~~^
        http,
        ^^^^^
    ...<7 lines>...
        headers=self.headers,
        ^^^^^^^^^^^^^^^^^^^^^
    )
    ^
  File "C:\Users\Vyass\AppData\Roaming\Python\Python313\site-packages\googleapiclient\http.py", line 191, in _retry_request
    resp, content = http.request(uri, method, *args, **kwargs)
                    ~~~~~~~~~~~~^^^^^^^^^^^^^^^^^^^^^^^^^^^^^^
  File "C:\Users\Vyass\AppData\Roaming\Python\Python313\site-packages\google_auth_httplib2.py", line 245, in request
    self.credentials.refresh(self._request)
    ~~~~~~~~~~~~~~~~~~~~~~~~^^^^^^^^^^^^^^^
  File "C:\Users\Vyass\AppData\Roaming\Python\Python313\site-packages\google\oauth2\credentials.py", line 418, in refresh
    raise exceptions.RefreshError(
    ...<3 lines>...
    )
google.auth.exceptions.RefreshError: The credentials do not contain the necessary fields need to refresh the access token. You must specify refresh_token, token_uri, client_id, and client_secret.
2026-02-05 15:39:02,434 - googleapiclient.discovery_cache - INFO - file_cache is only supported with oauth2client<4.0.0
2026-02-05 15:39:03,149 - google_auth_httplib2 - INFO - Refreshing credentials due to a 401 response. Attempt 1/2.
2026-02-05 15:39:03,150 - app.services.gmail_service - ERROR - Failed to list emails: The credentials do not contain the necessary fields need to refresh the access token. You must specify refresh_token, token_uri, client_id, and client_secret.
Traceback (most recent call last):
  File "C:\Users\Vyass\OneDrive\Desktop\PhishGuard\backend\app\services\gmail_service.py", line 122, in list_emails
    ).execute()
      ~~~~~~~^^
  File "C:\Users\Vyass\AppData\Roaming\Python\Python313\site-packages\googleapiclient\_helpers.py", line 130, in positional_wrapper
    return wrapped(*args, **kwargs)
  File "C:\Users\Vyass\AppData\Roaming\Python\Python313\site-packages\googleapiclient\http.py", line 923, in execute
    resp, content = _retry_request(
                    ~~~~~~~~~~~~~~^
        http,
        ^^^^^
    ...<7 lines>...
        headers=self.headers,
        ^^^^^^^^^^^^^^^^^^^^^
    )
    ^
  File "C:\Users\Vyass\AppData\Roaming\Python\Python313\site-packages\googleapiclient\http.py", line 191, in _retry_request
    resp, content = http.request(uri, method, *args, **kwargs)
                    ~~~~~~~~~~~~^^^^^^^^^^^^^^^^^^^^^^^^^^^^^^
  File "C:\Users\Vyass\AppData\Roaming\Python\Python313\site-packages\google_auth_httplib2.py", line 245, in request
    self.credentials.refresh(self._request)
    ~~~~~~~~~~~~~~~~~~~~~~~~^^^^^^^^^^^^^^^
  File "C:\Users\Vyass\AppData\Roaming\Python\Python313\site-packages\google\oauth2\credentials.py", line 418, in refresh
    raise exceptions.RefreshError(
    ...<3 lines>...
    )
google.auth.exceptions.RefreshError: The credentials do not contain the necessary fields need to refresh the access token. You must specify refresh_token, token_uri, client_id, and client_secret.
2026-02-05 15:39:03,152 - app.services.unified_email_service - ERROR - Failed to fetch emails from EmailProvider.GMAIL: The credentials do not contain the necessary fields need to refresh the access token. You must specify refresh_token, token_uri, client_id, and client_secret.
Traceback (most recent call last):
  File "C:\Users\Vyass\OneDrive\Desktop\PhishGuard\backend\app\services\unified_email_service.py", line 150, in fetch_emails
    emails = service.list_emails(credentials, max_results)
  File "C:\Users\Vyass\OneDrive\Desktop\PhishGuard\backend\app\services\gmail_service.py", line 122, in list_emails
    ).execute()
      ~~~~~~~^^
  File "C:\Users\Vyass\AppData\Roaming\Python\Python313\site-packages\googleapiclient\_helpers.py", line 130, in positional_wrapper
    return wrapped(*args, **kwargs)
  File "C:\Users\Vyass\AppData\Roaming\Python\Python313\site-packages\googleapiclient\http.py", line 923, in execute
    resp, content = _retry_request(
                    ~~~~~~~~~~~~~~^
        http,
        ^^^^^
    ...<7 lines>...
        headers=self.headers,
        ^^^^^^^^^^^^^^^^^^^^^
    )
    ^
  File "C:\Users\Vyass\AppData\Roaming\Python\Python313\site-packages\googleapiclient\http.py", line 191, in _retry_request
    resp, content = http.request(uri, method, *args, **kwargs)
                    ~~~~~~~~~~~~^^^^^^^^^^^^^^^^^^^^^^^^^^^^^^
  File "C:\Users\Vyass\AppData\Roaming\Python\Python313\site-packages\google_auth_httplib2.py", line 245, in request
    self.credentials.refresh(self._request)
    ~~~~~~~~~~~~~~~~~~~~~~~~^^^^^^^^^^^^^^^
  File "C:\Users\Vyass\AppData\Roaming\Python\Python313\site-packages\google\oauth2\credentials.py", line 418, in refresh
    raise exceptions.RefreshError(
    ...<3 lines>...
    )
google.auth.exceptions.RefreshError: The credentials do not contain the necessary fields need to refresh the access token. You must specify refresh_token, token_uri, client_id, and client_secret.
2026-02-05 15:39:05,608 - googleapiclient.discovery_cache - INFO - file_cache is only supported with oauth2client<4.0.0
2026-02-05 15:39:06,324 - google_auth_httplib2 - INFO - Refreshing credentials due to a 401 response. Attempt 1/2.
2026-02-05 15:39:06,324 - app.services.gmail_service - ERROR - Failed to list emails: The credentials do not contain the necessary fields need to refresh the access token. You must specify refresh_token, token_uri, client_id, and client_secret.
Traceback (most recent call last):
  File "C:\Users\Vyass\OneDrive\Desktop\PhishGuard\backend\app\services\gmail_service.py", line 122, in list_emails
    ).execute()
      ~~~~~~~^^
  File "C:\Users\Vyass\AppData\Roaming\Python\Python313\site-packages\googleapiclient\_helpers.py", line 130, in positional_wrapper
    return wrapped(*args, **kwargs)
  File "C:\Users\Vyass\AppData\Roaming\Python\Python313\site-packages\googleapiclient\http.py", line 923, in execute
    resp, content = _retry_request(
                    ~~~~~~~~~~~~~~^
        http,
        ^^^^^
    ...<7 lines>...
        headers=self.headers,
        ^^^^^^^^^^^^^^^^^^^^^
    )
    ^
  File "C:\Users\Vyass\AppData\Roaming\Python\Python313\site-packages\googleapiclient\http.py", line 191, in _retry_request
    resp, content = http.request(uri, method, *args, **kwargs)
                    ~~~~~~~~~~~~^^^^^^^^^^^^^^^^^^^^^^^^^^^^^^
  File "C:\Users\Vyass\AppData\Roaming\Python\Python313\site-packages\google_auth_httplib2.py", line 245, in request
    self.credentials.refresh(self._request)
    ~~~~~~~~~~~~~~~~~~~~~~~~^^^^^^^^^^^^^^^
  File "C:\Users\Vyass\AppData\Roaming\Python\Python313\site-packages\google\oauth2\credentials.py", line 418, in refresh
    raise exceptions.RefreshError(
    ...<3 lines>...
    )
google.auth.exceptions.RefreshError: The credentials do not contain the necessary fields need to refresh the access token. You must specify refresh_token, token_uri, client_id, and client_secret.
2026-02-05 15:39:06,326 - app.services.unified_email_service - ERROR - Failed to fetch emails from EmailProvider.GMAIL: The credentials do not contain the necessary fields need to refresh the access token. You must specify refresh_token, token_uri, client_id, and client_secret.
Traceback (most recent call last):
  File "C:\Users\Vyass\OneDrive\Desktop\PhishGuard\backend\app\services\unified_email_service.py", line 150, in fetch_emails
    emails = service.list_emails(credentials, max_results)
  File "C:\Users\Vyass\OneDrive\Desktop\PhishGuard\backend\app\services\gmail_service.py", line 122, in list_emails
    ).execute()
      ~~~~~~~^^
  File "C:\Users\Vyass\AppData\Roaming\Python\Python313\site-packages\googleapiclient\_helpers.py", line 130, in positional_wrapper
    return wrapped(*args, **kwargs)
  File "C:\Users\Vyass\AppData\Roaming\Python\Python313\site-packages\googleapiclient\http.py", line 923, in execute
    resp, content = _retry_request(
                    ~~~~~~~~~~~~~~^
        http,
        ^^^^^
    ...<7 lines>...
        headers=self.headers,
        ^^^^^^^^^^^^^^^^^^^^^
    )
    ^
  File "C:\Users\Vyass\AppData\Roaming\Python\Python313\site-packages\googleapiclient\http.py", line 191, in _retry_request
    resp, content = http.request(uri, method, *args, **kwargs)
                    ~~~~~~~~~~~~^^^^^^^^^^^^^^^^^^^^^^^^^^^^^^
  File "C:\Users\Vyass\AppData\Roaming\Python\Python313\site-packages\google_auth_httplib2.py", line 245, in request
    self.credentials.refresh(self._request)
    ~~~~~~~~~~~~~~~~~~~~~~~~^^^^^^^^^^^^^^^
  File "C:\Users\Vyass\AppData\Roaming\Python\Python313\site-packages\google\oauth2\credentials.py", line 418, in refresh
    raise exceptions.RefreshError(
    ...<3 lines>...
    )
google.auth.exceptions.RefreshError: The credentials do not contain the necessary fields need to refresh the access token. You must specify refresh_token, token_uri, client_id, and client_secret.
2026-02-05 15:39:09,295 - googleapiclient.discovery_cache - INFO - file_cache is only supported with oauth2client<4.0.0
2026-02-05 15:39:10,010 - google_auth_httplib2 - INFO - Refreshing credentials due to a 401 response. Attempt 1/2.
2026-02-05 15:39:10,011 - app.services.gmail_service - ERROR - Failed to list emails: The credentials do not contain the necessary fields need to refresh the access token. You must specify refresh_token, token_uri, client_id, and client_secret.
Traceback (most recent call last):
  File "C:\Users\Vyass\OneDrive\Desktop\PhishGuard\backend\app\services\gmail_service.py", line 122, in list_emails
    ).execute()
      ~~~~~~~^^
  File "C:\Users\Vyass\AppData\Roaming\Python\Python313\site-packages\googleapiclient\_helpers.py", line 130, in positional_wrapper
    return wrapped(*args, **kwargs)
  File "C:\Users\Vyass\AppData\Roaming\Python\Python313\site-packages\googleapiclient\http.py", line 923, in execute
    resp, content = _retry_request(
                    ~~~~~~~~~~~~~~^
        http,
        ^^^^^
    ...<7 lines>...
        headers=self.headers,
        ^^^^^^^^^^^^^^^^^^^^^
    )
    ^
  File "C:\Users\Vyass\AppData\Roaming\Python\Python313\site-packages\googleapiclient\http.py", line 191, in _retry_request
    resp, content = http.request(uri, method, *args, **kwargs)
                    ~~~~~~~~~~~~^^^^^^^^^^^^^^^^^^^^^^^^^^^^^^
  File "C:\Users\Vyass\AppData\Roaming\Python\Python313\site-packages\google_auth_httplib2.py", line 245, in request
    self.credentials.refresh(self._request)
    ~~~~~~~~~~~~~~~~~~~~~~~~^^^^^^^^^^^^^^^
  File "C:\Users\Vyass\AppData\Roaming\Python\Python313\site-packages\google\oauth2\credentials.py", line 418, in refresh
    raise exceptions.RefreshError(
    ...<3 lines>...
    )
google.auth.exceptions.RefreshError: The credentials do not contain the necessary fields need to refresh the access token. You must specify refresh_token, token_uri, client_id, and client_secret.
2026-02-05 15:39:10,013 - app.services.unified_email_service - ERROR - Failed to fetch emails from EmailProvider.GMAIL: The credentials do not contain the necessary fields need to refresh the access token. You must specify refresh_token, token_uri, client_id, and client_secret.
Traceback (most recent call last):
  File "C:\Users\Vyass\OneDrive\Desktop\PhishGuard\backend\app\services\unified_email_service.py", line 150, in fetch_emails
    emails = service.list_emails(credentials, max_results)
  File "C:\Users\Vyass\OneDrive\Desktop\PhishGuard\backend\app\services\gmail_service.py", line 122, in list_emails
    ).execute()
      ~~~~~~~^^
  File "C:\Users\Vyass\AppData\Roaming\Python\Python313\site-packages\googleapiclient\_helpers.py", line 130, in positional_wrapper
    return wrapped(*args, **kwargs)
  File "C:\Users\Vyass\AppData\Roaming\Python\Python313\site-packages\googleapiclient\http.py", line 923, in execute
    resp, content = _retry_request(
                    ~~~~~~~~~~~~~~^
        http,
        ^^^^^
    ...<7 lines>...
        headers=self.headers,
        ^^^^^^^^^^^^^^^^^^^^^
    )
    ^
  File "C:\Users\Vyass\AppData\Roaming\Python\Python313\site-packages\googleapiclient\http.py", line 191, in _retry_request
    resp, content = http.request(uri, method, *args, **kwargs)
                    ~~~~~~~~~~~~^^^^^^^^^^^^^^^^^^^^^^^^^^^^^^
  File "C:\Users\Vyass\AppData\Roaming\Python\Python313\site-packages\google_auth_httplib2.py", line 245, in request
    self.credentials.refresh(self._request)
    ~~~~~~~~~~~~~~~~~~~~~~~~^^^^^^^^^^^^^^^
  File "C:\Users\Vyass\AppData\Roaming\Python\Python313\site-packages\google\oauth2\credentials.py", line 418, in refresh
    raise exceptions.RefreshError(
    ...<3 lines>...
    )
google.auth.exceptions.RefreshError: The credentials do not contain the necessary fields need to refresh the access token. You must specify refresh_token, token_uri, client_id, and client_secret.
2026-02-05 15:39:13,186 - googleapiclient.discovery_cache - INFO - file_cache is only supported with oauth2client<4.0.0
2026-02-05 15:39:13,902 - google_auth_httplib2 - INFO - Refreshing credentials due to a 401 response. Attempt 1/2.
2026-02-05 15:39:13,902 - app.services.gmail_service - ERROR - Failed to list emails: The credentials do not contain the necessary fields need to refresh the access token. You must specify refresh_token, token_uri, client_id, and client_secret.
Traceback (most recent call last):
  File "C:\Users\Vyass\OneDrive\Desktop\PhishGuard\backend\app\services\gmail_service.py", line 122, in list_emails
    ).execute()
      ~~~~~~~^^
  File "C:\Users\Vyass\AppData\Roaming\Python\Python313\site-packages\googleapiclient\_helpers.py", line 130, in positional_wrapper
    return wrapped(*args, **kwargs)
  File "C:\Users\Vyass\AppData\Roaming\Python\Python313\site-packages\googleapiclient\http.py", line 923, in execute
    resp, content = _retry_request(
                    ~~~~~~~~~~~~~~^
        http,
        ^^^^^
    ...<7 lines>...
        headers=self.headers,
        ^^^^^^^^^^^^^^^^^^^^^
    )
    ^
  File "C:\Users\Vyass\AppData\Roaming\Python\Python313\site-packages\googleapiclient\http.py", line 191, in _retry_request
    resp, content = http.request(uri, method, *args, **kwargs)
                    ~~~~~~~~~~~~^^^^^^^^^^^^^^^^^^^^^^^^^^^^^^
  File "C:\Users\Vyass\AppData\Roaming\Python\Python313\site-packages\google_auth_httplib2.py", line 245, in request
    self.credentials.refresh(self._request)
    ~~~~~~~~~~~~~~~~~~~~~~~~^^^^^^^^^^^^^^^
  File "C:\Users\Vyass\AppData\Roaming\Python\Python313\site-packages\google\oauth2\credentials.py", line 418, in refresh
    raise exceptions.RefreshError(
    ...<3 lines>...
    )
google.auth.exceptions.RefreshError: The credentials do not contain the necessary fields need to refresh the access token. You must specify refresh_token, token_uri, client_id, and client_secret.
2026-02-05 15:39:13,905 - app.services.unified_email_service - ERROR - Failed to fetch emails from EmailProvider.GMAIL: The credentials do not contain the necessary fields need to refresh the access token. You must specify refresh_token, token_uri, client_id, and client_secret.
Traceback (most recent call last):
  File "C:\Users\Vyass\OneDrive\Desktop\PhishGuard\backend\app\services\unified_email_service.py", line 150, in fetch_emails
    emails = service.list_emails(credentials, max_results)
  File "C:\Users\Vyass\OneDrive\Desktop\PhishGuard\backend\app\services\gmail_service.py", line 122, in list_emails
    ).execute()
      ~~~~~~~^^
  File "C:\Users\Vyass\AppData\Roaming\Python\Python313\site-packages\googleapiclient\_helpers.py", line 130, in positional_wrapper
    return wrapped(*args, **kwargs)
  File "C:\Users\Vyass\AppData\Roaming\Python\Python313\site-packages\googleapiclient\http.py", line 923, in execute
    resp, content = _retry_request(
                    ~~~~~~~~~~~~~~^
        http,
        ^^^^^
    ...<7 lines>...
        headers=self.headers,
        ^^^^^^^^^^^^^^^^^^^^^
    )
    ^
  File "C:\Users\Vyass\AppData\Roaming\Python\Python313\site-packages\googleapiclient\http.py", line 191, in _retry_request
    resp, content = http.request(uri, method, *args, **kwargs)
                    ~~~~~~~~~~~~^^^^^^^^^^^^^^^^^^^^^^^^^^^^^^
  File "C:\Users\Vyass\AppData\Roaming\Python\Python313\site-packages\google_auth_httplib2.py", line 245, in request
    self.credentials.refresh(self._request)
    ~~~~~~~~~~~~~~~~~~~~~~~~^^^^^^^^^^^^^^^
  File "C:\Users\Vyass\AppData\Roaming\Python\Python313\site-packages\google\oauth2\credentials.py", line 418, in refresh
    raise exceptions.RefreshError(
    ...<3 lines>...
    )
google.auth.exceptions.RefreshError: The credentials do not contain the necessary fields need to refresh the access token. You must specify refresh_token, token_uri, client_id, and client_secret.
2026-02-05 15:39:21,072 - googleapiclient.discovery_cache - INFO - file_cache is only supported with oauth2client<4.0.0
2026-02-05 15:39:21,788 - google_auth_httplib2 - INFO - Refreshing credentials due to a 401 response. Attempt 1/2.
2026-02-05 15:39:21,789 - app.services.gmail_service - ERROR - Failed to list emails: The credentials do not contain the necessary fields need to refresh the access token. You must specify refresh_token, token_uri, client_id, and client_secret.
Traceback (most recent call last):
  File "C:\Users\Vyass\OneDrive\Desktop\PhishGuard\backend\app\services\gmail_service.py", line 122, in list_emails
    ).execute()
      ~~~~~~~^^
  File "C:\Users\Vyass\AppData\Roaming\Python\Python313\site-packages\googleapiclient\_helpers.py", line 130, in positional_wrapper
    return wrapped(*args, **kwargs)
  File "C:\Users\Vyass\AppData\Roaming\Python\Python313\site-packages\googleapiclient\http.py", line 923, in execute
    resp, content = _retry_request(
                    ~~~~~~~~~~~~~~^
        http,
        ^^^^^
    ...<7 lines>...
        headers=self.headers,
        ^^^^^^^^^^^^^^^^^^^^^
    )
    ^
  File "C:\Users\Vyass\AppData\Roaming\Python\Python313\site-packages\googleapiclient\http.py", line 191, in _retry_request
    resp, content = http.request(uri, method, *args, **kwargs)
                    ~~~~~~~~~~~~^^^^^^^^^^^^^^^^^^^^^^^^^^^^^^
  File "C:\Users\Vyass\AppData\Roaming\Python\Python313\site-packages\google_auth_httplib2.py", line 245, in request
    self.credentials.refresh(self._request)
    ~~~~~~~~~~~~~~~~~~~~~~~~^^^^^^^^^^^^^^^
  File "C:\Users\Vyass\AppData\Roaming\Python\Python313\site-packages\google\oauth2\credentials.py", line 418, in refresh
    raise exceptions.RefreshError(
    ...<3 lines>...
    )
google.auth.exceptions.RefreshError: The credentials do not contain the necessary fields need to refresh the access token. You must specify refresh_token, token_uri, client_id, and client_secret.
2026-02-05 15:39:21,791 - app.services.unified_email_service - ERROR - Failed to fetch emails from EmailProvider.GMAIL: The credentials do not contain the necessary fields need to refresh the access token. You must specify refresh_token, token_uri, client_id, and client_secret.
Traceback (most recent call last):
  File "C:\Users\Vyass\OneDrive\Desktop\PhishGuard\backend\app\services\unified_email_service.py", line 150, in fetch_emails
    emails = service.list_emails(credentials, max_results)
  File "C:\Users\Vyass\OneDrive\Desktop\PhishGuard\backend\app\services\gmail_service.py", line 122, in list_emails
    ).execute()
      ~~~~~~~^^
  File "C:\Users\Vyass\AppData\Roaming\Python\Python313\site-packages\googleapiclient\_helpers.py", line 130, in positional_wrapper
    return wrapped(*args, **kwargs)
  File "C:\Users\Vyass\AppData\Roaming\Python\Python313\site-packages\googleapiclient\http.py", line 923, in execute
    resp, content = _retry_request(
                    ~~~~~~~~~~~~~~^
        http,
        ^^^^^
    ...<7 lines>...
        headers=self.headers,
        ^^^^^^^^^^^^^^^^^^^^^
    )
    ^
  File "C:\Users\Vyass\AppData\Roaming\Python\Python313\site-packages\googleapiclient\http.py", line 191, in _retry_request
    resp, content = http.request(uri, method, *args, **kwargs)
                    ~~~~~~~~~~~~^^^^^^^^^^^^^^^^^^^^^^^^^^^^^^
  File "C:\Users\Vyass\AppData\Roaming\Python\Python313\site-packages\google_auth_httplib2.py", line 245, in request
    self.credentials.refresh(self._request)
    ~~~~~~~~~~~~~~~~~~~~~~~~^^^^^^^^^^^^^^^
  File "C:\Users\Vyass\AppData\Roaming\Python\Python313\site-packages\google\oauth2\credentials.py", line 418, in refresh
    raise exceptions.RefreshError(
    ...<3 lines>...
    )
google.auth.exceptions.RefreshError: The credentials do not contain the necessary fields need to refresh the access token. You must specify refresh_token, token_uri, client_id, and client_secret.
2026-02-05 15:39:21,993 - googleapiclient.discovery_cache - INFO - file_cache is only supported with oauth2client<4.0.0
2026-02-05 15:39:22,709 - google_auth_httplib2 - INFO - Refreshing credentials due to a 401 response. Attempt 1/2.
2026-02-05 15:39:22,709 - app.services.gmail_service - ERROR - Failed to list emails: The credentials do not contain the necessary fields need to refresh the access token. You must specify refresh_token, token_uri, client_id, and client_secret.
Traceback (most recent call last):
  File "C:\Users\Vyass\OneDrive\Desktop\PhishGuard\backend\app\services\gmail_service.py", line 122, in list_emails
    ).execute()
      ~~~~~~~^^
  File "C:\Users\Vyass\AppData\Roaming\Python\Python313\site-packages\googleapiclient\_helpers.py", line 130, in positional_wrapper
    return wrapped(*args, **kwargs)
  File "C:\Users\Vyass\AppData\Roaming\Python\Python313\site-packages\googleapiclient\http.py", line 923, in execute
    resp, content = _retry_request(
                    ~~~~~~~~~~~~~~^
        http,
        ^^^^^
    ...<7 lines>...
        headers=self.headers,
        ^^^^^^^^^^^^^^^^^^^^^
    )
    ^
  File "C:\Users\Vyass\AppData\Roaming\Python\Python313\site-packages\googleapiclient\http.py", line 191, in _retry_request
    resp, content = http.request(uri, method, *args, **kwargs)
                    ~~~~~~~~~~~~^^^^^^^^^^^^^^^^^^^^^^^^^^^^^^
  File "C:\Users\Vyass\AppData\Roaming\Python\Python313\site-packages\google_auth_httplib2.py", line 245, in request
    self.credentials.refresh(self._request)
    ~~~~~~~~~~~~~~~~~~~~~~~~^^^^^^^^^^^^^^^
  File "C:\Users\Vyass\AppData\Roaming\Python\Python313\site-packages\google\oauth2\credentials.py", line 418, in refresh
    raise exceptions.RefreshError(
    ...<3 lines>...
    )
google.auth.exceptions.RefreshError: The credentials do not contain the necessary fields need to refresh the access token. You must specify refresh_token, token_uri, client_id, and client_secret.
2026-02-05 15:39:22,719 - app.services.unified_email_service - ERROR - Failed to fetch emails from EmailProvider.GMAIL: The credentials do not contain the necessary fields need to refresh the access token. You must specify refresh_token, token_uri, client_id, and client_secret.
Traceback (most recent call last):
  File "C:\Users\Vyass\OneDrive\Desktop\PhishGuard\backend\app\services\unified_email_service.py", line 150, in fetch_emails
    emails = service.list_emails(credentials, max_results)
  File "C:\Users\Vyass\OneDrive\Desktop\PhishGuard\backend\app\services\gmail_service.py", line 122, in list_emails
    ).execute()
      ~~~~~~~^^
  File "C:\Users\Vyass\AppData\Roaming\Python\Python313\site-packages\googleapiclient\_helpers.py", line 130, in positional_wrapper
    return wrapped(*args, **kwargs)
  File "C:\Users\Vyass\AppData\Roaming\Python\Python313\site-packages\googleapiclient\http.py", line 923, in execute
    resp, content = _retry_request(
                    ~~~~~~~~~~~~~~^
        http,
        ^^^^^
    ...<7 lines>...
        headers=self.headers,
        ^^^^^^^^^^^^^^^^^^^^^
    )
    ^
  File "C:\Users\Vyass\AppData\Roaming\Python\Python313\site-packages\googleapiclient\http.py", line 191, in _retry_request
    resp, content = http.request(uri, method, *args, **kwargs)
                    ~~~~~~~~~~~~^^^^^^^^^^^^^^^^^^^^^^^^^^^^^^
  File "C:\Users\Vyass\AppData\Roaming\Python\Python313\site-packages\google_auth_httplib2.py", line 245, in request
    self.credentials.refresh(self._request)
    ~~~~~~~~~~~~~~~~~~~~~~~~^^^^^^^^^^^^^^^
  File "C:\Users\Vyass\AppData\Roaming\Python\Python313\site-packages\google\oauth2\credentials.py", line 418, in refresh
    raise exceptions.RefreshError(
    ...<3 lines>...
    )
google.auth.exceptions.RefreshError: The credentials do not contain the necessary fields need to refresh the access token. You must specify refresh_token, token_uri, client_id, and client_secret.
2026-02-05 15:39:23,733 - googleapiclient.discovery_cache - INFO - file_cache is only supported with oauth2client<4.0.0
2026-02-05 15:39:24,449 - google_auth_httplib2 - INFO - Refreshing credentials due to a 401 response. Attempt 1/2.
2026-02-05 15:39:24,450 - app.services.gmail_service - ERROR - Failed to list emails: The credentials do not contain the necessary fields need to refresh the access token. You must specify refresh_token, token_uri, client_id, and client_secret.
Traceback (most recent call last):
  File "C:\Users\Vyass\OneDrive\Desktop\PhishGuard\backend\app\services\gmail_service.py", line 122, in list_emails
    ).execute()
      ~~~~~~~^^
  File "C:\Users\Vyass\AppData\Roaming\Python\Python313\site-packages\googleapiclient\_helpers.py", line 130, in positional_wrapper
    return wrapped(*args, **kwargs)
  File "C:\Users\Vyass\AppData\Roaming\Python\Python313\site-packages\googleapiclient\http.py", line 923, in execute
    resp, content = _retry_request(
                    ~~~~~~~~~~~~~~^
        http,
        ^^^^^
    ...<7 lines>...
        headers=self.headers,
        ^^^^^^^^^^^^^^^^^^^^^
    )
    ^
  File "C:\Users\Vyass\AppData\Roaming\Python\Python313\site-packages\googleapiclient\http.py", line 191, in _retry_request
    resp, content = http.request(uri, method, *args, **kwargs)
                    ~~~~~~~~~~~~^^^^^^^^^^^^^^^^^^^^^^^^^^^^^^
  File "C:\Users\Vyass\AppData\Roaming\Python\Python313\site-packages\google_auth_httplib2.py", line 245, in request
    self.credentials.refresh(self._request)
    ~~~~~~~~~~~~~~~~~~~~~~~~^^^^^^^^^^^^^^^
  File "C:\Users\Vyass\AppData\Roaming\Python\Python313\site-packages\google\oauth2\credentials.py", line 418, in refresh
    raise exceptions.RefreshError(
    ...<3 lines>...
    )
google.auth.exceptions.RefreshError: The credentials do not contain the necessary fields need to refresh the access token. You must specify refresh_token, token_uri, client_id, and client_secret.
2026-02-05 15:39:24,451 - app.services.unified_email_service - ERROR - Failed to fetch emails from EmailProvider.GMAIL: The credentials do not contain the necessary fields need to refresh the access token. You must specify refresh_token, token_uri, client_id, and client_secret.
Traceback (most recent call last):
  File "C:\Users\Vyass\OneDrive\Desktop\PhishGuard\backend\app\services\unified_email_service.py", line 150, in fetch_emails
    emails = service.list_emails(credentials, max_results)
  File "C:\Users\Vyass\OneDrive\Desktop\PhishGuard\backend\app\services\gmail_service.py", line 122, in list_emails
    ).execute()
      ~~~~~~~^^
  File "C:\Users\Vyass\AppData\Roaming\Python\Python313\site-packages\googleapiclient\_helpers.py", line 130, in positional_wrapper
    return wrapped(*args, **kwargs)
  File "C:\Users\Vyass\AppData\Roaming\Python\Python313\site-packages\googleapiclient\http.py", line 923, in execute
    resp, content = _retry_request(
                    ~~~~~~~~~~~~~~^
        http,
        ^^^^^
    ...<7 lines>...
        headers=self.headers,
        ^^^^^^^^^^^^^^^^^^^^^
    )
    ^
  File "C:\Users\Vyass\AppData\Roaming\Python\Python313\site-packages\googleapiclient\http.py", line 191, in _retry_request
    resp, content = http.request(uri, method, *args, **kwargs)
                    ~~~~~~~~~~~~^^^^^^^^^^^^^^^^^^^^^^^^^^^^^^
  File "C:\Users\Vyass\AppData\Roaming\Python\Python313\site-packages\google_auth_httplib2.py", line 245, in request
    self.credentials.refresh(self._request)
    ~~~~~~~~~~~~~~~~~~~~~~~~^^^^^^^^^^^^^^^
  File "C:\Users\Vyass\AppData\Roaming\Python\Python313\site-packages\google\oauth2\credentials.py", line 418, in refresh
    raise exceptions.RefreshError(
    ...<3 lines>...
    )
google.auth.exceptions.RefreshError: The credentials do not contain the necessary fields need to refresh the access token. You must specify refresh_token, token_uri, client_id, and client_secret.
2026-02-05 15:39:32,028 - googleapiclient.discovery_cache - INFO - file_cache is only supported with oauth2client<4.0.0
2026-02-05 15:39:32,744 - google_auth_httplib2 - INFO - Refreshing credentials due to a 401 response. Attempt 1/2.
2026-02-05 15:39:32,744 - app.services.gmail_service - ERROR - Failed to list emails: The credentials do not contain the necessary fields need to refresh the access token. You must specify refresh_token, token_uri, client_id, and client_secret.
Traceback (most recent call last):
  File "C:\Users\Vyass\OneDrive\Desktop\PhishGuard\backend\app\services\gmail_service.py", line 122, in list_emails
    ).execute()
      ~~~~~~~^^
  File "C:\Users\Vyass\AppData\Roaming\Python\Python313\site-packages\googleapiclient\_helpers.py", line 130, in positional_wrapper
    return wrapped(*args, **kwargs)
  File "C:\Users\Vyass\AppData\Roaming\Python\Python313\site-packages\googleapiclient\http.py", line 923, in execute
    resp, content = _retry_request(
                    ~~~~~~~~~~~~~~^
        http,
        ^^^^^
    ...<7 lines>...
        headers=self.headers,
        ^^^^^^^^^^^^^^^^^^^^^
    )
    ^
  File "C:\Users\Vyass\AppData\Roaming\Python\Python313\site-packages\googleapiclient\http.py", line 191, in _retry_request
    resp, content = http.request(uri, method, *args, **kwargs)
                    ~~~~~~~~~~~~^^^^^^^^^^^^^^^^^^^^^^^^^^^^^^
  File "C:\Users\Vyass\AppData\Roaming\Python\Python313\site-packages\google_auth_httplib2.py", line 245, in request
    self.credentials.refresh(self._request)
    ~~~~~~~~~~~~~~~~~~~~~~~~^^^^^^^^^^^^^^^
  File "C:\Users\Vyass\AppData\Roaming\Python\Python313\site-packages\google\oauth2\credentials.py", line 418, in refresh
    raise exceptions.RefreshError(
    ...<3 lines>...
    )
google.auth.exceptions.RefreshError: The credentials do not contain the necessary fields need to refresh the access token. You must specify refresh_token, token_uri, client_id, and client_secret.
2026-02-05 15:39:32,746 - app.services.unified_email_service - ERROR - Failed to fetch emails from EmailProvider.GMAIL: The credentials do not contain the necessary fields need to refresh the access token. You must specify refresh_token, token_uri, client_id, and client_secret.
Traceback (most recent call last):
  File "C:\Users\Vyass\OneDrive\Desktop\PhishGuard\backend\app\services\unified_email_service.py", line 150, in fetch_emails
    emails = service.list_emails(credentials, max_results)
  File "C:\Users\Vyass\OneDrive\Desktop\PhishGuard\backend\app\services\gmail_service.py", line 122, in list_emails
    ).execute()
      ~~~~~~~^^
  File "C:\Users\Vyass\AppData\Roaming\Python\Python313\site-packages\googleapiclient\_helpers.py", line 130, in positional_wrapper
    return wrapped(*args, **kwargs)
  File "C:\Users\Vyass\AppData\Roaming\Python\Python313\site-packages\googleapiclient\http.py", line 923, in execute
    resp, content = _retry_request(
                    ~~~~~~~~~~~~~~^
        http,
        ^^^^^
    ...<7 lines>...
        headers=self.headers,
        ^^^^^^^^^^^^^^^^^^^^^
    )
    ^
  File "C:\Users\Vyass\AppData\Roaming\Python\Python313\site-packages\googleapiclient\http.py", line 191, in _retry_request
    resp, content = http.request(uri, method, *args, **kwargs)
                    ~~~~~~~~~~~~^^^^^^^^^^^^^^^^^^^^^^^^^^^^^^
  File "C:\Users\Vyass\AppData\Roaming\Python\Python313\site-packages\google_auth_httplib2.py", line 245, in request
    self.credentials.refresh(self._request)
    ~~~~~~~~~~~~~~~~~~~~~~~~^^^^^^^^^^^^^^^
  File "C:\Users\Vyass\AppData\Roaming\Python\Python313\site-packages\google\oauth2\credentials.py", line 418, in refresh
    raise exceptions.RefreshError(
    ...<3 lines>...
    )
google.auth.exceptions.RefreshError: The credentials do not contain the necessary fields need to refresh the access token. You must specify refresh_token, token_uri, client_id, and client_secret.
2026-02-05 15:39:32,750 - googleapiclient.discovery_cache - INFO - file_cache is only supported with oauth2client<4.0.0
2026-02-05 15:39:33,461 - google_auth_httplib2 - INFO - Refreshing credentials due to a 401 response. Attempt 1/2.
2026-02-05 15:39:33,462 - app.services.gmail_service - ERROR - Failed to list emails: The credentials do not contain the necessary fields need to refresh the access token. You must specify refresh_token, token_uri, client_id, and client_secret.
Traceback (most recent call last):
  File "C:\Users\Vyass\OneDrive\Desktop\PhishGuard\backend\app\services\gmail_service.py", line 122, in list_emails
    ).execute()
      ~~~~~~~^^
  File "C:\Users\Vyass\AppData\Roaming\Python\Python313\site-packages\googleapiclient\_helpers.py", line 130, in positional_wrapper
    return wrapped(*args, **kwargs)
  File "C:\Users\Vyass\AppData\Roaming\Python\Python313\site-packages\googleapiclient\http.py", line 923, in execute
    resp, content = _retry_request(
                    ~~~~~~~~~~~~~~^
        http,
        ^^^^^
    ...<7 lines>...
        headers=self.headers,
        ^^^^^^^^^^^^^^^^^^^^^
    )
    ^
  File "C:\Users\Vyass\AppData\Roaming\Python\Python313\site-packages\googleapiclient\http.py", line 191, in _retry_request
    resp, content = http.request(uri, method, *args, **kwargs)
                    ~~~~~~~~~~~~^^^^^^^^^^^^^^^^^^^^^^^^^^^^^^
  File "C:\Users\Vyass\AppData\Roaming\Python\Python313\site-packages\google_auth_httplib2.py", line 245, in request
    self.credentials.refresh(self._request)
    ~~~~~~~~~~~~~~~~~~~~~~~~^^^^^^^^^^^^^^^
  File "C:\Users\Vyass\AppData\Roaming\Python\Python313\site-packages\google\oauth2\credentials.py", line 418, in refresh
    raise exceptions.RefreshError(
    ...<3 lines>...
    )
google.auth.exceptions.RefreshError: The credentials do not contain the necessary fields need to refresh the access token. You must specify refresh_token, token_uri, client_id, and client_secret.
2026-02-05 15:39:33,463 - app.services.unified_email_service - ERROR - Failed to fetch emails from EmailProvider.GMAIL: The credentials do not contain the necessary fields need to refresh the access token. You must specify refresh_token, token_uri, client_id, and client_secret.
Traceback (most recent call last):
  File "C:\Users\Vyass\OneDrive\Desktop\PhishGuard\backend\app\services\unified_email_service.py", line 150, in fetch_emails
    emails = service.list_emails(credentials, max_results)
  File "C:\Users\Vyass\OneDrive\Desktop\PhishGuard\backend\app\services\gmail_service.py", line 122, in list_emails
    ).execute()
      ~~~~~~~^^
  File "C:\Users\Vyass\AppData\Roaming\Python\Python313\site-packages\googleapiclient\_helpers.py", line 130, in positional_wrapper
    return wrapped(*args, **kwargs)
  File "C:\Users\Vyass\AppData\Roaming\Python\Python313\site-packages\googleapiclient\http.py", line 923, in execute
    resp, content = _retry_request(
                    ~~~~~~~~~~~~~~^
        http,
        ^^^^^
    ...<7 lines>...
        headers=self.headers,
        ^^^^^^^^^^^^^^^^^^^^^
    )
    ^
  File "C:\Users\Vyass\AppData\Roaming\Python\Python313\site-packages\googleapiclient\http.py", line 191, in _retry_request
    resp, content = http.request(uri, method, *args, **kwargs)
                    ~~~~~~~~~~~~^^^^^^^^^^^^^^^^^^^^^^^^^^^^^^
  File "C:\Users\Vyass\AppData\Roaming\Python\Python313\site-packages\google_auth_httplib2.py", line 245, in request
    self.credentials.refresh(self._request)
    ~~~~~~~~~~~~~~~~~~~~~~~~^^^^^^^^^^^^^^^
  File "C:\Users\Vyass\AppData\Roaming\Python\Python313\site-packages\google\oauth2\credentials.py", line 418, in refresh
    raise exceptions.RefreshError(
    ...<3 lines>...
    )
google.auth.exceptions.RefreshError: The credentials do not contain the necessary fields need to refresh the access token. You must specify refresh_token, token_uri, client_id, and client_secret.
2026-02-05 15:42:13,064 - app.main - INFO - Shutting down PhishGuard AI...
2026-02-05 15:42:16,315 - app.services.gmail_service - INFO - Gmail OAuth credentials loaded successfully
2026-02-05 15:42:16,328 - app.services.outlook_service - INFO - Microsoft OAuth credentials loaded successfully
2026-02-05 15:42:16,346 - app.main - INFO - Starting PhishGuard AI...
2026-02-05 15:42:18,944 - app.main - INFO - Database initialized
2026-02-05 15:42:29,906 - googleapiclient.discovery_cache - INFO - file_cache is only supported with oauth2client<4.0.0
2026-02-05 15:42:30,722 - google_auth_httplib2 - INFO - Refreshing credentials due to a 401 response. Attempt 1/2.
2026-02-05 15:42:31,847 - app.services.gmail_service - INFO - Retrieved 20 emails from Gmail
2026-02-05 15:42:38,096 - googleapiclient.discovery_cache - INFO - file_cache is only supported with oauth2client<4.0.0
2026-02-05 15:42:38,718 - google_auth_httplib2 - INFO - Refreshing credentials due to a 401 response. Attempt 1/2.
2026-02-05 15:42:39,630 - app.services.gmail_service - INFO - Retrieved 20 emails from Gmail
2026-02-05 15:43:03,596 - googleapiclient.discovery_cache - INFO - file_cache is only supported with oauth2client<4.0.0
2026-02-05 15:43:04,310 - google_auth_httplib2 - INFO - Refreshing credentials due to a 401 response. Attempt 1/2.
2026-02-05 15:43:05,243 - app.services.gmail_service - INFO - Retrieved 20 emails from Gmail
2026-02-05 15:43:10,766 - googleapiclient.discovery_cache - INFO - file_cache is only supported with oauth2client<4.0.0
2026-02-05 15:43:11,479 - google_auth_httplib2 - INFO - Refreshing credentials due to a 401 response. Attempt 1/2.
2026-02-05 15:43:12,399 - app.services.gmail_service - INFO - Retrieved 20 emails from Gmail
2026-02-05 15:43:43,431 - googleapiclient.discovery_cache - INFO - file_cache is only supported with oauth2client<4.0.0
2026-02-05 15:43:44,170 - google_auth_httplib2 - INFO - Refreshing credentials due to a 401 response. Attempt 1/2.
2026-02-05 15:43:45,068 - app.services.gmail_service - INFO - Retrieved email content for message ID: 19c27b4a72228e30
2026-02-05 15:43:45,681 - app.routes.analysis - INFO - User zayneb analyzing email content (length: 913)
2026-02-05 15:43:46,090 - app.routes.analysis - INFO - Email analysis complete: safe (confidence: 80.40403578460841%)
2026-02-05 15:44:21,015 - googleapiclient.discovery_cache - INFO - file_cache is only supported with oauth2client<4.0.0
2026-02-05 15:44:21,727 - google_auth_httplib2 - INFO - Refreshing credentials due to a 401 response. Attempt 1/2.
2026-02-05 15:44:22,651 - app.services.gmail_service - INFO - Retrieved email content for message ID: 19c27b4a72228e30
2026-02-05 15:44:22,656 - googleapiclient.discovery_cache - INFO - file_cache is only supported with oauth2client<4.0.0
2026-02-05 15:44:23,365 - google_auth_httplib2 - INFO - Refreshing credentials due to a 401 response. Attempt 1/2.
2026-02-05 15:44:24,392 - app.services.gmail_service - INFO - Retrieved email content for message ID: 19c24ce479e48b33
2026-02-05 15:44:25,109 - googleapiclient.discovery_cache - INFO - file_cache is only supported with oauth2client<4.0.0
2026-02-05 15:44:25,836 - google_auth_httplib2 - INFO - Refreshing credentials due to a 401 response. Attempt 1/2.
2026-02-05 15:44:26,950 - app.services.gmail_service - INFO - Retrieved email content for message ID: 19c108eb06207c21
2026-02-05 15:44:26,954 - googleapiclient.discovery_cache - INFO - file_cache is only supported with oauth2client<4.0.0
2026-02-05 15:44:27,666 - google_auth_httplib2 - INFO - Refreshing credentials due to a 401 response. Attempt 1/2.
2026-02-05 15:44:28,596 - app.services.gmail_service - INFO - Retrieved email content for message ID: 19c0e5232cb24ac5
2026-02-05 15:44:34,425 - app.routes.analysis - INFO - User zayneb starting bulk analysis of 4 emails
2026-02-05 15:44:35,961 - app.routes.analysis - INFO - Bulk analysis complete: 4 emails processed in 1.54s
2026-02-05 15:52:17,086 - googleapiclient.discovery_cache - INFO - file_cache is only supported with oauth2client<4.0.0
2026-02-05 15:52:17,827 - google_auth_httplib2 - INFO - Refreshing credentials due to a 401 response. Attempt 1/2.
2026-02-05 15:52:18,823 - app.services.gmail_service - INFO - Retrieved 20 emails from Gmail
2026-02-05 15:52:24,169 - googleapiclient.discovery_cache - INFO - file_cache is only supported with oauth2client<4.0.0
2026-02-05 15:52:24,971 - google_auth_httplib2 - INFO - Refreshing credentials due to a 401 response. Attempt 1/2.
2026-02-05 15:52:26,094 - app.services.gmail_service - INFO - Retrieved 20 emails from Gmail
2026-02-05 15:52:32,326 - app.routes.auth - INFO - User logged in: toumia
2026-02-05 15:52:56,257 - app.services.gmail_service - INFO - Generated Gmail authorization URL
2026-02-05 15:53:35,233 - app.services.gmail_service - INFO - Successfully exchanged code for token
2026-02-05 15:53:36,650 - app.services.unified_email_service - INFO - Stored credentials for user 1, provider EmailProvider.GMAIL
2026-02-05 15:53:39,213 - googleapiclient.discovery_cache - INFO - file_cache is only supported with oauth2client<4.0.0
2026-02-05 15:53:40,042 - app.services.gmail_service - INFO - Retrieved 20 emails from Gmail
2026-02-05 15:53:45,488 - googleapiclient.discovery_cache - INFO - file_cache is only supported with oauth2client<4.0.0
2026-02-05 15:53:46,283 - app.services.gmail_service - INFO - Retrieved 20 emails from Gmail
2026-02-05 15:54:19,355 - googleapiclient.discovery_cache - INFO - file_cache is only supported with oauth2client<4.0.0
2026-02-05 15:54:20,178 - app.services.gmail_service - INFO - Retrieved 20 emails from Gmail
2026-02-05 15:54:25,404 - googleapiclient.discovery_cache - INFO - file_cache is only supported with oauth2client<4.0.0
2026-02-05 15:54:26,214 - app.services.gmail_service - INFO - Retrieved 20 emails from Gmail
2026-02-05 15:54:34,409 - googleapiclient.discovery_cache - INFO - file_cache is only supported with oauth2client<4.0.0
2026-02-05 15:54:35,230 - app.services.gmail_service - INFO - Retrieved email content for message ID: 19c27b4a72228e30
2026-02-05 15:54:35,839 - app.routes.analysis - INFO - User toumia analyzing email content (length: 913)
2026-02-05 15:54:36,044 - app.routes.analysis - INFO - Email analysis complete: safe (confidence: 80.40403578460841%)
2026-02-05 16:24:12,277 - app.main - INFO - Shutting down PhishGuard AI...
2026-02-05 16:24:19,405 - app.services.gmail_service - INFO - Gmail OAuth credentials loaded successfully
2026-02-05 16:24:19,414 - app.services.outlook_service - INFO - Microsoft OAuth credentials loaded successfully
2026-02-05 16:24:19,431 - app.main - INFO - Starting PhishGuard AI...
2026-02-05 16:24:22,165 - app.main - INFO - Database initialized
2026-02-05 16:24:42,781 - googleapiclient.discovery_cache - INFO - file_cache is only supported with oauth2client<4.0.0
2026-02-05 16:24:43,875 - app.services.gmail_service - INFO - Retrieved 20 emails from Gmail
2026-02-05 16:24:51,251 - googleapiclient.discovery_cache - INFO - file_cache is only supported with oauth2client<4.0.0
2026-02-05 16:24:52,170 - app.services.gmail_service - INFO - Retrieved 20 emails from Gmail
2026-02-05 16:24:57,827 - app.services.outlook_service - INFO - Generated Microsoft authorization URL
2026-02-05 16:25:29,138 - app.services.outlook_service - INFO - Successfully exchanged code for Microsoft token
2026-02-05 16:25:39,176 - googleapiclient.discovery_cache - INFO - file_cache is only supported with oauth2client<4.0.0
2026-02-05 16:25:39,999 - app.services.gmail_service - INFO - Retrieved 20 emails from Gmail
2026-02-05 16:25:50,022 - app.services.outlook_service - INFO - Generated Microsoft authorization URL
2026-02-05 16:26:10,407 - app.services.outlook_service - INFO - Successfully exchanged code for Microsoft token
2026-02-05 16:26:25,871 - googleapiclient.discovery_cache - INFO - file_cache is only supported with oauth2client<4.0.0
2026-02-05 16:26:26,791 - app.services.gmail_service - INFO - Retrieved 20 emails from Gmail
2026-02-05 16:28:59,501 - app.main - INFO - Shutting down PhishGuard AI...
2026-02-05 16:29:02,627 - app.services.gmail_service - INFO - Gmail OAuth credentials loaded successfully
2026-02-05 16:29:02,641 - app.services.outlook_service - INFO - Microsoft OAuth credentials loaded successfully
2026-02-05 16:29:02,658 - app.main - INFO - Starting PhishGuard AI...
2026-02-05 16:29:05,824 - app.main - INFO - Database initialized
2026-02-05 16:29:08,995 - app.services.gmail_service - INFO - Gmail OAuth credentials loaded successfully
2026-02-05 16:29:09,005 - app.services.outlook_service - INFO - Microsoft OAuth credentials loaded successfully
2026-02-05 16:29:09,023 - app.main - INFO - Starting PhishGuard AI...
2026-02-05 16:29:11,660 - app.main - INFO - Database initialized
2026-02-05 16:29:30,097 - googleapiclient.discovery_cache - INFO - file_cache is only supported with oauth2client<4.0.0
2026-02-05 16:29:31,016 - app.services.gmail_service - INFO - Retrieved 20 emails from Gmail
2026-02-05 16:29:37,594 - googleapiclient.discovery_cache - INFO - file_cache is only supported with oauth2client<4.0.0
2026-02-05 16:29:38,592 - app.services.gmail_service - INFO - Retrieved 20 emails from Gmail
2026-02-05 16:29:47,332 - app.services.outlook_service - INFO - Generated Microsoft authorization URL
2026-02-05 16:30:04,297 - app.services.outlook_service - INFO - Successfully exchanged code for Microsoft token
2026-02-05 16:30:05,730 - app.services.unified_email_service - INFO - Stored credentials for user 1, provider EmailProvider.OUTLOOK
2026-02-05 16:30:06,163 - googleapiclient.discovery_cache - INFO - file_cache is only supported with oauth2client<4.0.0
2026-02-05 16:30:06,871 - app.services.gmail_service - INFO - Retrieved 20 emails from Gmail
2026-02-05 16:30:14,639 - app.services.outlook_service - INFO - Retrieved 20 emails from Outlook
2026-02-05 16:30:21,717 - app.services.outlook_service - INFO - Generated Microsoft authorization URL
2026-02-05 16:30:43,312 - app.services.outlook_service - INFO - Successfully exchanged code for Microsoft token
2026-02-05 16:30:44,751 - app.services.unified_email_service - INFO - Stored credentials for user 1, provider EmailProvider.OUTLOOK
2026-02-05 16:30:44,952 - googleapiclient.discovery_cache - INFO - file_cache is only supported with oauth2client<4.0.0
2026-02-05 16:30:45,974 - app.services.gmail_service - INFO - Retrieved 20 emails from Gmail
2026-02-05 16:30:53,757 - app.services.outlook_service - INFO - Retrieved 20 emails from Outlook
2026-02-05 16:31:07,197 - app.services.outlook_service - INFO - Retrieved Outlook email content for message ID: AQMkADAwATM3ZmYBLTlmODYtM2Y3My0wMAItMDAKAEYAAANJrg_L0kqCSbj6GGqd7-46BwCFPMtpzyzLRoWbI2JnR1nrAAACAQwAAACFPMtpzyzLRoWbI2JnR1nrAAAAZO2D8QAAAA==
2026-02-05 16:31:07,786 - app.routes.analysis - INFO - User toumia analyzing email content (length: 2852)
2026-02-05 16:31:08,301 - app.routes.analysis - INFO - Email analysis complete: safe (confidence: 77.12924264291142%)
2026-02-05 16:31:12,292 - app.services.outlook_service - INFO - Retrieved Outlook email content for message ID: AQMkADAwATM3ZmYBLTlmODYtM2Y3My0wMAItMDAKAEYAAANJrg_L0kqCSbj6GGqd7-46BwCFPMtpzyzLRoWbI2JnR1nrAAACAQwAAACFPMtpzyzLRoWbI2JnR1nrAAAAUf3YZwAAAA==
2026-02-05 16:31:12,906 - app.routes.analysis - INFO - User toumia analyzing email content (length: 62293)
2026-02-05 16:31:13,213 - app.routes.analysis - INFO - Email analysis complete: safe (confidence: 75.95532852374471%)
2026-02-05 16:32:14,371 - app.main - INFO - Shutting down PhishGuard AI...
2026-02-07 14:25:19,091 - app.services.gmail_service - ERROR - Gmail OAuth credentials not found in environment
2026-02-07 14:30:16,366 - app.services.gmail_service - INFO - Gmail OAuth credentials loaded successfully
2026-02-07 14:30:16,469 - app.services.outlook_service - WARNING - Microsoft OAuth credentials not found in environment
2026-02-07 14:30:16,522 - app.main - INFO - Starting PhishGuard AI...
2026-02-07 14:43:49,083 - app.services.gmail_service - INFO - Gmail OAuth credentials loaded successfully
2026-02-07 14:43:49,106 - app.services.outlook_service - WARNING - Microsoft OAuth credentials not found in environment
2026-02-07 14:43:49,141 - app.main - INFO - Starting PhishGuard AI...
2026-02-07 14:45:31,074 - app.services.gmail_service - INFO - Gmail OAuth credentials loaded successfully
2026-02-07 14:45:31,090 - app.services.outlook_service - WARNING - Microsoft OAuth credentials not found in environment
2026-02-07 14:45:31,123 - app.main - INFO - Starting PhishGuard AI...
2026-02-07 14:48:22,599 - app.services.gmail_service - INFO - Gmail OAuth credentials loaded successfully
2026-02-07 14:48:22,615 - app.services.outlook_service - WARNING - Microsoft OAuth credentials not found in environment
2026-02-07 14:48:22,647 - app.main - INFO - Starting PhishGuard AI...
2026-02-07 14:48:25,294 - app.main - INFO - Database initialized
2026-02-07 14:48:59,639 - app.services.gmail_service - INFO - Gmail OAuth credentials loaded successfully
2026-02-07 14:48:59,653 - app.services.outlook_service - WARNING - Microsoft OAuth credentials not found in environment
2026-02-07 14:48:59,683 - app.main - INFO - Starting PhishGuard AI...
2026-02-07 14:49:01,651 - app.main - INFO - Database initialized
2026-02-07 14:50:38,683 - app.routes.auth - INFO - User logged in: zayneb
2026-02-07 16:40:53,146 - googleapiclient.discovery_cache - INFO - file_cache is only supported with oauth2client<4.0.0
2026-02-07 16:40:54,155 - google_auth_httplib2 - INFO - Refreshing credentials due to a 401 response. Attempt 1/2.
2026-02-07 16:40:55,055 - app.services.gmail_service - ERROR - Failed to list emails: ('invalid_client: The OAuth client was not found.', {'error': 'invalid_client', 'error_description': 'The OAuth client was not found.'})
Traceback (most recent call last):
  File "C:\Users\TEST\PhishGuard\backend\app\services\gmail_service.py", line 122, in list_emails
    ).execute()
      ~~~~~~~^^
  File "C:\Users\TEST\AppData\Roaming\Python\Python313\site-packages\googleapiclient\_helpers.py", line 130, in positional_wrapper
    return wrapped(*args, **kwargs)
  File "C:\Users\TEST\AppData\Roaming\Python\Python313\site-packages\googleapiclient\http.py", line 923, in execute
    resp, content = _retry_request(
                    ~~~~~~~~~~~~~~^
        http,
        ^^^^^
    ...<7 lines>...
        headers=self.headers,
        ^^^^^^^^^^^^^^^^^^^^^
    )
    ^
  File "C:\Users\TEST\AppData\Roaming\Python\Python313\site-packages\googleapiclient\http.py", line 191, in _retry_request
    resp, content = http.request(uri, method, *args, **kwargs)
                    ~~~~~~~~~~~~^^^^^^^^^^^^^^^^^^^^^^^^^^^^^^
  File "C:\Users\TEST\AppData\Roaming\Python\Python313\site-packages\google_auth_httplib2.py", line 245, in request
    self.credentials.refresh(self._request)
    ~~~~~~~~~~~~~~~~~~~~~~~~^^^^^^^^^^^^^^^
  File "C:\Users\TEST\AppData\Roaming\Python\Python313\site-packages\google\oauth2\credentials.py", line 430, in refresh
    ) = reauth.refresh_grant(
        ~~~~~~~~~~~~~~~~~~~~^
        request,
        ^^^^^^^^
    ...<6 lines>...
        enable_reauth_refresh=self._enable_reauth_refresh,
        ^^^^^^^^^^^^^^^^^^^^^^^^^^^^^^^^^^^^^^^^^^^^^^^^^^
    )
    ^
  File "C:\Users\TEST\AppData\Roaming\Python\Python313\site-packages\google\oauth2\reauth.py", line 365, in refresh_grant
    _client._handle_error_response(response_data, retryable_error)
    ~~~~~~~~~~~~~~~~~~~~~~~~~~~~~~^^^^^^^^^^^^^^^^^^^^^^^^^^^^^^^^
  File "C:\Users\TEST\AppData\Roaming\Python\Python313\site-packages\google\oauth2\_client.py", line 72, in _handle_error_response
    raise exceptions.RefreshError(
        error_details, response_data, retryable=retryable_error
    )
google.auth.exceptions.RefreshError: ('invalid_client: The OAuth client was not found.', {'error': 'invalid_client', 'error_description': 'The OAuth client was not found.'})
2026-02-07 16:40:55,273 - app.services.unified_email_service - ERROR - Failed to fetch emails from EmailProvider.GMAIL: ('invalid_client: The OAuth client was not found.', {'error': 'invalid_client', 'error_description': 'The OAuth client was not found.'})
Traceback (most recent call last):
  File "C:\Users\TEST\PhishGuard\backend\app\services\unified_email_service.py", line 177, in fetch_emails
    emails = service.list_emails(credentials, max_results)
  File "C:\Users\TEST\PhishGuard\backend\app\services\gmail_service.py", line 122, in list_emails
    ).execute()
      ~~~~~~~^^
  File "C:\Users\TEST\AppData\Roaming\Python\Python313\site-packages\googleapiclient\_helpers.py", line 130, in positional_wrapper
    return wrapped(*args, **kwargs)
  File "C:\Users\TEST\AppData\Roaming\Python\Python313\site-packages\googleapiclient\http.py", line 923, in execute
    resp, content = _retry_request(
                    ~~~~~~~~~~~~~~^
        http,
        ^^^^^
    ...<7 lines>...
        headers=self.headers,
        ^^^^^^^^^^^^^^^^^^^^^
    )
    ^
  File "C:\Users\TEST\AppData\Roaming\Python\Python313\site-packages\googleapiclient\http.py", line 191, in _retry_request
    resp, content = http.request(uri, method, *args, **kwargs)
                    ~~~~~~~~~~~~^^^^^^^^^^^^^^^^^^^^^^^^^^^^^^
  File "C:\Users\TEST\AppData\Roaming\Python\Python313\site-packages\google_auth_httplib2.py", line 245, in request
    self.credentials.refresh(self._request)
    ~~~~~~~~~~~~~~~~~~~~~~~~^^^^^^^^^^^^^^^
  File "C:\Users\TEST\AppData\Roaming\Python\Python313\site-packages\google\oauth2\credentials.py", line 430, in refresh
    ) = reauth.refresh_grant(
        ~~~~~~~~~~~~~~~~~~~~^
        request,
        ^^^^^^^^
    ...<6 lines>...
        enable_reauth_refresh=self._enable_reauth_refresh,
        ^^^^^^^^^^^^^^^^^^^^^^^^^^^^^^^^^^^^^^^^^^^^^^^^^^
    )
    ^
  File "C:\Users\TEST\AppData\Roaming\Python\Python313\site-packages\google\oauth2\reauth.py", line 365, in refresh_grant
    _client._handle_error_response(response_data, retryable_error)
    ~~~~~~~~~~~~~~~~~~~~~~~~~~~~~~^^^^^^^^^^^^^^^^^^^^^^^^^^^^^^^^
  File "C:\Users\TEST\AppData\Roaming\Python\Python313\site-packages\google\oauth2\_client.py", line 72, in _handle_error_response
    raise exceptions.RefreshError(
        error_details, response_data, retryable=retryable_error
    )
google.auth.exceptions.RefreshError: ('invalid_client: The OAuth client was not found.', {'error': 'invalid_client', 'error_description': 'The OAuth client was not found.'})
2026-02-07 16:40:55,738 - googleapiclient.discovery_cache - INFO - file_cache is only supported with oauth2client<4.0.0
2026-02-07 16:40:56,518 - google_auth_httplib2 - INFO - Refreshing credentials due to a 401 response. Attempt 1/2.
2026-02-07 16:40:57,302 - app.services.gmail_service - ERROR - Failed to list emails: ('invalid_client: The OAuth client was not found.', {'error': 'invalid_client', 'error_description': 'The OAuth client was not found.'})
Traceback (most recent call last):
  File "C:\Users\TEST\PhishGuard\backend\app\services\gmail_service.py", line 122, in list_emails
    ).execute()
      ~~~~~~~^^
  File "C:\Users\TEST\AppData\Roaming\Python\Python313\site-packages\googleapiclient\_helpers.py", line 130, in positional_wrapper
    return wrapped(*args, **kwargs)
  File "C:\Users\TEST\AppData\Roaming\Python\Python313\site-packages\googleapiclient\http.py", line 923, in execute
    resp, content = _retry_request(
                    ~~~~~~~~~~~~~~^
        http,
        ^^^^^
    ...<7 lines>...
        headers=self.headers,
        ^^^^^^^^^^^^^^^^^^^^^
    )
    ^
  File "C:\Users\TEST\AppData\Roaming\Python\Python313\site-packages\googleapiclient\http.py", line 191, in _retry_request
    resp, content = http.request(uri, method, *args, **kwargs)
                    ~~~~~~~~~~~~^^^^^^^^^^^^^^^^^^^^^^^^^^^^^^
  File "C:\Users\TEST\AppData\Roaming\Python\Python313\site-packages\google_auth_httplib2.py", line 245, in request
    self.credentials.refresh(self._request)
    ~~~~~~~~~~~~~~~~~~~~~~~~^^^^^^^^^^^^^^^
  File "C:\Users\TEST\AppData\Roaming\Python\Python313\site-packages\google\oauth2\credentials.py", line 430, in refresh
    ) = reauth.refresh_grant(
        ~~~~~~~~~~~~~~~~~~~~^
        request,
        ^^^^^^^^
    ...<6 lines>...
        enable_reauth_refresh=self._enable_reauth_refresh,
        ^^^^^^^^^^^^^^^^^^^^^^^^^^^^^^^^^^^^^^^^^^^^^^^^^^
    )
    ^
  File "C:\Users\TEST\AppData\Roaming\Python\Python313\site-packages\google\oauth2\reauth.py", line 365, in refresh_grant
    _client._handle_error_response(response_data, retryable_error)
    ~~~~~~~~~~~~~~~~~~~~~~~~~~~~~~^^^^^^^^^^^^^^^^^^^^^^^^^^^^^^^^
  File "C:\Users\TEST\AppData\Roaming\Python\Python313\site-packages\google\oauth2\_client.py", line 72, in _handle_error_response
    raise exceptions.RefreshError(
        error_details, response_data, retryable=retryable_error
    )
google.auth.exceptions.RefreshError: ('invalid_client: The OAuth client was not found.', {'error': 'invalid_client', 'error_description': 'The OAuth client was not found.'})
2026-02-07 16:40:57,308 - app.services.unified_email_service - ERROR - Failed to fetch emails from EmailProvider.GMAIL: ('invalid_client: The OAuth client was not found.', {'error': 'invalid_client', 'error_description': 'The OAuth client was not found.'})
Traceback (most recent call last):
  File "C:\Users\TEST\PhishGuard\backend\app\services\unified_email_service.py", line 177, in fetch_emails
    emails = service.list_emails(credentials, max_results)
  File "C:\Users\TEST\PhishGuard\backend\app\services\gmail_service.py", line 122, in list_emails
    ).execute()
      ~~~~~~~^^
  File "C:\Users\TEST\AppData\Roaming\Python\Python313\site-packages\googleapiclient\_helpers.py", line 130, in positional_wrapper
    return wrapped(*args, **kwargs)
  File "C:\Users\TEST\AppData\Roaming\Python\Python313\site-packages\googleapiclient\http.py", line 923, in execute
    resp, content = _retry_request(
                    ~~~~~~~~~~~~~~^
        http,
        ^^^^^
    ...<7 lines>...
        headers=self.headers,
        ^^^^^^^^^^^^^^^^^^^^^
    )
    ^
  File "C:\Users\TEST\AppData\Roaming\Python\Python313\site-packages\googleapiclient\http.py", line 191, in _retry_request
    resp, content = http.request(uri, method, *args, **kwargs)
                    ~~~~~~~~~~~~^^^^^^^^^^^^^^^^^^^^^^^^^^^^^^
  File "C:\Users\TEST\AppData\Roaming\Python\Python313\site-packages\google_auth_httplib2.py", line 245, in request
    self.credentials.refresh(self._request)
    ~~~~~~~~~~~~~~~~~~~~~~~~^^^^^^^^^^^^^^^
  File "C:\Users\TEST\AppData\Roaming\Python\Python313\site-packages\google\oauth2\credentials.py", line 430, in refresh
    ) = reauth.refresh_grant(
        ~~~~~~~~~~~~~~~~~~~~^
        request,
        ^^^^^^^^
    ...<6 lines>...
        enable_reauth_refresh=self._enable_reauth_refresh,
        ^^^^^^^^^^^^^^^^^^^^^^^^^^^^^^^^^^^^^^^^^^^^^^^^^^
    )
    ^
  File "C:\Users\TEST\AppData\Roaming\Python\Python313\site-packages\google\oauth2\reauth.py", line 365, in refresh_grant
    _client._handle_error_response(response_data, retryable_error)
    ~~~~~~~~~~~~~~~~~~~~~~~~~~~~~~^^^^^^^^^^^^^^^^^^^^^^^^^^^^^^^^
  File "C:\Users\TEST\AppData\Roaming\Python\Python313\site-packages\google\oauth2\_client.py", line 72, in _handle_error_response
    raise exceptions.RefreshError(
        error_details, response_data, retryable=retryable_error
    )
google.auth.exceptions.RefreshError: ('invalid_client: The OAuth client was not found.', {'error': 'invalid_client', 'error_description': 'The OAuth client was not found.'})
2026-02-07 16:40:57,791 - googleapiclient.discovery_cache - INFO - file_cache is only supported with oauth2client<4.0.0
2026-02-07 16:40:58,590 - google_auth_httplib2 - INFO - Refreshing credentials due to a 401 response. Attempt 1/2.
2026-02-07 16:40:59,175 - app.services.gmail_service - ERROR - Failed to list emails: ('invalid_client: The OAuth client was not found.', {'error': 'invalid_client', 'error_description': 'The OAuth client was not found.'})
Traceback (most recent call last):
  File "C:\Users\TEST\PhishGuard\backend\app\services\gmail_service.py", line 122, in list_emails
    ).execute()
      ~~~~~~~^^
  File "C:\Users\TEST\AppData\Roaming\Python\Python313\site-packages\googleapiclient\_helpers.py", line 130, in positional_wrapper
    return wrapped(*args, **kwargs)
  File "C:\Users\TEST\AppData\Roaming\Python\Python313\site-packages\googleapiclient\http.py", line 923, in execute
    resp, content = _retry_request(
                    ~~~~~~~~~~~~~~^
        http,
        ^^^^^
    ...<7 lines>...
        headers=self.headers,
        ^^^^^^^^^^^^^^^^^^^^^
    )
    ^
  File "C:\Users\TEST\AppData\Roaming\Python\Python313\site-packages\googleapiclient\http.py", line 191, in _retry_request
    resp, content = http.request(uri, method, *args, **kwargs)
                    ~~~~~~~~~~~~^^^^^^^^^^^^^^^^^^^^^^^^^^^^^^
  File "C:\Users\TEST\AppData\Roaming\Python\Python313\site-packages\google_auth_httplib2.py", line 245, in request
    self.credentials.refresh(self._request)
    ~~~~~~~~~~~~~~~~~~~~~~~~^^^^^^^^^^^^^^^
  File "C:\Users\TEST\AppData\Roaming\Python\Python313\site-packages\google\oauth2\credentials.py", line 430, in refresh
    ) = reauth.refresh_grant(
        ~~~~~~~~~~~~~~~~~~~~^
        request,
        ^^^^^^^^
    ...<6 lines>...
        enable_reauth_refresh=self._enable_reauth_refresh,
        ^^^^^^^^^^^^^^^^^^^^^^^^^^^^^^^^^^^^^^^^^^^^^^^^^^
    )
    ^
  File "C:\Users\TEST\AppData\Roaming\Python\Python313\site-packages\google\oauth2\reauth.py", line 365, in refresh_grant
    _client._handle_error_response(response_data, retryable_error)
    ~~~~~~~~~~~~~~~~~~~~~~~~~~~~~~^^^^^^^^^^^^^^^^^^^^^^^^^^^^^^^^
  File "C:\Users\TEST\AppData\Roaming\Python\Python313\site-packages\google\oauth2\_client.py", line 72, in _handle_error_response
    raise exceptions.RefreshError(
        error_details, response_data, retryable=retryable_error
    )
google.auth.exceptions.RefreshError: ('invalid_client: The OAuth client was not found.', {'error': 'invalid_client', 'error_description': 'The OAuth client was not found.'})
2026-02-07 16:40:59,178 - app.services.unified_email_service - ERROR - Failed to fetch emails from EmailProvider.GMAIL: ('invalid_client: The OAuth client was not found.', {'error': 'invalid_client', 'error_description': 'The OAuth client was not found.'})
Traceback (most recent call last):
  File "C:\Users\TEST\PhishGuard\backend\app\services\unified_email_service.py", line 177, in fetch_emails
    emails = service.list_emails(credentials, max_results)
  File "C:\Users\TEST\PhishGuard\backend\app\services\gmail_service.py", line 122, in list_emails
    ).execute()
      ~~~~~~~^^
  File "C:\Users\TEST\AppData\Roaming\Python\Python313\site-packages\googleapiclient\_helpers.py", line 130, in positional_wrapper
    return wrapped(*args, **kwargs)
  File "C:\Users\TEST\AppData\Roaming\Python\Python313\site-packages\googleapiclient\http.py", line 923, in execute
    resp, content = _retry_request(
                    ~~~~~~~~~~~~~~^
        http,
        ^^^^^
    ...<7 lines>...
        headers=self.headers,
        ^^^^^^^^^^^^^^^^^^^^^
    )
    ^
  File "C:\Users\TEST\AppData\Roaming\Python\Python313\site-packages\googleapiclient\http.py", line 191, in _retry_request
    resp, content = http.request(uri, method, *args, **kwargs)
                    ~~~~~~~~~~~~^^^^^^^^^^^^^^^^^^^^^^^^^^^^^^
  File "C:\Users\TEST\AppData\Roaming\Python\Python313\site-packages\google_auth_httplib2.py", line 245, in request
    self.credentials.refresh(self._request)
    ~~~~~~~~~~~~~~~~~~~~~~~~^^^^^^^^^^^^^^^
  File "C:\Users\TEST\AppData\Roaming\Python\Python313\site-packages\google\oauth2\credentials.py", line 430, in refresh
    ) = reauth.refresh_grant(
        ~~~~~~~~~~~~~~~~~~~~^
        request,
        ^^^^^^^^
    ...<6 lines>...
        enable_reauth_refresh=self._enable_reauth_refresh,
        ^^^^^^^^^^^^^^^^^^^^^^^^^^^^^^^^^^^^^^^^^^^^^^^^^^
    )
    ^
  File "C:\Users\TEST\AppData\Roaming\Python\Python313\site-packages\google\oauth2\reauth.py", line 365, in refresh_grant
    _client._handle_error_response(response_data, retryable_error)
    ~~~~~~~~~~~~~~~~~~~~~~~~~~~~~~^^^^^^^^^^^^^^^^^^^^^^^^^^^^^^^^
  File "C:\Users\TEST\AppData\Roaming\Python\Python313\site-packages\google\oauth2\_client.py", line 72, in _handle_error_response
    raise exceptions.RefreshError(
        error_details, response_data, retryable=retryable_error
    )
google.auth.exceptions.RefreshError: ('invalid_client: The OAuth client was not found.', {'error': 'invalid_client', 'error_description': 'The OAuth client was not found.'})
2026-02-08 14:23:33,715 - app.services.gmail_service - INFO - Gmail OAuth credentials loaded successfully
2026-02-08 14:23:33,744 - app.services.outlook_service - WARNING - Microsoft OAuth credentials not found in environment
2026-02-08 14:23:33,781 - app.main - INFO - Starting PhishGuard AI...
2026-02-08 14:23:35,852 - app.main - INFO - Database initialized
2026-02-08 14:35:42,671 - app.routes.auth - INFO - User logged in: zayneb
2026-02-08 15:36:15,900 - app.routes.auth - INFO - User logged in: zayneb
2026-02-08 16:01:03,925 - app.services.gmail_service - INFO - Generated Gmail authorization URL
2026-02-08 16:03:59,462 - app.routes.auth - INFO - New user registered: ayaa98114@gmail.com
2026-02-08 16:04:12,753 - app.services.gmail_service - INFO - Generated Gmail authorization URL
2026-02-08 16:04:37,119 - app.services.gmail_service - INFO - Generated Gmail authorization URL
2026-02-08 16:54:15,407 - app.services.gmail_service - INFO - Generated Gmail authorization URL
2026-02-08 17:08:16,569 - app.services.gmail_service - INFO - Gmail OAuth credentials loaded successfully
2026-02-08 17:08:16,637 - app.services.outlook_service - WARNING - Microsoft OAuth credentials not found in environment
2026-02-08 17:08:16,765 - app.main - INFO - Starting PhishGuard AI...
2026-02-08 17:08:19,184 - app.main - INFO - Database initialized
2026-02-08 17:08:24,547 - app.routes.auth - INFO - User logged in: ayaa98114@gmail.com
2026-02-08 17:08:32,519 - app.services.gmail_service - INFO - Generated Gmail authorization URL
2026-02-08 17:08:46,472 - app.services.gmail_service - INFO - Successfully exchanged code for token
2026-02-08 17:08:49,550 - app.services.unified_email_service - INFO - Stored credentials for user 3, provider EmailProvider.GMAIL
2026-02-08 17:08:51,022 - googleapiclient.discovery_cache - INFO - file_cache is only supported with oauth2client<4.0.0
2026-02-08 17:08:52,119 - app.services.gmail_service - INFO - Retrieved 20 emails from Gmail
2026-02-08 17:08:56,645 - googleapiclient.discovery_cache - INFO - file_cache is only supported with oauth2client<4.0.0
2026-02-08 17:08:57,645 - app.services.gmail_service - INFO - Retrieved 20 emails from Gmail
2026-02-08 17:23:24,952 - app.routes.auth - INFO - User logged in: ayaa98114@gmail.com
2026-02-08 17:28:53,215 - app.routes.analysis - ERROR - Failed to get threat distribution: [Errno 11001] getaddrinfo failed
Traceback (most recent call last):
  File "C:\Users\TEST\PhishGuard\backend\app\routes\analysis.py", line 239, in get_threat_distribution
    distribution = await stats_service.get_threat_distribution(db)
                   ^^^^^^^^^^^^^^^^^^^^^^^^^^^^^^^^^^^^^^^^^^^^^^^
  File "C:\Users\TEST\PhishGuard\backend\app\services\stats_service.py", line 148, in get_threat_distribution
    result = await db.execute(
             ^^^^^^^^^^^^^^^^^
    ...<5 lines>...
    )
    ^
  File "C:\Users\TEST\AppData\Roaming\Python\Python313\site-packages\sqlalchemy\ext\asyncio\session.py", line 461, in execute
    result = await greenlet_spawn(
             ^^^^^^^^^^^^^^^^^^^^^
    ...<6 lines>...
    )
    ^
  File "C:\Users\TEST\AppData\Roaming\Python\Python313\site-packages\sqlalchemy\util\_concurrency_py3k.py", line 201, in greenlet_spawn
    result = context.throw(*sys.exc_info())
  File "C:\Users\TEST\AppData\Roaming\Python\Python313\site-packages\sqlalchemy\orm\session.py", line 2362, in execute
    return self._execute_internal(
           ~~~~~~~~~~~~~~~~~~~~~~^
        statement,
        ^^^^^^^^^^
    ...<4 lines>...
        _add_event=_add_event,
        ^^^^^^^^^^^^^^^^^^^^^^
    )
    ^
  File "C:\Users\TEST\AppData\Roaming\Python\Python313\site-packages\sqlalchemy\orm\session.py", line 2237, in _execute_internal
    conn = self._connection_for_bind(bind)
  File "C:\Users\TEST\AppData\Roaming\Python\Python313\site-packages\sqlalchemy\orm\session.py", line 2106, in _connection_for_bind
    return trans._connection_for_bind(engine, execution_options)
           ~~~~~~~~~~~~~~~~~~~~~~~~~~^^^^^^^^^^^^^^^^^^^^^^^^^^^
  File "<string>", line 2, in _connection_for_bind
  File "C:\Users\TEST\AppData\Roaming\Python\Python313\site-packages\sqlalchemy\orm\state_changes.py", line 139, in _go
    ret_value = fn(self, *arg, **kw)
  File "C:\Users\TEST\AppData\Roaming\Python\Python313\site-packages\sqlalchemy\orm\session.py", line 1189, in _connection_for_bind
    conn = bind.connect()
  File "C:\Users\TEST\AppData\Roaming\Python\Python313\site-packages\sqlalchemy\engine\base.py", line 3278, in connect
    return self._connection_cls(self)
           ~~~~~~~~~~~~~~~~~~~~^^^^^^
  File "C:\Users\TEST\AppData\Roaming\Python\Python313\site-packages\sqlalchemy\engine\base.py", line 146, in __init__
    self._dbapi_connection = engine.raw_connection()
                             ~~~~~~~~~~~~~~~~~~~~~^^
  File "C:\Users\TEST\AppData\Roaming\Python\Python313\site-packages\sqlalchemy\engine\base.py", line 3302, in raw_connection
    return self.pool.connect()
           ~~~~~~~~~~~~~~~~~^^
  File "C:\Users\TEST\AppData\Roaming\Python\Python313\site-packages\sqlalchemy\pool\base.py", line 449, in connect
    return _ConnectionFairy._checkout(self)
           ~~~~~~~~~~~~~~~~~~~~~~~~~~^^^^^^
  File "C:\Users\TEST\AppData\Roaming\Python\Python313\site-packages\sqlalchemy\pool\base.py", line 1344, in _checkout
    with util.safe_reraise():
         ~~~~~~~~~~~~~~~~~^^
  File "C:\Users\TEST\AppData\Roaming\Python\Python313\site-packages\sqlalchemy\util\langhelpers.py", line 146, in __exit__
    raise exc_value.with_traceback(exc_tb)
  File "C:\Users\TEST\AppData\Roaming\Python\Python313\site-packages\sqlalchemy\pool\base.py", line 1341, in _checkout
    fairy._connection_record.get_connection()
    ~~~~~~~~~~~~~~~~~~~~~~~~~~~~~~~~~~~~~~~^^
  File "C:\Users\TEST\AppData\Roaming\Python\Python313\site-packages\sqlalchemy\pool\base.py", line 837, in get_connection
    self.__connect()
    ~~~~~~~~~~~~~~^^
  File "C:\Users\TEST\AppData\Roaming\Python\Python313\site-packages\sqlalchemy\pool\base.py", line 900, in __connect
    with util.safe_reraise():
         ~~~~~~~~~~~~~~~~~^^
  File "C:\Users\TEST\AppData\Roaming\Python\Python313\site-packages\sqlalchemy\util\langhelpers.py", line 146, in __exit__
    raise exc_value.with_traceback(exc_tb)
  File "C:\Users\TEST\AppData\Roaming\Python\Python313\site-packages\sqlalchemy\pool\base.py", line 896, in __connect
    self.dbapi_connection = connection = pool._invoke_creator(self)
                                         ~~~~~~~~~~~~~~~~~~~~^^^^^^
  File "C:\Users\TEST\AppData\Roaming\Python\Python313\site-packages\sqlalchemy\engine\create.py", line 643, in connect
    return dialect.connect(*cargs, **cparams)
           ~~~~~~~~~~~~~~~^^^^^^^^^^^^^^^^^^^
  File "C:\Users\TEST\AppData\Roaming\Python\Python313\site-packages\sqlalchemy\engine\default.py", line 621, in connect
    return self.loaded_dbapi.connect(*cargs, **cparams)
           ~~~~~~~~~~~~~~~~~~~~~~~~~^^^^^^^^^^^^^^^^^^^
  File "C:\Users\TEST\AppData\Roaming\Python\Python313\site-packages\sqlalchemy\dialects\postgresql\asyncpg.py", line 949, in connect
    await_only(creator_fn(*arg, **kw)),
    ~~~~~~~~~~^^^^^^^^^^^^^^^^^^^^^^^^
  File "C:\Users\TEST\AppData\Roaming\Python\Python313\site-packages\sqlalchemy\util\_concurrency_py3k.py", line 132, in await_only
    return current.parent.switch(awaitable)  # type: ignore[no-any-return,attr-defined] # noqa: E501
           ~~~~~~~~~~~~~~~~~~~~~^^^^^^^^^^^
  File "C:\Users\TEST\AppData\Roaming\Python\Python313\site-packages\sqlalchemy\util\_concurrency_py3k.py", line 196, in greenlet_spawn
    value = await result
            ^^^^^^^^^^^^
  File "C:\Users\TEST\AppData\Roaming\Python\Python313\site-packages\asyncpg\connection.py", line 2443, in connect
    return await connect_utils._connect(
           ^^^^^^^^^^^^^^^^^^^^^^^^^^^^^
    ...<22 lines>...
    )
    ^
  File "C:\Users\TEST\AppData\Roaming\Python\Python313\site-packages\asyncpg\connect_utils.py", line 1249, in _connect
    raise last_error or exceptions.TargetServerAttributeNotMatched(
    ...<2 lines>...
    )
  File "C:\Users\TEST\AppData\Roaming\Python\Python313\site-packages\asyncpg\connect_utils.py", line 1218, in _connect
    conn = await _connect_addr(
           ^^^^^^^^^^^^^^^^^^^^
    ...<6 lines>...
    )
    ^
  File "C:\Users\TEST\AppData\Roaming\Python\Python313\site-packages\asyncpg\connect_utils.py", line 1050, in _connect_addr
    return await __connect_addr(params, False, *args)
           ^^^^^^^^^^^^^^^^^^^^^^^^^^^^^^^^^^^^^^^^^^
  File "C:\Users\TEST\AppData\Roaming\Python\Python313\site-packages\asyncpg\connect_utils.py", line 1099, in __connect_addr
    tr, pr = await connector
             ^^^^^^^^^^^^^^^
  File "C:\Users\TEST\AppData\Roaming\Python\Python313\site-packages\asyncpg\connect_utils.py", line 969, in _create_ssl_connection
    tr, pr = await loop.create_connection(
             ^^^^^^^^^^^^^^^^^^^^^^^^^^^^^
    ...<2 lines>...
        host, port)
        ^^^^^^^^^^^
  File "C:\Python313\Lib\asyncio\base_events.py", line 1112, in create_connection
    infos = await self._ensure_resolved(
            ^^^^^^^^^^^^^^^^^^^^^^^^^^^^
        (host, port), family=family,
        ^^^^^^^^^^^^^^^^^^^^^^^^^^^^
        type=socket.SOCK_STREAM, proto=proto, flags=flags, loop=self)
        ^^^^^^^^^^^^^^^^^^^^^^^^^^^^^^^^^^^^^^^^^^^^^^^^^^^^^^^^^^^^^
  File "C:\Python313\Lib\asyncio\base_events.py", line 1495, in _ensure_resolved
    return await loop.getaddrinfo(host, port, family=family, type=type,
           ^^^^^^^^^^^^^^^^^^^^^^^^^^^^^^^^^^^^^^^^^^^^^^^^^^^^^^^^^^^^
                                  proto=proto, flags=flags)
                                  ^^^^^^^^^^^^^^^^^^^^^^^^^
  File "C:\Python313\Lib\asyncio\base_events.py", line 934, in getaddrinfo
    return await self.run_in_executor(
           ^^^^^^^^^^^^^^^^^^^^^^^^^^^
        None, getaddr_func, host, port, family, type, proto, flags)
        ^^^^^^^^^^^^^^^^^^^^^^^^^^^^^^^^^^^^^^^^^^^^^^^^^^^^^^^^^^^
  File "C:\Python313\Lib\concurrent\futures\thread.py", line 59, in run
    result = self.fn(*self.args, **self.kwargs)
  File "C:\Python313\Lib\socket.py", line 975, in getaddrinfo
    for res in _socket.getaddrinfo(host, port, family, type, proto, flags):
               ~~~~~~~~~~~~~~~~~~~^^^^^^^^^^^^^^^^^^^^^^^^^^^^^^^^^^^^^^^^
socket.gaierror: [Errno 11001] getaddrinfo failed
2026-02-08 17:28:53,815 - app.routes.analysis - ERROR - Failed to get statistics: [Errno 11001] getaddrinfo failed
Traceback (most recent call last):
  File "C:\Users\TEST\PhishGuard\backend\app\routes\analysis.py", line 142, in get_stats
    stats = await stats_service.get_statistics(db)
            ^^^^^^^^^^^^^^^^^^^^^^^^^^^^^^^^^^^^^^
  File "C:\Users\TEST\PhishGuard\backend\app\services\stats_service.py", line 77, in get_statistics
    result = await db.execute(select(Statistics).limit(1))
             ^^^^^^^^^^^^^^^^^^^^^^^^^^^^^^^^^^^^^^^^^^^^^
  File "C:\Users\TEST\AppData\Roaming\Python\Python313\site-packages\sqlalchemy\ext\asyncio\session.py", line 461, in execute
    result = await greenlet_spawn(
             ^^^^^^^^^^^^^^^^^^^^^
    ...<6 lines>...
    )
    ^
  File "C:\Users\TEST\AppData\Roaming\Python\Python313\site-packages\sqlalchemy\util\_concurrency_py3k.py", line 201, in greenlet_spawn
    result = context.throw(*sys.exc_info())
  File "C:\Users\TEST\AppData\Roaming\Python\Python313\site-packages\sqlalchemy\orm\session.py", line 2362, in execute
    return self._execute_internal(
           ~~~~~~~~~~~~~~~~~~~~~~^
        statement,
        ^^^^^^^^^^
    ...<4 lines>...
        _add_event=_add_event,
        ^^^^^^^^^^^^^^^^^^^^^^
    )
    ^
  File "C:\Users\TEST\AppData\Roaming\Python\Python313\site-packages\sqlalchemy\orm\session.py", line 2237, in _execute_internal
    conn = self._connection_for_bind(bind)
  File "C:\Users\TEST\AppData\Roaming\Python\Python313\site-packages\sqlalchemy\orm\session.py", line 2106, in _connection_for_bind
    return trans._connection_for_bind(engine, execution_options)
           ~~~~~~~~~~~~~~~~~~~~~~~~~~^^^^^^^^^^^^^^^^^^^^^^^^^^^
  File "<string>", line 2, in _connection_for_bind
  File "C:\Users\TEST\AppData\Roaming\Python\Python313\site-packages\sqlalchemy\orm\state_changes.py", line 139, in _go
    ret_value = fn(self, *arg, **kw)
  File "C:\Users\TEST\AppData\Roaming\Python\Python313\site-packages\sqlalchemy\orm\session.py", line 1189, in _connection_for_bind
    conn = bind.connect()
  File "C:\Users\TEST\AppData\Roaming\Python\Python313\site-packages\sqlalchemy\engine\base.py", line 3278, in connect
    return self._connection_cls(self)
           ~~~~~~~~~~~~~~~~~~~~^^^^^^
  File "C:\Users\TEST\AppData\Roaming\Python\Python313\site-packages\sqlalchemy\engine\base.py", line 146, in __init__
    self._dbapi_connection = engine.raw_connection()
                             ~~~~~~~~~~~~~~~~~~~~~^^
  File "C:\Users\TEST\AppData\Roaming\Python\Python313\site-packages\sqlalchemy\engine\base.py", line 3302, in raw_connection
    return self.pool.connect()
           ~~~~~~~~~~~~~~~~~^^
  File "C:\Users\TEST\AppData\Roaming\Python\Python313\site-packages\sqlalchemy\pool\base.py", line 449, in connect
    return _ConnectionFairy._checkout(self)
           ~~~~~~~~~~~~~~~~~~~~~~~~~~^^^^^^
  File "C:\Users\TEST\AppData\Roaming\Python\Python313\site-packages\sqlalchemy\pool\base.py", line 1344, in _checkout
    with util.safe_reraise():
         ~~~~~~~~~~~~~~~~~^^
  File "C:\Users\TEST\AppData\Roaming\Python\Python313\site-packages\sqlalchemy\util\langhelpers.py", line 146, in __exit__
    raise exc_value.with_traceback(exc_tb)
  File "C:\Users\TEST\AppData\Roaming\Python\Python313\site-packages\sqlalchemy\pool\base.py", line 1341, in _checkout
    fairy._connection_record.get_connection()
    ~~~~~~~~~~~~~~~~~~~~~~~~~~~~~~~~~~~~~~~^^
  File "C:\Users\TEST\AppData\Roaming\Python\Python313\site-packages\sqlalchemy\pool\base.py", line 837, in get_connection
    self.__connect()
    ~~~~~~~~~~~~~~^^
  File "C:\Users\TEST\AppData\Roaming\Python\Python313\site-packages\sqlalchemy\pool\base.py", line 900, in __connect
    with util.safe_reraise():
         ~~~~~~~~~~~~~~~~~^^
  File "C:\Users\TEST\AppData\Roaming\Python\Python313\site-packages\sqlalchemy\util\langhelpers.py", line 146, in __exit__
    raise exc_value.with_traceback(exc_tb)
  File "C:\Users\TEST\AppData\Roaming\Python\Python313\site-packages\sqlalchemy\pool\base.py", line 896, in __connect
    self.dbapi_connection = connection = pool._invoke_creator(self)
                                         ~~~~~~~~~~~~~~~~~~~~^^^^^^
  File "C:\Users\TEST\AppData\Roaming\Python\Python313\site-packages\sqlalchemy\engine\create.py", line 643, in connect
    return dialect.connect(*cargs, **cparams)
           ~~~~~~~~~~~~~~~^^^^^^^^^^^^^^^^^^^
  File "C:\Users\TEST\AppData\Roaming\Python\Python313\site-packages\sqlalchemy\engine\default.py", line 621, in connect
    return self.loaded_dbapi.connect(*cargs, **cparams)
           ~~~~~~~~~~~~~~~~~~~~~~~~~^^^^^^^^^^^^^^^^^^^
  File "C:\Users\TEST\AppData\Roaming\Python\Python313\site-packages\sqlalchemy\dialects\postgresql\asyncpg.py", line 949, in connect
    await_only(creator_fn(*arg, **kw)),
    ~~~~~~~~~~^^^^^^^^^^^^^^^^^^^^^^^^
  File "C:\Users\TEST\AppData\Roaming\Python\Python313\site-packages\sqlalchemy\util\_concurrency_py3k.py", line 132, in await_only
    return current.parent.switch(awaitable)  # type: ignore[no-any-return,attr-defined] # noqa: E501
           ~~~~~~~~~~~~~~~~~~~~~^^^^^^^^^^^
  File "C:\Users\TEST\AppData\Roaming\Python\Python313\site-packages\sqlalchemy\util\_concurrency_py3k.py", line 196, in greenlet_spawn
    value = await result
            ^^^^^^^^^^^^
  File "C:\Users\TEST\AppData\Roaming\Python\Python313\site-packages\asyncpg\connection.py", line 2443, in connect
    return await connect_utils._connect(
           ^^^^^^^^^^^^^^^^^^^^^^^^^^^^^
    ...<22 lines>...
    )
    ^
  File "C:\Users\TEST\AppData\Roaming\Python\Python313\site-packages\asyncpg\connect_utils.py", line 1249, in _connect
    raise last_error or exceptions.TargetServerAttributeNotMatched(
    ...<2 lines>...
    )
  File "C:\Users\TEST\AppData\Roaming\Python\Python313\site-packages\asyncpg\connect_utils.py", line 1218, in _connect
    conn = await _connect_addr(
           ^^^^^^^^^^^^^^^^^^^^
    ...<6 lines>...
    )
    ^
  File "C:\Users\TEST\AppData\Roaming\Python\Python313\site-packages\asyncpg\connect_utils.py", line 1050, in _connect_addr
    return await __connect_addr(params, False, *args)
           ^^^^^^^^^^^^^^^^^^^^^^^^^^^^^^^^^^^^^^^^^^
  File "C:\Users\TEST\AppData\Roaming\Python\Python313\site-packages\asyncpg\connect_utils.py", line 1099, in __connect_addr
    tr, pr = await connector
             ^^^^^^^^^^^^^^^
  File "C:\Users\TEST\AppData\Roaming\Python\Python313\site-packages\asyncpg\connect_utils.py", line 969, in _create_ssl_connection
    tr, pr = await loop.create_connection(
             ^^^^^^^^^^^^^^^^^^^^^^^^^^^^^
    ...<2 lines>...
        host, port)
        ^^^^^^^^^^^
  File "C:\Python313\Lib\asyncio\base_events.py", line 1112, in create_connection
    infos = await self._ensure_resolved(
            ^^^^^^^^^^^^^^^^^^^^^^^^^^^^
        (host, port), family=family,
        ^^^^^^^^^^^^^^^^^^^^^^^^^^^^
        type=socket.SOCK_STREAM, proto=proto, flags=flags, loop=self)
        ^^^^^^^^^^^^^^^^^^^^^^^^^^^^^^^^^^^^^^^^^^^^^^^^^^^^^^^^^^^^^
  File "C:\Python313\Lib\asyncio\base_events.py", line 1495, in _ensure_resolved
    return await loop.getaddrinfo(host, port, family=family, type=type,
           ^^^^^^^^^^^^^^^^^^^^^^^^^^^^^^^^^^^^^^^^^^^^^^^^^^^^^^^^^^^^
                                  proto=proto, flags=flags)
                                  ^^^^^^^^^^^^^^^^^^^^^^^^^
  File "C:\Python313\Lib\asyncio\base_events.py", line 934, in getaddrinfo
    return await self.run_in_executor(
           ^^^^^^^^^^^^^^^^^^^^^^^^^^^
        None, getaddr_func, host, port, family, type, proto, flags)
        ^^^^^^^^^^^^^^^^^^^^^^^^^^^^^^^^^^^^^^^^^^^^^^^^^^^^^^^^^^^
  File "C:\Python313\Lib\concurrent\futures\thread.py", line 59, in run
    result = self.fn(*self.args, **self.kwargs)
  File "C:\Python313\Lib\socket.py", line 975, in getaddrinfo
    for res in _socket.getaddrinfo(host, port, family, type, proto, flags):
               ~~~~~~~~~~~~~~~~~~~^^^^^^^^^^^^^^^^^^^^^^^^^^^^^^^^^^^^^^^^
socket.gaierror: [Errno 11001] getaddrinfo failed
2026-02-08 17:29:03,956 - app.routes.analysis - ERROR - Failed to get threat distribution: [Errno 11001] getaddrinfo failed
Traceback (most recent call last):
  File "C:\Users\TEST\PhishGuard\backend\app\routes\analysis.py", line 239, in get_threat_distribution
    distribution = await stats_service.get_threat_distribution(db)
                   ^^^^^^^^^^^^^^^^^^^^^^^^^^^^^^^^^^^^^^^^^^^^^^^
  File "C:\Users\TEST\PhishGuard\backend\app\services\stats_service.py", line 148, in get_threat_distribution
    result = await db.execute(
             ^^^^^^^^^^^^^^^^^
    ...<5 lines>...
    )
    ^
  File "C:\Users\TEST\AppData\Roaming\Python\Python313\site-packages\sqlalchemy\ext\asyncio\session.py", line 461, in execute
    result = await greenlet_spawn(
             ^^^^^^^^^^^^^^^^^^^^^
    ...<6 lines>...
    )
    ^
  File "C:\Users\TEST\AppData\Roaming\Python\Python313\site-packages\sqlalchemy\util\_concurrency_py3k.py", line 201, in greenlet_spawn
    result = context.throw(*sys.exc_info())
  File "C:\Users\TEST\AppData\Roaming\Python\Python313\site-packages\sqlalchemy\orm\session.py", line 2362, in execute
    return self._execute_internal(
           ~~~~~~~~~~~~~~~~~~~~~~^
        statement,
        ^^^^^^^^^^
    ...<4 lines>...
        _add_event=_add_event,
        ^^^^^^^^^^^^^^^^^^^^^^
    )
    ^
  File "C:\Users\TEST\AppData\Roaming\Python\Python313\site-packages\sqlalchemy\orm\session.py", line 2237, in _execute_internal
    conn = self._connection_for_bind(bind)
  File "C:\Users\TEST\AppData\Roaming\Python\Python313\site-packages\sqlalchemy\orm\session.py", line 2106, in _connection_for_bind
    return trans._connection_for_bind(engine, execution_options)
           ~~~~~~~~~~~~~~~~~~~~~~~~~~^^^^^^^^^^^^^^^^^^^^^^^^^^^
  File "<string>", line 2, in _connection_for_bind
  File "C:\Users\TEST\AppData\Roaming\Python\Python313\site-packages\sqlalchemy\orm\state_changes.py", line 139, in _go
    ret_value = fn(self, *arg, **kw)
  File "C:\Users\TEST\AppData\Roaming\Python\Python313\site-packages\sqlalchemy\orm\session.py", line 1189, in _connection_for_bind
    conn = bind.connect()
  File "C:\Users\TEST\AppData\Roaming\Python\Python313\site-packages\sqlalchemy\engine\base.py", line 3278, in connect
    return self._connection_cls(self)
           ~~~~~~~~~~~~~~~~~~~~^^^^^^
  File "C:\Users\TEST\AppData\Roaming\Python\Python313\site-packages\sqlalchemy\engine\base.py", line 146, in __init__
    self._dbapi_connection = engine.raw_connection()
                             ~~~~~~~~~~~~~~~~~~~~~^^
  File "C:\Users\TEST\AppData\Roaming\Python\Python313\site-packages\sqlalchemy\engine\base.py", line 3302, in raw_connection
    return self.pool.connect()
           ~~~~~~~~~~~~~~~~~^^
  File "C:\Users\TEST\AppData\Roaming\Python\Python313\site-packages\sqlalchemy\pool\base.py", line 449, in connect
    return _ConnectionFairy._checkout(self)
           ~~~~~~~~~~~~~~~~~~~~~~~~~~^^^^^^
  File "C:\Users\TEST\AppData\Roaming\Python\Python313\site-packages\sqlalchemy\pool\base.py", line 1263, in _checkout
    fairy = _ConnectionRecord.checkout(pool)
  File "C:\Users\TEST\AppData\Roaming\Python\Python313\site-packages\sqlalchemy\pool\base.py", line 717, in checkout
    with util.safe_reraise():
         ~~~~~~~~~~~~~~~~~^^
  File "C:\Users\TEST\AppData\Roaming\Python\Python313\site-packages\sqlalchemy\util\langhelpers.py", line 146, in __exit__
    raise exc_value.with_traceback(exc_tb)
  File "C:\Users\TEST\AppData\Roaming\Python\Python313\site-packages\sqlalchemy\pool\base.py", line 715, in checkout
    dbapi_connection = rec.get_connection()
  File "C:\Users\TEST\AppData\Roaming\Python\Python313\site-packages\sqlalchemy\pool\base.py", line 837, in get_connection
    self.__connect()
    ~~~~~~~~~~~~~~^^
  File "C:\Users\TEST\AppData\Roaming\Python\Python313\site-packages\sqlalchemy\pool\base.py", line 900, in __connect
    with util.safe_reraise():
         ~~~~~~~~~~~~~~~~~^^
  File "C:\Users\TEST\AppData\Roaming\Python\Python313\site-packages\sqlalchemy\util\langhelpers.py", line 146, in __exit__
    raise exc_value.with_traceback(exc_tb)
  File "C:\Users\TEST\AppData\Roaming\Python\Python313\site-packages\sqlalchemy\pool\base.py", line 896, in __connect
    self.dbapi_connection = connection = pool._invoke_creator(self)
                                         ~~~~~~~~~~~~~~~~~~~~^^^^^^
  File "C:\Users\TEST\AppData\Roaming\Python\Python313\site-packages\sqlalchemy\engine\create.py", line 643, in connect
    return dialect.connect(*cargs, **cparams)
           ~~~~~~~~~~~~~~~^^^^^^^^^^^^^^^^^^^
  File "C:\Users\TEST\AppData\Roaming\Python\Python313\site-packages\sqlalchemy\engine\default.py", line 621, in connect
    return self.loaded_dbapi.connect(*cargs, **cparams)
           ~~~~~~~~~~~~~~~~~~~~~~~~~^^^^^^^^^^^^^^^^^^^
  File "C:\Users\TEST\AppData\Roaming\Python\Python313\site-packages\sqlalchemy\dialects\postgresql\asyncpg.py", line 949, in connect
    await_only(creator_fn(*arg, **kw)),
    ~~~~~~~~~~^^^^^^^^^^^^^^^^^^^^^^^^
  File "C:\Users\TEST\AppData\Roaming\Python\Python313\site-packages\sqlalchemy\util\_concurrency_py3k.py", line 132, in await_only
    return current.parent.switch(awaitable)  # type: ignore[no-any-return,attr-defined] # noqa: E501
           ~~~~~~~~~~~~~~~~~~~~~^^^^^^^^^^^
  File "C:\Users\TEST\AppData\Roaming\Python\Python313\site-packages\sqlalchemy\util\_concurrency_py3k.py", line 196, in greenlet_spawn
    value = await result
            ^^^^^^^^^^^^
  File "C:\Users\TEST\AppData\Roaming\Python\Python313\site-packages\asyncpg\connection.py", line 2443, in connect
    return await connect_utils._connect(
           ^^^^^^^^^^^^^^^^^^^^^^^^^^^^^
    ...<22 lines>...
    )
    ^
  File "C:\Users\TEST\AppData\Roaming\Python\Python313\site-packages\asyncpg\connect_utils.py", line 1249, in _connect
    raise last_error or exceptions.TargetServerAttributeNotMatched(
    ...<2 lines>...
    )
  File "C:\Users\TEST\AppData\Roaming\Python\Python313\site-packages\asyncpg\connect_utils.py", line 1218, in _connect
    conn = await _connect_addr(
           ^^^^^^^^^^^^^^^^^^^^
    ...<6 lines>...
    )
    ^
  File "C:\Users\TEST\AppData\Roaming\Python\Python313\site-packages\asyncpg\connect_utils.py", line 1050, in _connect_addr
    return await __connect_addr(params, False, *args)
           ^^^^^^^^^^^^^^^^^^^^^^^^^^^^^^^^^^^^^^^^^^
  File "C:\Users\TEST\AppData\Roaming\Python\Python313\site-packages\asyncpg\connect_utils.py", line 1099, in __connect_addr
    tr, pr = await connector
             ^^^^^^^^^^^^^^^
  File "C:\Users\TEST\AppData\Roaming\Python\Python313\site-packages\asyncpg\connect_utils.py", line 969, in _create_ssl_connection
    tr, pr = await loop.create_connection(
             ^^^^^^^^^^^^^^^^^^^^^^^^^^^^^
    ...<2 lines>...
        host, port)
        ^^^^^^^^^^^
  File "C:\Python313\Lib\asyncio\base_events.py", line 1112, in create_connection
    infos = await self._ensure_resolved(
            ^^^^^^^^^^^^^^^^^^^^^^^^^^^^
        (host, port), family=family,
        ^^^^^^^^^^^^^^^^^^^^^^^^^^^^
        type=socket.SOCK_STREAM, proto=proto, flags=flags, loop=self)
        ^^^^^^^^^^^^^^^^^^^^^^^^^^^^^^^^^^^^^^^^^^^^^^^^^^^^^^^^^^^^^
  File "C:\Python313\Lib\asyncio\base_events.py", line 1495, in _ensure_resolved
    return await loop.getaddrinfo(host, port, family=family, type=type,
           ^^^^^^^^^^^^^^^^^^^^^^^^^^^^^^^^^^^^^^^^^^^^^^^^^^^^^^^^^^^^
                                  proto=proto, flags=flags)
                                  ^^^^^^^^^^^^^^^^^^^^^^^^^
  File "C:\Python313\Lib\asyncio\base_events.py", line 934, in getaddrinfo
    return await self.run_in_executor(
           ^^^^^^^^^^^^^^^^^^^^^^^^^^^
        None, getaddr_func, host, port, family, type, proto, flags)
        ^^^^^^^^^^^^^^^^^^^^^^^^^^^^^^^^^^^^^^^^^^^^^^^^^^^^^^^^^^^
  File "C:\Python313\Lib\concurrent\futures\thread.py", line 59, in run
    result = self.fn(*self.args, **self.kwargs)
  File "C:\Python313\Lib\socket.py", line 975, in getaddrinfo
    for res in _socket.getaddrinfo(host, port, family, type, proto, flags):
               ~~~~~~~~~~~~~~~~~~~^^^^^^^^^^^^^^^^^^^^^^^^^^^^^^^^^^^^^^^^
socket.gaierror: [Errno 11001] getaddrinfo failed
2026-02-08 17:29:03,968 - app.routes.analysis - ERROR - Failed to get statistics: [Errno 11001] getaddrinfo failed
Traceback (most recent call last):
  File "C:\Users\TEST\PhishGuard\backend\app\routes\analysis.py", line 142, in get_stats
    stats = await stats_service.get_statistics(db)
            ^^^^^^^^^^^^^^^^^^^^^^^^^^^^^^^^^^^^^^
  File "C:\Users\TEST\PhishGuard\backend\app\services\stats_service.py", line 77, in get_statistics
    result = await db.execute(select(Statistics).limit(1))
             ^^^^^^^^^^^^^^^^^^^^^^^^^^^^^^^^^^^^^^^^^^^^^
  File "C:\Users\TEST\AppData\Roaming\Python\Python313\site-packages\sqlalchemy\ext\asyncio\session.py", line 461, in execute
    result = await greenlet_spawn(
             ^^^^^^^^^^^^^^^^^^^^^
    ...<6 lines>...
    )
    ^
  File "C:\Users\TEST\AppData\Roaming\Python\Python313\site-packages\sqlalchemy\util\_concurrency_py3k.py", line 201, in greenlet_spawn
    result = context.throw(*sys.exc_info())
  File "C:\Users\TEST\AppData\Roaming\Python\Python313\site-packages\sqlalchemy\orm\session.py", line 2362, in execute
    return self._execute_internal(
           ~~~~~~~~~~~~~~~~~~~~~~^
        statement,
        ^^^^^^^^^^
    ...<4 lines>...
        _add_event=_add_event,
        ^^^^^^^^^^^^^^^^^^^^^^
    )
    ^
  File "C:\Users\TEST\AppData\Roaming\Python\Python313\site-packages\sqlalchemy\orm\session.py", line 2237, in _execute_internal
    conn = self._connection_for_bind(bind)
  File "C:\Users\TEST\AppData\Roaming\Python\Python313\site-packages\sqlalchemy\orm\session.py", line 2106, in _connection_for_bind
    return trans._connection_for_bind(engine, execution_options)
           ~~~~~~~~~~~~~~~~~~~~~~~~~~^^^^^^^^^^^^^^^^^^^^^^^^^^^
  File "<string>", line 2, in _connection_for_bind
  File "C:\Users\TEST\AppData\Roaming\Python\Python313\site-packages\sqlalchemy\orm\state_changes.py", line 139, in _go
    ret_value = fn(self, *arg, **kw)
  File "C:\Users\TEST\AppData\Roaming\Python\Python313\site-packages\sqlalchemy\orm\session.py", line 1189, in _connection_for_bind
    conn = bind.connect()
  File "C:\Users\TEST\AppData\Roaming\Python\Python313\site-packages\sqlalchemy\engine\base.py", line 3278, in connect
    return self._connection_cls(self)
           ~~~~~~~~~~~~~~~~~~~~^^^^^^
  File "C:\Users\TEST\AppData\Roaming\Python\Python313\site-packages\sqlalchemy\engine\base.py", line 146, in __init__
    self._dbapi_connection = engine.raw_connection()
                             ~~~~~~~~~~~~~~~~~~~~~^^
  File "C:\Users\TEST\AppData\Roaming\Python\Python313\site-packages\sqlalchemy\engine\base.py", line 3302, in raw_connection
    return self.pool.connect()
           ~~~~~~~~~~~~~~~~~^^
  File "C:\Users\TEST\AppData\Roaming\Python\Python313\site-packages\sqlalchemy\pool\base.py", line 449, in connect
    return _ConnectionFairy._checkout(self)
           ~~~~~~~~~~~~~~~~~~~~~~~~~~^^^^^^
  File "C:\Users\TEST\AppData\Roaming\Python\Python313\site-packages\sqlalchemy\pool\base.py", line 1263, in _checkout
    fairy = _ConnectionRecord.checkout(pool)
  File "C:\Users\TEST\AppData\Roaming\Python\Python313\site-packages\sqlalchemy\pool\base.py", line 717, in checkout
    with util.safe_reraise():
         ~~~~~~~~~~~~~~~~~^^
  File "C:\Users\TEST\AppData\Roaming\Python\Python313\site-packages\sqlalchemy\util\langhelpers.py", line 146, in __exit__
    raise exc_value.with_traceback(exc_tb)
  File "C:\Users\TEST\AppData\Roaming\Python\Python313\site-packages\sqlalchemy\pool\base.py", line 715, in checkout
    dbapi_connection = rec.get_connection()
  File "C:\Users\TEST\AppData\Roaming\Python\Python313\site-packages\sqlalchemy\pool\base.py", line 837, in get_connection
    self.__connect()
    ~~~~~~~~~~~~~~^^
  File "C:\Users\TEST\AppData\Roaming\Python\Python313\site-packages\sqlalchemy\pool\base.py", line 900, in __connect
    with util.safe_reraise():
         ~~~~~~~~~~~~~~~~~^^
  File "C:\Users\TEST\AppData\Roaming\Python\Python313\site-packages\sqlalchemy\util\langhelpers.py", line 146, in __exit__
    raise exc_value.with_traceback(exc_tb)
  File "C:\Users\TEST\AppData\Roaming\Python\Python313\site-packages\sqlalchemy\pool\base.py", line 896, in __connect
    self.dbapi_connection = connection = pool._invoke_creator(self)
                                         ~~~~~~~~~~~~~~~~~~~~^^^^^^
  File "C:\Users\TEST\AppData\Roaming\Python\Python313\site-packages\sqlalchemy\engine\create.py", line 643, in connect
    return dialect.connect(*cargs, **cparams)
           ~~~~~~~~~~~~~~~^^^^^^^^^^^^^^^^^^^
  File "C:\Users\TEST\AppData\Roaming\Python\Python313\site-packages\sqlalchemy\engine\default.py", line 621, in connect
    return self.loaded_dbapi.connect(*cargs, **cparams)
           ~~~~~~~~~~~~~~~~~~~~~~~~~^^^^^^^^^^^^^^^^^^^
  File "C:\Users\TEST\AppData\Roaming\Python\Python313\site-packages\sqlalchemy\dialects\postgresql\asyncpg.py", line 949, in connect
    await_only(creator_fn(*arg, **kw)),
    ~~~~~~~~~~^^^^^^^^^^^^^^^^^^^^^^^^
  File "C:\Users\TEST\AppData\Roaming\Python\Python313\site-packages\sqlalchemy\util\_concurrency_py3k.py", line 132, in await_only
    return current.parent.switch(awaitable)  # type: ignore[no-any-return,attr-defined] # noqa: E501
           ~~~~~~~~~~~~~~~~~~~~~^^^^^^^^^^^
  File "C:\Users\TEST\AppData\Roaming\Python\Python313\site-packages\sqlalchemy\util\_concurrency_py3k.py", line 196, in greenlet_spawn
    value = await result
            ^^^^^^^^^^^^
  File "C:\Users\TEST\AppData\Roaming\Python\Python313\site-packages\asyncpg\connection.py", line 2443, in connect
    return await connect_utils._connect(
           ^^^^^^^^^^^^^^^^^^^^^^^^^^^^^
    ...<22 lines>...
    )
    ^
  File "C:\Users\TEST\AppData\Roaming\Python\Python313\site-packages\asyncpg\connect_utils.py", line 1249, in _connect
    raise last_error or exceptions.TargetServerAttributeNotMatched(
    ...<2 lines>...
    )
  File "C:\Users\TEST\AppData\Roaming\Python\Python313\site-packages\asyncpg\connect_utils.py", line 1218, in _connect
    conn = await _connect_addr(
           ^^^^^^^^^^^^^^^^^^^^
    ...<6 lines>...
    )
    ^
  File "C:\Users\TEST\AppData\Roaming\Python\Python313\site-packages\asyncpg\connect_utils.py", line 1050, in _connect_addr
    return await __connect_addr(params, False, *args)
           ^^^^^^^^^^^^^^^^^^^^^^^^^^^^^^^^^^^^^^^^^^
  File "C:\Users\TEST\AppData\Roaming\Python\Python313\site-packages\asyncpg\connect_utils.py", line 1099, in __connect_addr
    tr, pr = await connector
             ^^^^^^^^^^^^^^^
  File "C:\Users\TEST\AppData\Roaming\Python\Python313\site-packages\asyncpg\connect_utils.py", line 969, in _create_ssl_connection
    tr, pr = await loop.create_connection(
             ^^^^^^^^^^^^^^^^^^^^^^^^^^^^^
    ...<2 lines>...
        host, port)
        ^^^^^^^^^^^
  File "C:\Python313\Lib\asyncio\base_events.py", line 1112, in create_connection
    infos = await self._ensure_resolved(
            ^^^^^^^^^^^^^^^^^^^^^^^^^^^^
        (host, port), family=family,
        ^^^^^^^^^^^^^^^^^^^^^^^^^^^^
        type=socket.SOCK_STREAM, proto=proto, flags=flags, loop=self)
        ^^^^^^^^^^^^^^^^^^^^^^^^^^^^^^^^^^^^^^^^^^^^^^^^^^^^^^^^^^^^^
  File "C:\Python313\Lib\asyncio\base_events.py", line 1495, in _ensure_resolved
    return await loop.getaddrinfo(host, port, family=family, type=type,
           ^^^^^^^^^^^^^^^^^^^^^^^^^^^^^^^^^^^^^^^^^^^^^^^^^^^^^^^^^^^^
                                  proto=proto, flags=flags)
                                  ^^^^^^^^^^^^^^^^^^^^^^^^^
  File "C:\Python313\Lib\asyncio\base_events.py", line 934, in getaddrinfo
    return await self.run_in_executor(
           ^^^^^^^^^^^^^^^^^^^^^^^^^^^
        None, getaddr_func, host, port, family, type, proto, flags)
        ^^^^^^^^^^^^^^^^^^^^^^^^^^^^^^^^^^^^^^^^^^^^^^^^^^^^^^^^^^^
  File "C:\Python313\Lib\concurrent\futures\thread.py", line 59, in run
    result = self.fn(*self.args, **self.kwargs)
  File "C:\Python313\Lib\socket.py", line 975, in getaddrinfo
    for res in _socket.getaddrinfo(host, port, family, type, proto, flags):
               ~~~~~~~~~~~~~~~~~~~^^^^^^^^^^^^^^^^^^^^^^^^^^^^^^^^^^^^^^^^
socket.gaierror: [Errno 11001] getaddrinfo failed
2026-02-08 17:29:33,951 - app.routes.analysis - ERROR - Failed to get threat distribution: [Errno 11001] getaddrinfo failed
Traceback (most recent call last):
  File "C:\Users\TEST\PhishGuard\backend\app\routes\analysis.py", line 239, in get_threat_distribution
    distribution = await stats_service.get_threat_distribution(db)
                   ^^^^^^^^^^^^^^^^^^^^^^^^^^^^^^^^^^^^^^^^^^^^^^^
  File "C:\Users\TEST\PhishGuard\backend\app\services\stats_service.py", line 148, in get_threat_distribution
    result = await db.execute(
             ^^^^^^^^^^^^^^^^^
    ...<5 lines>...
    )
    ^
  File "C:\Users\TEST\AppData\Roaming\Python\Python313\site-packages\sqlalchemy\ext\asyncio\session.py", line 461, in execute
    result = await greenlet_spawn(
             ^^^^^^^^^^^^^^^^^^^^^
    ...<6 lines>...
    )
    ^
  File "C:\Users\TEST\AppData\Roaming\Python\Python313\site-packages\sqlalchemy\util\_concurrency_py3k.py", line 201, in greenlet_spawn
    result = context.throw(*sys.exc_info())
  File "C:\Users\TEST\AppData\Roaming\Python\Python313\site-packages\sqlalchemy\orm\session.py", line 2362, in execute
    return self._execute_internal(
           ~~~~~~~~~~~~~~~~~~~~~~^
        statement,
        ^^^^^^^^^^
    ...<4 lines>...
        _add_event=_add_event,
        ^^^^^^^^^^^^^^^^^^^^^^
    )
    ^
  File "C:\Users\TEST\AppData\Roaming\Python\Python313\site-packages\sqlalchemy\orm\session.py", line 2237, in _execute_internal
    conn = self._connection_for_bind(bind)
  File "C:\Users\TEST\AppData\Roaming\Python\Python313\site-packages\sqlalchemy\orm\session.py", line 2106, in _connection_for_bind
    return trans._connection_for_bind(engine, execution_options)
           ~~~~~~~~~~~~~~~~~~~~~~~~~~^^^^^^^^^^^^^^^^^^^^^^^^^^^
  File "<string>", line 2, in _connection_for_bind
  File "C:\Users\TEST\AppData\Roaming\Python\Python313\site-packages\sqlalchemy\orm\state_changes.py", line 139, in _go
    ret_value = fn(self, *arg, **kw)
  File "C:\Users\TEST\AppData\Roaming\Python\Python313\site-packages\sqlalchemy\orm\session.py", line 1189, in _connection_for_bind
    conn = bind.connect()
  File "C:\Users\TEST\AppData\Roaming\Python\Python313\site-packages\sqlalchemy\engine\base.py", line 3278, in connect
    return self._connection_cls(self)
           ~~~~~~~~~~~~~~~~~~~~^^^^^^
  File "C:\Users\TEST\AppData\Roaming\Python\Python313\site-packages\sqlalchemy\engine\base.py", line 146, in __init__
    self._dbapi_connection = engine.raw_connection()
                             ~~~~~~~~~~~~~~~~~~~~~^^
  File "C:\Users\TEST\AppData\Roaming\Python\Python313\site-packages\sqlalchemy\engine\base.py", line 3302, in raw_connection
    return self.pool.connect()
           ~~~~~~~~~~~~~~~~~^^
  File "C:\Users\TEST\AppData\Roaming\Python\Python313\site-packages\sqlalchemy\pool\base.py", line 449, in connect
    return _ConnectionFairy._checkout(self)
           ~~~~~~~~~~~~~~~~~~~~~~~~~~^^^^^^
  File "C:\Users\TEST\AppData\Roaming\Python\Python313\site-packages\sqlalchemy\pool\base.py", line 1263, in _checkout
    fairy = _ConnectionRecord.checkout(pool)
  File "C:\Users\TEST\AppData\Roaming\Python\Python313\site-packages\sqlalchemy\pool\base.py", line 717, in checkout
    with util.safe_reraise():
         ~~~~~~~~~~~~~~~~~^^
  File "C:\Users\TEST\AppData\Roaming\Python\Python313\site-packages\sqlalchemy\util\langhelpers.py", line 146, in __exit__
    raise exc_value.with_traceback(exc_tb)
  File "C:\Users\TEST\AppData\Roaming\Python\Python313\site-packages\sqlalchemy\pool\base.py", line 715, in checkout
    dbapi_connection = rec.get_connection()
  File "C:\Users\TEST\AppData\Roaming\Python\Python313\site-packages\sqlalchemy\pool\base.py", line 837, in get_connection
    self.__connect()
    ~~~~~~~~~~~~~~^^
  File "C:\Users\TEST\AppData\Roaming\Python\Python313\site-packages\sqlalchemy\pool\base.py", line 900, in __connect
    with util.safe_reraise():
         ~~~~~~~~~~~~~~~~~^^
  File "C:\Users\TEST\AppData\Roaming\Python\Python313\site-packages\sqlalchemy\util\langhelpers.py", line 146, in __exit__
    raise exc_value.with_traceback(exc_tb)
  File "C:\Users\TEST\AppData\Roaming\Python\Python313\site-packages\sqlalchemy\pool\base.py", line 896, in __connect
    self.dbapi_connection = connection = pool._invoke_creator(self)
                                         ~~~~~~~~~~~~~~~~~~~~^^^^^^
  File "C:\Users\TEST\AppData\Roaming\Python\Python313\site-packages\sqlalchemy\engine\create.py", line 643, in connect
    return dialect.connect(*cargs, **cparams)
           ~~~~~~~~~~~~~~~^^^^^^^^^^^^^^^^^^^
  File "C:\Users\TEST\AppData\Roaming\Python\Python313\site-packages\sqlalchemy\engine\default.py", line 621, in connect
    return self.loaded_dbapi.connect(*cargs, **cparams)
           ~~~~~~~~~~~~~~~~~~~~~~~~~^^^^^^^^^^^^^^^^^^^
  File "C:\Users\TEST\AppData\Roaming\Python\Python313\site-packages\sqlalchemy\dialects\postgresql\asyncpg.py", line 949, in connect
    await_only(creator_fn(*arg, **kw)),
    ~~~~~~~~~~^^^^^^^^^^^^^^^^^^^^^^^^
  File "C:\Users\TEST\AppData\Roaming\Python\Python313\site-packages\sqlalchemy\util\_concurrency_py3k.py", line 132, in await_only
    return current.parent.switch(awaitable)  # type: ignore[no-any-return,attr-defined] # noqa: E501
           ~~~~~~~~~~~~~~~~~~~~~^^^^^^^^^^^
  File "C:\Users\TEST\AppData\Roaming\Python\Python313\site-packages\sqlalchemy\util\_concurrency_py3k.py", line 196, in greenlet_spawn
    value = await result
            ^^^^^^^^^^^^
  File "C:\Users\TEST\AppData\Roaming\Python\Python313\site-packages\asyncpg\connection.py", line 2443, in connect
    return await connect_utils._connect(
           ^^^^^^^^^^^^^^^^^^^^^^^^^^^^^
    ...<22 lines>...
    )
    ^
  File "C:\Users\TEST\AppData\Roaming\Python\Python313\site-packages\asyncpg\connect_utils.py", line 1249, in _connect
    raise last_error or exceptions.TargetServerAttributeNotMatched(
    ...<2 lines>...
    )
  File "C:\Users\TEST\AppData\Roaming\Python\Python313\site-packages\asyncpg\connect_utils.py", line 1218, in _connect
    conn = await _connect_addr(
           ^^^^^^^^^^^^^^^^^^^^
    ...<6 lines>...
    )
    ^
  File "C:\Users\TEST\AppData\Roaming\Python\Python313\site-packages\asyncpg\connect_utils.py", line 1050, in _connect_addr
    return await __connect_addr(params, False, *args)
           ^^^^^^^^^^^^^^^^^^^^^^^^^^^^^^^^^^^^^^^^^^
  File "C:\Users\TEST\AppData\Roaming\Python\Python313\site-packages\asyncpg\connect_utils.py", line 1099, in __connect_addr
    tr, pr = await connector
             ^^^^^^^^^^^^^^^
  File "C:\Users\TEST\AppData\Roaming\Python\Python313\site-packages\asyncpg\connect_utils.py", line 969, in _create_ssl_connection
    tr, pr = await loop.create_connection(
             ^^^^^^^^^^^^^^^^^^^^^^^^^^^^^
    ...<2 lines>...
        host, port)
        ^^^^^^^^^^^
  File "C:\Python313\Lib\asyncio\base_events.py", line 1112, in create_connection
    infos = await self._ensure_resolved(
            ^^^^^^^^^^^^^^^^^^^^^^^^^^^^
        (host, port), family=family,
        ^^^^^^^^^^^^^^^^^^^^^^^^^^^^
        type=socket.SOCK_STREAM, proto=proto, flags=flags, loop=self)
        ^^^^^^^^^^^^^^^^^^^^^^^^^^^^^^^^^^^^^^^^^^^^^^^^^^^^^^^^^^^^^
  File "C:\Python313\Lib\asyncio\base_events.py", line 1495, in _ensure_resolved
    return await loop.getaddrinfo(host, port, family=family, type=type,
           ^^^^^^^^^^^^^^^^^^^^^^^^^^^^^^^^^^^^^^^^^^^^^^^^^^^^^^^^^^^^
                                  proto=proto, flags=flags)
                                  ^^^^^^^^^^^^^^^^^^^^^^^^^
  File "C:\Python313\Lib\asyncio\base_events.py", line 934, in getaddrinfo
    return await self.run_in_executor(
           ^^^^^^^^^^^^^^^^^^^^^^^^^^^
        None, getaddr_func, host, port, family, type, proto, flags)
        ^^^^^^^^^^^^^^^^^^^^^^^^^^^^^^^^^^^^^^^^^^^^^^^^^^^^^^^^^^^
  File "C:\Python313\Lib\concurrent\futures\thread.py", line 59, in run
    result = self.fn(*self.args, **self.kwargs)
  File "C:\Python313\Lib\socket.py", line 975, in getaddrinfo
    for res in _socket.getaddrinfo(host, port, family, type, proto, flags):
               ~~~~~~~~~~~~~~~~~~~^^^^^^^^^^^^^^^^^^^^^^^^^^^^^^^^^^^^^^^^
socket.gaierror: [Errno 11001] getaddrinfo failed
2026-02-08 17:29:33,960 - app.routes.analysis - ERROR - Failed to get statistics: [Errno 11001] getaddrinfo failed
Traceback (most recent call last):
  File "C:\Users\TEST\PhishGuard\backend\app\routes\analysis.py", line 142, in get_stats
    stats = await stats_service.get_statistics(db)
            ^^^^^^^^^^^^^^^^^^^^^^^^^^^^^^^^^^^^^^
  File "C:\Users\TEST\PhishGuard\backend\app\services\stats_service.py", line 77, in get_statistics
    result = await db.execute(select(Statistics).limit(1))
             ^^^^^^^^^^^^^^^^^^^^^^^^^^^^^^^^^^^^^^^^^^^^^
  File "C:\Users\TEST\AppData\Roaming\Python\Python313\site-packages\sqlalchemy\ext\asyncio\session.py", line 461, in execute
    result = await greenlet_spawn(
             ^^^^^^^^^^^^^^^^^^^^^
    ...<6 lines>...
    )
    ^
  File "C:\Users\TEST\AppData\Roaming\Python\Python313\site-packages\sqlalchemy\util\_concurrency_py3k.py", line 201, in greenlet_spawn
    result = context.throw(*sys.exc_info())
  File "C:\Users\TEST\AppData\Roaming\Python\Python313\site-packages\sqlalchemy\orm\session.py", line 2362, in execute
    return self._execute_internal(
           ~~~~~~~~~~~~~~~~~~~~~~^
        statement,
        ^^^^^^^^^^
    ...<4 lines>...
        _add_event=_add_event,
        ^^^^^^^^^^^^^^^^^^^^^^
    )
    ^
  File "C:\Users\TEST\AppData\Roaming\Python\Python313\site-packages\sqlalchemy\orm\session.py", line 2237, in _execute_internal
    conn = self._connection_for_bind(bind)
  File "C:\Users\TEST\AppData\Roaming\Python\Python313\site-packages\sqlalchemy\orm\session.py", line 2106, in _connection_for_bind
    return trans._connection_for_bind(engine, execution_options)
           ~~~~~~~~~~~~~~~~~~~~~~~~~~^^^^^^^^^^^^^^^^^^^^^^^^^^^
  File "<string>", line 2, in _connection_for_bind
  File "C:\Users\TEST\AppData\Roaming\Python\Python313\site-packages\sqlalchemy\orm\state_changes.py", line 139, in _go
    ret_value = fn(self, *arg, **kw)
  File "C:\Users\TEST\AppData\Roaming\Python\Python313\site-packages\sqlalchemy\orm\session.py", line 1189, in _connection_for_bind
    conn = bind.connect()
  File "C:\Users\TEST\AppData\Roaming\Python\Python313\site-packages\sqlalchemy\engine\base.py", line 3278, in connect
    return self._connection_cls(self)
           ~~~~~~~~~~~~~~~~~~~~^^^^^^
  File "C:\Users\TEST\AppData\Roaming\Python\Python313\site-packages\sqlalchemy\engine\base.py", line 146, in __init__
    self._dbapi_connection = engine.raw_connection()
                             ~~~~~~~~~~~~~~~~~~~~~^^
  File "C:\Users\TEST\AppData\Roaming\Python\Python313\site-packages\sqlalchemy\engine\base.py", line 3302, in raw_connection
    return self.pool.connect()
           ~~~~~~~~~~~~~~~~~^^
  File "C:\Users\TEST\AppData\Roaming\Python\Python313\site-packages\sqlalchemy\pool\base.py", line 449, in connect
    return _ConnectionFairy._checkout(self)
           ~~~~~~~~~~~~~~~~~~~~~~~~~~^^^^^^
  File "C:\Users\TEST\AppData\Roaming\Python\Python313\site-packages\sqlalchemy\pool\base.py", line 1263, in _checkout
    fairy = _ConnectionRecord.checkout(pool)
  File "C:\Users\TEST\AppData\Roaming\Python\Python313\site-packages\sqlalchemy\pool\base.py", line 717, in checkout
    with util.safe_reraise():
         ~~~~~~~~~~~~~~~~~^^
  File "C:\Users\TEST\AppData\Roaming\Python\Python313\site-packages\sqlalchemy\util\langhelpers.py", line 146, in __exit__
    raise exc_value.with_traceback(exc_tb)
  File "C:\Users\TEST\AppData\Roaming\Python\Python313\site-packages\sqlalchemy\pool\base.py", line 715, in checkout
    dbapi_connection = rec.get_connection()
  File "C:\Users\TEST\AppData\Roaming\Python\Python313\site-packages\sqlalchemy\pool\base.py", line 837, in get_connection
    self.__connect()
    ~~~~~~~~~~~~~~^^
  File "C:\Users\TEST\AppData\Roaming\Python\Python313\site-packages\sqlalchemy\pool\base.py", line 900, in __connect
    with util.safe_reraise():
         ~~~~~~~~~~~~~~~~~^^
  File "C:\Users\TEST\AppData\Roaming\Python\Python313\site-packages\sqlalchemy\util\langhelpers.py", line 146, in __exit__
    raise exc_value.with_traceback(exc_tb)
  File "C:\Users\TEST\AppData\Roaming\Python\Python313\site-packages\sqlalchemy\pool\base.py", line 896, in __connect
    self.dbapi_connection = connection = pool._invoke_creator(self)
                                         ~~~~~~~~~~~~~~~~~~~~^^^^^^
  File "C:\Users\TEST\AppData\Roaming\Python\Python313\site-packages\sqlalchemy\engine\create.py", line 643, in connect
    return dialect.connect(*cargs, **cparams)
           ~~~~~~~~~~~~~~~^^^^^^^^^^^^^^^^^^^
  File "C:\Users\TEST\AppData\Roaming\Python\Python313\site-packages\sqlalchemy\engine\default.py", line 621, in connect
    return self.loaded_dbapi.connect(*cargs, **cparams)
           ~~~~~~~~~~~~~~~~~~~~~~~~~^^^^^^^^^^^^^^^^^^^
  File "C:\Users\TEST\AppData\Roaming\Python\Python313\site-packages\sqlalchemy\dialects\postgresql\asyncpg.py", line 949, in connect
    await_only(creator_fn(*arg, **kw)),
    ~~~~~~~~~~^^^^^^^^^^^^^^^^^^^^^^^^
  File "C:\Users\TEST\AppData\Roaming\Python\Python313\site-packages\sqlalchemy\util\_concurrency_py3k.py", line 132, in await_only
    return current.parent.switch(awaitable)  # type: ignore[no-any-return,attr-defined] # noqa: E501
           ~~~~~~~~~~~~~~~~~~~~~^^^^^^^^^^^
  File "C:\Users\TEST\AppData\Roaming\Python\Python313\site-packages\sqlalchemy\util\_concurrency_py3k.py", line 196, in greenlet_spawn
    value = await result
            ^^^^^^^^^^^^
  File "C:\Users\TEST\AppData\Roaming\Python\Python313\site-packages\asyncpg\connection.py", line 2443, in connect
    return await connect_utils._connect(
           ^^^^^^^^^^^^^^^^^^^^^^^^^^^^^
    ...<22 lines>...
    )
    ^
  File "C:\Users\TEST\AppData\Roaming\Python\Python313\site-packages\asyncpg\connect_utils.py", line 1249, in _connect
    raise last_error or exceptions.TargetServerAttributeNotMatched(
    ...<2 lines>...
    )
  File "C:\Users\TEST\AppData\Roaming\Python\Python313\site-packages\asyncpg\connect_utils.py", line 1218, in _connect
    conn = await _connect_addr(
           ^^^^^^^^^^^^^^^^^^^^
    ...<6 lines>...
    )
    ^
  File "C:\Users\TEST\AppData\Roaming\Python\Python313\site-packages\asyncpg\connect_utils.py", line 1050, in _connect_addr
    return await __connect_addr(params, False, *args)
           ^^^^^^^^^^^^^^^^^^^^^^^^^^^^^^^^^^^^^^^^^^
  File "C:\Users\TEST\AppData\Roaming\Python\Python313\site-packages\asyncpg\connect_utils.py", line 1099, in __connect_addr
    tr, pr = await connector
             ^^^^^^^^^^^^^^^
  File "C:\Users\TEST\AppData\Roaming\Python\Python313\site-packages\asyncpg\connect_utils.py", line 969, in _create_ssl_connection
    tr, pr = await loop.create_connection(
             ^^^^^^^^^^^^^^^^^^^^^^^^^^^^^
    ...<2 lines>...
        host, port)
        ^^^^^^^^^^^
  File "C:\Python313\Lib\asyncio\base_events.py", line 1112, in create_connection
    infos = await self._ensure_resolved(
            ^^^^^^^^^^^^^^^^^^^^^^^^^^^^
        (host, port), family=family,
        ^^^^^^^^^^^^^^^^^^^^^^^^^^^^
        type=socket.SOCK_STREAM, proto=proto, flags=flags, loop=self)
        ^^^^^^^^^^^^^^^^^^^^^^^^^^^^^^^^^^^^^^^^^^^^^^^^^^^^^^^^^^^^^
  File "C:\Python313\Lib\asyncio\base_events.py", line 1495, in _ensure_resolved
    return await loop.getaddrinfo(host, port, family=family, type=type,
           ^^^^^^^^^^^^^^^^^^^^^^^^^^^^^^^^^^^^^^^^^^^^^^^^^^^^^^^^^^^^
                                  proto=proto, flags=flags)
                                  ^^^^^^^^^^^^^^^^^^^^^^^^^
  File "C:\Python313\Lib\asyncio\base_events.py", line 934, in getaddrinfo
    return await self.run_in_executor(
           ^^^^^^^^^^^^^^^^^^^^^^^^^^^
        None, getaddr_func, host, port, family, type, proto, flags)
        ^^^^^^^^^^^^^^^^^^^^^^^^^^^^^^^^^^^^^^^^^^^^^^^^^^^^^^^^^^^
  File "C:\Python313\Lib\concurrent\futures\thread.py", line 59, in run
    result = self.fn(*self.args, **self.kwargs)
  File "C:\Python313\Lib\socket.py", line 975, in getaddrinfo
    for res in _socket.getaddrinfo(host, port, family, type, proto, flags):
               ~~~~~~~~~~~~~~~~~~~^^^^^^^^^^^^^^^^^^^^^^^^^^^^^^^^^^^^^^^^
socket.gaierror: [Errno 11001] getaddrinfo failed
2026-02-08 17:30:03,952 - app.routes.analysis - ERROR - Failed to get threat distribution: [Errno 11001] getaddrinfo failed
Traceback (most recent call last):
  File "C:\Users\TEST\PhishGuard\backend\app\routes\analysis.py", line 239, in get_threat_distribution
    distribution = await stats_service.get_threat_distribution(db)
                   ^^^^^^^^^^^^^^^^^^^^^^^^^^^^^^^^^^^^^^^^^^^^^^^
  File "C:\Users\TEST\PhishGuard\backend\app\services\stats_service.py", line 148, in get_threat_distribution
    result = await db.execute(
             ^^^^^^^^^^^^^^^^^
    ...<5 lines>...
    )
    ^
  File "C:\Users\TEST\AppData\Roaming\Python\Python313\site-packages\sqlalchemy\ext\asyncio\session.py", line 461, in execute
    result = await greenlet_spawn(
             ^^^^^^^^^^^^^^^^^^^^^
    ...<6 lines>...
    )
    ^
  File "C:\Users\TEST\AppData\Roaming\Python\Python313\site-packages\sqlalchemy\util\_concurrency_py3k.py", line 201, in greenlet_spawn
    result = context.throw(*sys.exc_info())
  File "C:\Users\TEST\AppData\Roaming\Python\Python313\site-packages\sqlalchemy\orm\session.py", line 2362, in execute
    return self._execute_internal(
           ~~~~~~~~~~~~~~~~~~~~~~^
        statement,
        ^^^^^^^^^^
    ...<4 lines>...
        _add_event=_add_event,
        ^^^^^^^^^^^^^^^^^^^^^^
    )
    ^
  File "C:\Users\TEST\AppData\Roaming\Python\Python313\site-packages\sqlalchemy\orm\session.py", line 2237, in _execute_internal
    conn = self._connection_for_bind(bind)
  File "C:\Users\TEST\AppData\Roaming\Python\Python313\site-packages\sqlalchemy\orm\session.py", line 2106, in _connection_for_bind
    return trans._connection_for_bind(engine, execution_options)
           ~~~~~~~~~~~~~~~~~~~~~~~~~~^^^^^^^^^^^^^^^^^^^^^^^^^^^
  File "<string>", line 2, in _connection_for_bind
  File "C:\Users\TEST\AppData\Roaming\Python\Python313\site-packages\sqlalchemy\orm\state_changes.py", line 139, in _go
    ret_value = fn(self, *arg, **kw)
  File "C:\Users\TEST\AppData\Roaming\Python\Python313\site-packages\sqlalchemy\orm\session.py", line 1189, in _connection_for_bind
    conn = bind.connect()
  File "C:\Users\TEST\AppData\Roaming\Python\Python313\site-packages\sqlalchemy\engine\base.py", line 3278, in connect
    return self._connection_cls(self)
           ~~~~~~~~~~~~~~~~~~~~^^^^^^
  File "C:\Users\TEST\AppData\Roaming\Python\Python313\site-packages\sqlalchemy\engine\base.py", line 146, in __init__
    self._dbapi_connection = engine.raw_connection()
                             ~~~~~~~~~~~~~~~~~~~~~^^
  File "C:\Users\TEST\AppData\Roaming\Python\Python313\site-packages\sqlalchemy\engine\base.py", line 3302, in raw_connection
    return self.pool.connect()
           ~~~~~~~~~~~~~~~~~^^
  File "C:\Users\TEST\AppData\Roaming\Python\Python313\site-packages\sqlalchemy\pool\base.py", line 449, in connect
    return _ConnectionFairy._checkout(self)
           ~~~~~~~~~~~~~~~~~~~~~~~~~~^^^^^^
  File "C:\Users\TEST\AppData\Roaming\Python\Python313\site-packages\sqlalchemy\pool\base.py", line 1263, in _checkout
    fairy = _ConnectionRecord.checkout(pool)
  File "C:\Users\TEST\AppData\Roaming\Python\Python313\site-packages\sqlalchemy\pool\base.py", line 717, in checkout
    with util.safe_reraise():
         ~~~~~~~~~~~~~~~~~^^
  File "C:\Users\TEST\AppData\Roaming\Python\Python313\site-packages\sqlalchemy\util\langhelpers.py", line 146, in __exit__
    raise exc_value.with_traceback(exc_tb)
  File "C:\Users\TEST\AppData\Roaming\Python\Python313\site-packages\sqlalchemy\pool\base.py", line 715, in checkout
    dbapi_connection = rec.get_connection()
  File "C:\Users\TEST\AppData\Roaming\Python\Python313\site-packages\sqlalchemy\pool\base.py", line 837, in get_connection
    self.__connect()
    ~~~~~~~~~~~~~~^^
  File "C:\Users\TEST\AppData\Roaming\Python\Python313\site-packages\sqlalchemy\pool\base.py", line 900, in __connect
    with util.safe_reraise():
         ~~~~~~~~~~~~~~~~~^^
  File "C:\Users\TEST\AppData\Roaming\Python\Python313\site-packages\sqlalchemy\util\langhelpers.py", line 146, in __exit__
    raise exc_value.with_traceback(exc_tb)
  File "C:\Users\TEST\AppData\Roaming\Python\Python313\site-packages\sqlalchemy\pool\base.py", line 896, in __connect
    self.dbapi_connection = connection = pool._invoke_creator(self)
                                         ~~~~~~~~~~~~~~~~~~~~^^^^^^
  File "C:\Users\TEST\AppData\Roaming\Python\Python313\site-packages\sqlalchemy\engine\create.py", line 643, in connect
    return dialect.connect(*cargs, **cparams)
           ~~~~~~~~~~~~~~~^^^^^^^^^^^^^^^^^^^
  File "C:\Users\TEST\AppData\Roaming\Python\Python313\site-packages\sqlalchemy\engine\default.py", line 621, in connect
    return self.loaded_dbapi.connect(*cargs, **cparams)
           ~~~~~~~~~~~~~~~~~~~~~~~~~^^^^^^^^^^^^^^^^^^^
  File "C:\Users\TEST\AppData\Roaming\Python\Python313\site-packages\sqlalchemy\dialects\postgresql\asyncpg.py", line 949, in connect
    await_only(creator_fn(*arg, **kw)),
    ~~~~~~~~~~^^^^^^^^^^^^^^^^^^^^^^^^
  File "C:\Users\TEST\AppData\Roaming\Python\Python313\site-packages\sqlalchemy\util\_concurrency_py3k.py", line 132, in await_only
    return current.parent.switch(awaitable)  # type: ignore[no-any-return,attr-defined] # noqa: E501
           ~~~~~~~~~~~~~~~~~~~~~^^^^^^^^^^^
  File "C:\Users\TEST\AppData\Roaming\Python\Python313\site-packages\sqlalchemy\util\_concurrency_py3k.py", line 196, in greenlet_spawn
    value = await result
            ^^^^^^^^^^^^
  File "C:\Users\TEST\AppData\Roaming\Python\Python313\site-packages\asyncpg\connection.py", line 2443, in connect
    return await connect_utils._connect(
           ^^^^^^^^^^^^^^^^^^^^^^^^^^^^^
    ...<22 lines>...
    )
    ^
  File "C:\Users\TEST\AppData\Roaming\Python\Python313\site-packages\asyncpg\connect_utils.py", line 1249, in _connect
    raise last_error or exceptions.TargetServerAttributeNotMatched(
    ...<2 lines>...
    )
  File "C:\Users\TEST\AppData\Roaming\Python\Python313\site-packages\asyncpg\connect_utils.py", line 1218, in _connect
    conn = await _connect_addr(
           ^^^^^^^^^^^^^^^^^^^^
    ...<6 lines>...
    )
    ^
  File "C:\Users\TEST\AppData\Roaming\Python\Python313\site-packages\asyncpg\connect_utils.py", line 1050, in _connect_addr
    return await __connect_addr(params, False, *args)
           ^^^^^^^^^^^^^^^^^^^^^^^^^^^^^^^^^^^^^^^^^^
  File "C:\Users\TEST\AppData\Roaming\Python\Python313\site-packages\asyncpg\connect_utils.py", line 1099, in __connect_addr
    tr, pr = await connector
             ^^^^^^^^^^^^^^^
  File "C:\Users\TEST\AppData\Roaming\Python\Python313\site-packages\asyncpg\connect_utils.py", line 969, in _create_ssl_connection
    tr, pr = await loop.create_connection(
             ^^^^^^^^^^^^^^^^^^^^^^^^^^^^^
    ...<2 lines>...
        host, port)
        ^^^^^^^^^^^
  File "C:\Python313\Lib\asyncio\base_events.py", line 1112, in create_connection
    infos = await self._ensure_resolved(
            ^^^^^^^^^^^^^^^^^^^^^^^^^^^^
        (host, port), family=family,
        ^^^^^^^^^^^^^^^^^^^^^^^^^^^^
        type=socket.SOCK_STREAM, proto=proto, flags=flags, loop=self)
        ^^^^^^^^^^^^^^^^^^^^^^^^^^^^^^^^^^^^^^^^^^^^^^^^^^^^^^^^^^^^^
  File "C:\Python313\Lib\asyncio\base_events.py", line 1495, in _ensure_resolved
    return await loop.getaddrinfo(host, port, family=family, type=type,
           ^^^^^^^^^^^^^^^^^^^^^^^^^^^^^^^^^^^^^^^^^^^^^^^^^^^^^^^^^^^^
                                  proto=proto, flags=flags)
                                  ^^^^^^^^^^^^^^^^^^^^^^^^^
  File "C:\Python313\Lib\asyncio\base_events.py", line 934, in getaddrinfo
    return await self.run_in_executor(
           ^^^^^^^^^^^^^^^^^^^^^^^^^^^
        None, getaddr_func, host, port, family, type, proto, flags)
        ^^^^^^^^^^^^^^^^^^^^^^^^^^^^^^^^^^^^^^^^^^^^^^^^^^^^^^^^^^^
  File "C:\Python313\Lib\concurrent\futures\thread.py", line 59, in run
    result = self.fn(*self.args, **self.kwargs)
  File "C:\Python313\Lib\socket.py", line 975, in getaddrinfo
    for res in _socket.getaddrinfo(host, port, family, type, proto, flags):
               ~~~~~~~~~~~~~~~~~~~^^^^^^^^^^^^^^^^^^^^^^^^^^^^^^^^^^^^^^^^
socket.gaierror: [Errno 11001] getaddrinfo failed
2026-02-08 17:30:03,960 - app.routes.analysis - ERROR - Failed to get statistics: [Errno 11001] getaddrinfo failed
Traceback (most recent call last):
  File "C:\Users\TEST\PhishGuard\backend\app\routes\analysis.py", line 142, in get_stats
    stats = await stats_service.get_statistics(db)
            ^^^^^^^^^^^^^^^^^^^^^^^^^^^^^^^^^^^^^^
  File "C:\Users\TEST\PhishGuard\backend\app\services\stats_service.py", line 77, in get_statistics
    result = await db.execute(select(Statistics).limit(1))
             ^^^^^^^^^^^^^^^^^^^^^^^^^^^^^^^^^^^^^^^^^^^^^
  File "C:\Users\TEST\AppData\Roaming\Python\Python313\site-packages\sqlalchemy\ext\asyncio\session.py", line 461, in execute
    result = await greenlet_spawn(
             ^^^^^^^^^^^^^^^^^^^^^
    ...<6 lines>...
    )
    ^
  File "C:\Users\TEST\AppData\Roaming\Python\Python313\site-packages\sqlalchemy\util\_concurrency_py3k.py", line 201, in greenlet_spawn
    result = context.throw(*sys.exc_info())
  File "C:\Users\TEST\AppData\Roaming\Python\Python313\site-packages\sqlalchemy\orm\session.py", line 2362, in execute
    return self._execute_internal(
           ~~~~~~~~~~~~~~~~~~~~~~^
        statement,
        ^^^^^^^^^^
    ...<4 lines>...
        _add_event=_add_event,
        ^^^^^^^^^^^^^^^^^^^^^^
    )
    ^
  File "C:\Users\TEST\AppData\Roaming\Python\Python313\site-packages\sqlalchemy\orm\session.py", line 2237, in _execute_internal
    conn = self._connection_for_bind(bind)
  File "C:\Users\TEST\AppData\Roaming\Python\Python313\site-packages\sqlalchemy\orm\session.py", line 2106, in _connection_for_bind
    return trans._connection_for_bind(engine, execution_options)
           ~~~~~~~~~~~~~~~~~~~~~~~~~~^^^^^^^^^^^^^^^^^^^^^^^^^^^
  File "<string>", line 2, in _connection_for_bind
  File "C:\Users\TEST\AppData\Roaming\Python\Python313\site-packages\sqlalchemy\orm\state_changes.py", line 139, in _go
    ret_value = fn(self, *arg, **kw)
  File "C:\Users\TEST\AppData\Roaming\Python\Python313\site-packages\sqlalchemy\orm\session.py", line 1189, in _connection_for_bind
    conn = bind.connect()
  File "C:\Users\TEST\AppData\Roaming\Python\Python313\site-packages\sqlalchemy\engine\base.py", line 3278, in connect
    return self._connection_cls(self)
           ~~~~~~~~~~~~~~~~~~~~^^^^^^
  File "C:\Users\TEST\AppData\Roaming\Python\Python313\site-packages\sqlalchemy\engine\base.py", line 146, in __init__
    self._dbapi_connection = engine.raw_connection()
                             ~~~~~~~~~~~~~~~~~~~~~^^
  File "C:\Users\TEST\AppData\Roaming\Python\Python313\site-packages\sqlalchemy\engine\base.py", line 3302, in raw_connection
    return self.pool.connect()
           ~~~~~~~~~~~~~~~~~^^
  File "C:\Users\TEST\AppData\Roaming\Python\Python313\site-packages\sqlalchemy\pool\base.py", line 449, in connect
    return _ConnectionFairy._checkout(self)
           ~~~~~~~~~~~~~~~~~~~~~~~~~~^^^^^^
  File "C:\Users\TEST\AppData\Roaming\Python\Python313\site-packages\sqlalchemy\pool\base.py", line 1263, in _checkout
    fairy = _ConnectionRecord.checkout(pool)
  File "C:\Users\TEST\AppData\Roaming\Python\Python313\site-packages\sqlalchemy\pool\base.py", line 717, in checkout
    with util.safe_reraise():
         ~~~~~~~~~~~~~~~~~^^
  File "C:\Users\TEST\AppData\Roaming\Python\Python313\site-packages\sqlalchemy\util\langhelpers.py", line 146, in __exit__
    raise exc_value.with_traceback(exc_tb)
  File "C:\Users\TEST\AppData\Roaming\Python\Python313\site-packages\sqlalchemy\pool\base.py", line 715, in checkout
    dbapi_connection = rec.get_connection()
  File "C:\Users\TEST\AppData\Roaming\Python\Python313\site-packages\sqlalchemy\pool\base.py", line 837, in get_connection
    self.__connect()
    ~~~~~~~~~~~~~~^^
  File "C:\Users\TEST\AppData\Roaming\Python\Python313\site-packages\sqlalchemy\pool\base.py", line 900, in __connect
    with util.safe_reraise():
         ~~~~~~~~~~~~~~~~~^^
  File "C:\Users\TEST\AppData\Roaming\Python\Python313\site-packages\sqlalchemy\util\langhelpers.py", line 146, in __exit__
    raise exc_value.with_traceback(exc_tb)
  File "C:\Users\TEST\AppData\Roaming\Python\Python313\site-packages\sqlalchemy\pool\base.py", line 896, in __connect
    self.dbapi_connection = connection = pool._invoke_creator(self)
                                         ~~~~~~~~~~~~~~~~~~~~^^^^^^
  File "C:\Users\TEST\AppData\Roaming\Python\Python313\site-packages\sqlalchemy\engine\create.py", line 643, in connect
    return dialect.connect(*cargs, **cparams)
           ~~~~~~~~~~~~~~~^^^^^^^^^^^^^^^^^^^
  File "C:\Users\TEST\AppData\Roaming\Python\Python313\site-packages\sqlalchemy\engine\default.py", line 621, in connect
    return self.loaded_dbapi.connect(*cargs, **cparams)
           ~~~~~~~~~~~~~~~~~~~~~~~~~^^^^^^^^^^^^^^^^^^^
  File "C:\Users\TEST\AppData\Roaming\Python\Python313\site-packages\sqlalchemy\dialects\postgresql\asyncpg.py", line 949, in connect
    await_only(creator_fn(*arg, **kw)),
    ~~~~~~~~~~^^^^^^^^^^^^^^^^^^^^^^^^
  File "C:\Users\TEST\AppData\Roaming\Python\Python313\site-packages\sqlalchemy\util\_concurrency_py3k.py", line 132, in await_only
    return current.parent.switch(awaitable)  # type: ignore[no-any-return,attr-defined] # noqa: E501
           ~~~~~~~~~~~~~~~~~~~~~^^^^^^^^^^^
  File "C:\Users\TEST\AppData\Roaming\Python\Python313\site-packages\sqlalchemy\util\_concurrency_py3k.py", line 196, in greenlet_spawn
    value = await result
            ^^^^^^^^^^^^
  File "C:\Users\TEST\AppData\Roaming\Python\Python313\site-packages\asyncpg\connection.py", line 2443, in connect
    return await connect_utils._connect(
           ^^^^^^^^^^^^^^^^^^^^^^^^^^^^^
    ...<22 lines>...
    )
    ^
  File "C:\Users\TEST\AppData\Roaming\Python\Python313\site-packages\asyncpg\connect_utils.py", line 1249, in _connect
    raise last_error or exceptions.TargetServerAttributeNotMatched(
    ...<2 lines>...
    )
  File "C:\Users\TEST\AppData\Roaming\Python\Python313\site-packages\asyncpg\connect_utils.py", line 1218, in _connect
    conn = await _connect_addr(
           ^^^^^^^^^^^^^^^^^^^^
    ...<6 lines>...
    )
    ^
  File "C:\Users\TEST\AppData\Roaming\Python\Python313\site-packages\asyncpg\connect_utils.py", line 1050, in _connect_addr
    return await __connect_addr(params, False, *args)
           ^^^^^^^^^^^^^^^^^^^^^^^^^^^^^^^^^^^^^^^^^^
  File "C:\Users\TEST\AppData\Roaming\Python\Python313\site-packages\asyncpg\connect_utils.py", line 1099, in __connect_addr
    tr, pr = await connector
             ^^^^^^^^^^^^^^^
  File "C:\Users\TEST\AppData\Roaming\Python\Python313\site-packages\asyncpg\connect_utils.py", line 969, in _create_ssl_connection
    tr, pr = await loop.create_connection(
             ^^^^^^^^^^^^^^^^^^^^^^^^^^^^^
    ...<2 lines>...
        host, port)
        ^^^^^^^^^^^
  File "C:\Python313\Lib\asyncio\base_events.py", line 1112, in create_connection
    infos = await self._ensure_resolved(
            ^^^^^^^^^^^^^^^^^^^^^^^^^^^^
        (host, port), family=family,
        ^^^^^^^^^^^^^^^^^^^^^^^^^^^^
        type=socket.SOCK_STREAM, proto=proto, flags=flags, loop=self)
        ^^^^^^^^^^^^^^^^^^^^^^^^^^^^^^^^^^^^^^^^^^^^^^^^^^^^^^^^^^^^^
  File "C:\Python313\Lib\asyncio\base_events.py", line 1495, in _ensure_resolved
    return await loop.getaddrinfo(host, port, family=family, type=type,
           ^^^^^^^^^^^^^^^^^^^^^^^^^^^^^^^^^^^^^^^^^^^^^^^^^^^^^^^^^^^^
                                  proto=proto, flags=flags)
                                  ^^^^^^^^^^^^^^^^^^^^^^^^^
  File "C:\Python313\Lib\asyncio\base_events.py", line 934, in getaddrinfo
    return await self.run_in_executor(
           ^^^^^^^^^^^^^^^^^^^^^^^^^^^
        None, getaddr_func, host, port, family, type, proto, flags)
        ^^^^^^^^^^^^^^^^^^^^^^^^^^^^^^^^^^^^^^^^^^^^^^^^^^^^^^^^^^^
  File "C:\Python313\Lib\concurrent\futures\thread.py", line 59, in run
    result = self.fn(*self.args, **self.kwargs)
  File "C:\Python313\Lib\socket.py", line 975, in getaddrinfo
    for res in _socket.getaddrinfo(host, port, family, type, proto, flags):
               ~~~~~~~~~~~~~~~~~~~^^^^^^^^^^^^^^^^^^^^^^^^^^^^^^^^^^^^^^^^
socket.gaierror: [Errno 11001] getaddrinfo failed
2026-02-08 17:30:34,186 - app.routes.analysis - ERROR - Failed to get threat distribution: [Errno 11001] getaddrinfo failed
Traceback (most recent call last):
  File "C:\Users\TEST\PhishGuard\backend\app\routes\analysis.py", line 239, in get_threat_distribution
    distribution = await stats_service.get_threat_distribution(db)
                   ^^^^^^^^^^^^^^^^^^^^^^^^^^^^^^^^^^^^^^^^^^^^^^^
  File "C:\Users\TEST\PhishGuard\backend\app\services\stats_service.py", line 148, in get_threat_distribution
    result = await db.execute(
             ^^^^^^^^^^^^^^^^^
    ...<5 lines>...
    )
    ^
  File "C:\Users\TEST\AppData\Roaming\Python\Python313\site-packages\sqlalchemy\ext\asyncio\session.py", line 461, in execute
    result = await greenlet_spawn(
             ^^^^^^^^^^^^^^^^^^^^^
    ...<6 lines>...
    )
    ^
  File "C:\Users\TEST\AppData\Roaming\Python\Python313\site-packages\sqlalchemy\util\_concurrency_py3k.py", line 201, in greenlet_spawn
    result = context.throw(*sys.exc_info())
  File "C:\Users\TEST\AppData\Roaming\Python\Python313\site-packages\sqlalchemy\orm\session.py", line 2362, in execute
    return self._execute_internal(
           ~~~~~~~~~~~~~~~~~~~~~~^
        statement,
        ^^^^^^^^^^
    ...<4 lines>...
        _add_event=_add_event,
        ^^^^^^^^^^^^^^^^^^^^^^
    )
    ^
  File "C:\Users\TEST\AppData\Roaming\Python\Python313\site-packages\sqlalchemy\orm\session.py", line 2237, in _execute_internal
    conn = self._connection_for_bind(bind)
  File "C:\Users\TEST\AppData\Roaming\Python\Python313\site-packages\sqlalchemy\orm\session.py", line 2106, in _connection_for_bind
    return trans._connection_for_bind(engine, execution_options)
           ~~~~~~~~~~~~~~~~~~~~~~~~~~^^^^^^^^^^^^^^^^^^^^^^^^^^^
  File "<string>", line 2, in _connection_for_bind
  File "C:\Users\TEST\AppData\Roaming\Python\Python313\site-packages\sqlalchemy\orm\state_changes.py", line 139, in _go
    ret_value = fn(self, *arg, **kw)
  File "C:\Users\TEST\AppData\Roaming\Python\Python313\site-packages\sqlalchemy\orm\session.py", line 1189, in _connection_for_bind
    conn = bind.connect()
  File "C:\Users\TEST\AppData\Roaming\Python\Python313\site-packages\sqlalchemy\engine\base.py", line 3278, in connect
    return self._connection_cls(self)
           ~~~~~~~~~~~~~~~~~~~~^^^^^^
  File "C:\Users\TEST\AppData\Roaming\Python\Python313\site-packages\sqlalchemy\engine\base.py", line 146, in __init__
    self._dbapi_connection = engine.raw_connection()
                             ~~~~~~~~~~~~~~~~~~~~~^^
  File "C:\Users\TEST\AppData\Roaming\Python\Python313\site-packages\sqlalchemy\engine\base.py", line 3302, in raw_connection
    return self.pool.connect()
           ~~~~~~~~~~~~~~~~~^^
  File "C:\Users\TEST\AppData\Roaming\Python\Python313\site-packages\sqlalchemy\pool\base.py", line 449, in connect
    return _ConnectionFairy._checkout(self)
           ~~~~~~~~~~~~~~~~~~~~~~~~~~^^^^^^
  File "C:\Users\TEST\AppData\Roaming\Python\Python313\site-packages\sqlalchemy\pool\base.py", line 1263, in _checkout
    fairy = _ConnectionRecord.checkout(pool)
  File "C:\Users\TEST\AppData\Roaming\Python\Python313\site-packages\sqlalchemy\pool\base.py", line 717, in checkout
    with util.safe_reraise():
         ~~~~~~~~~~~~~~~~~^^
  File "C:\Users\TEST\AppData\Roaming\Python\Python313\site-packages\sqlalchemy\util\langhelpers.py", line 146, in __exit__
    raise exc_value.with_traceback(exc_tb)
  File "C:\Users\TEST\AppData\Roaming\Python\Python313\site-packages\sqlalchemy\pool\base.py", line 715, in checkout
    dbapi_connection = rec.get_connection()
  File "C:\Users\TEST\AppData\Roaming\Python\Python313\site-packages\sqlalchemy\pool\base.py", line 837, in get_connection
    self.__connect()
    ~~~~~~~~~~~~~~^^
  File "C:\Users\TEST\AppData\Roaming\Python\Python313\site-packages\sqlalchemy\pool\base.py", line 900, in __connect
    with util.safe_reraise():
         ~~~~~~~~~~~~~~~~~^^
  File "C:\Users\TEST\AppData\Roaming\Python\Python313\site-packages\sqlalchemy\util\langhelpers.py", line 146, in __exit__
    raise exc_value.with_traceback(exc_tb)
  File "C:\Users\TEST\AppData\Roaming\Python\Python313\site-packages\sqlalchemy\pool\base.py", line 896, in __connect
    self.dbapi_connection = connection = pool._invoke_creator(self)
                                         ~~~~~~~~~~~~~~~~~~~~^^^^^^
  File "C:\Users\TEST\AppData\Roaming\Python\Python313\site-packages\sqlalchemy\engine\create.py", line 643, in connect
    return dialect.connect(*cargs, **cparams)
           ~~~~~~~~~~~~~~~^^^^^^^^^^^^^^^^^^^
  File "C:\Users\TEST\AppData\Roaming\Python\Python313\site-packages\sqlalchemy\engine\default.py", line 621, in connect
    return self.loaded_dbapi.connect(*cargs, **cparams)
           ~~~~~~~~~~~~~~~~~~~~~~~~~^^^^^^^^^^^^^^^^^^^
  File "C:\Users\TEST\AppData\Roaming\Python\Python313\site-packages\sqlalchemy\dialects\postgresql\asyncpg.py", line 949, in connect
    await_only(creator_fn(*arg, **kw)),
    ~~~~~~~~~~^^^^^^^^^^^^^^^^^^^^^^^^
  File "C:\Users\TEST\AppData\Roaming\Python\Python313\site-packages\sqlalchemy\util\_concurrency_py3k.py", line 132, in await_only
    return current.parent.switch(awaitable)  # type: ignore[no-any-return,attr-defined] # noqa: E501
           ~~~~~~~~~~~~~~~~~~~~~^^^^^^^^^^^
  File "C:\Users\TEST\AppData\Roaming\Python\Python313\site-packages\sqlalchemy\util\_concurrency_py3k.py", line 196, in greenlet_spawn
    value = await result
            ^^^^^^^^^^^^
  File "C:\Users\TEST\AppData\Roaming\Python\Python313\site-packages\asyncpg\connection.py", line 2443, in connect
    return await connect_utils._connect(
           ^^^^^^^^^^^^^^^^^^^^^^^^^^^^^
    ...<22 lines>...
    )
    ^
  File "C:\Users\TEST\AppData\Roaming\Python\Python313\site-packages\asyncpg\connect_utils.py", line 1249, in _connect
    raise last_error or exceptions.TargetServerAttributeNotMatched(
    ...<2 lines>...
    )
  File "C:\Users\TEST\AppData\Roaming\Python\Python313\site-packages\asyncpg\connect_utils.py", line 1218, in _connect
    conn = await _connect_addr(
           ^^^^^^^^^^^^^^^^^^^^
    ...<6 lines>...
    )
    ^
  File "C:\Users\TEST\AppData\Roaming\Python\Python313\site-packages\asyncpg\connect_utils.py", line 1050, in _connect_addr
    return await __connect_addr(params, False, *args)
           ^^^^^^^^^^^^^^^^^^^^^^^^^^^^^^^^^^^^^^^^^^
  File "C:\Users\TEST\AppData\Roaming\Python\Python313\site-packages\asyncpg\connect_utils.py", line 1099, in __connect_addr
    tr, pr = await connector
             ^^^^^^^^^^^^^^^
  File "C:\Users\TEST\AppData\Roaming\Python\Python313\site-packages\asyncpg\connect_utils.py", line 969, in _create_ssl_connection
    tr, pr = await loop.create_connection(
             ^^^^^^^^^^^^^^^^^^^^^^^^^^^^^
    ...<2 lines>...
        host, port)
        ^^^^^^^^^^^
  File "C:\Python313\Lib\asyncio\base_events.py", line 1112, in create_connection
    infos = await self._ensure_resolved(
            ^^^^^^^^^^^^^^^^^^^^^^^^^^^^
        (host, port), family=family,
        ^^^^^^^^^^^^^^^^^^^^^^^^^^^^
        type=socket.SOCK_STREAM, proto=proto, flags=flags, loop=self)
        ^^^^^^^^^^^^^^^^^^^^^^^^^^^^^^^^^^^^^^^^^^^^^^^^^^^^^^^^^^^^^
  File "C:\Python313\Lib\asyncio\base_events.py", line 1495, in _ensure_resolved
    return await loop.getaddrinfo(host, port, family=family, type=type,
           ^^^^^^^^^^^^^^^^^^^^^^^^^^^^^^^^^^^^^^^^^^^^^^^^^^^^^^^^^^^^
                                  proto=proto, flags=flags)
                                  ^^^^^^^^^^^^^^^^^^^^^^^^^
  File "C:\Python313\Lib\asyncio\base_events.py", line 934, in getaddrinfo
    return await self.run_in_executor(
           ^^^^^^^^^^^^^^^^^^^^^^^^^^^
        None, getaddr_func, host, port, family, type, proto, flags)
        ^^^^^^^^^^^^^^^^^^^^^^^^^^^^^^^^^^^^^^^^^^^^^^^^^^^^^^^^^^^
  File "C:\Python313\Lib\concurrent\futures\thread.py", line 59, in run
    result = self.fn(*self.args, **self.kwargs)
  File "C:\Python313\Lib\socket.py", line 975, in getaddrinfo
    for res in _socket.getaddrinfo(host, port, family, type, proto, flags):
               ~~~~~~~~~~~~~~~~~~~^^^^^^^^^^^^^^^^^^^^^^^^^^^^^^^^^^^^^^^^
socket.gaierror: [Errno 11001] getaddrinfo failed
2026-02-08 17:30:34,207 - app.routes.analysis - ERROR - Failed to get statistics: [Errno 11001] getaddrinfo failed
Traceback (most recent call last):
  File "C:\Users\TEST\PhishGuard\backend\app\routes\analysis.py", line 142, in get_stats
    stats = await stats_service.get_statistics(db)
            ^^^^^^^^^^^^^^^^^^^^^^^^^^^^^^^^^^^^^^
  File "C:\Users\TEST\PhishGuard\backend\app\services\stats_service.py", line 77, in get_statistics
    result = await db.execute(select(Statistics).limit(1))
             ^^^^^^^^^^^^^^^^^^^^^^^^^^^^^^^^^^^^^^^^^^^^^
  File "C:\Users\TEST\AppData\Roaming\Python\Python313\site-packages\sqlalchemy\ext\asyncio\session.py", line 461, in execute
    result = await greenlet_spawn(
             ^^^^^^^^^^^^^^^^^^^^^
    ...<6 lines>...
    )
    ^
  File "C:\Users\TEST\AppData\Roaming\Python\Python313\site-packages\sqlalchemy\util\_concurrency_py3k.py", line 201, in greenlet_spawn
    result = context.throw(*sys.exc_info())
  File "C:\Users\TEST\AppData\Roaming\Python\Python313\site-packages\sqlalchemy\orm\session.py", line 2362, in execute
    return self._execute_internal(
           ~~~~~~~~~~~~~~~~~~~~~~^
        statement,
        ^^^^^^^^^^
    ...<4 lines>...
        _add_event=_add_event,
        ^^^^^^^^^^^^^^^^^^^^^^
    )
    ^
  File "C:\Users\TEST\AppData\Roaming\Python\Python313\site-packages\sqlalchemy\orm\session.py", line 2237, in _execute_internal
    conn = self._connection_for_bind(bind)
  File "C:\Users\TEST\AppData\Roaming\Python\Python313\site-packages\sqlalchemy\orm\session.py", line 2106, in _connection_for_bind
    return trans._connection_for_bind(engine, execution_options)
           ~~~~~~~~~~~~~~~~~~~~~~~~~~^^^^^^^^^^^^^^^^^^^^^^^^^^^
  File "<string>", line 2, in _connection_for_bind
  File "C:\Users\TEST\AppData\Roaming\Python\Python313\site-packages\sqlalchemy\orm\state_changes.py", line 139, in _go
    ret_value = fn(self, *arg, **kw)
  File "C:\Users\TEST\AppData\Roaming\Python\Python313\site-packages\sqlalchemy\orm\session.py", line 1189, in _connection_for_bind
    conn = bind.connect()
  File "C:\Users\TEST\AppData\Roaming\Python\Python313\site-packages\sqlalchemy\engine\base.py", line 3278, in connect
    return self._connection_cls(self)
           ~~~~~~~~~~~~~~~~~~~~^^^^^^
  File "C:\Users\TEST\AppData\Roaming\Python\Python313\site-packages\sqlalchemy\engine\base.py", line 146, in __init__
    self._dbapi_connection = engine.raw_connection()
                             ~~~~~~~~~~~~~~~~~~~~~^^
  File "C:\Users\TEST\AppData\Roaming\Python\Python313\site-packages\sqlalchemy\engine\base.py", line 3302, in raw_connection
    return self.pool.connect()
           ~~~~~~~~~~~~~~~~~^^
  File "C:\Users\TEST\AppData\Roaming\Python\Python313\site-packages\sqlalchemy\pool\base.py", line 449, in connect
    return _ConnectionFairy._checkout(self)
           ~~~~~~~~~~~~~~~~~~~~~~~~~~^^^^^^
  File "C:\Users\TEST\AppData\Roaming\Python\Python313\site-packages\sqlalchemy\pool\base.py", line 1263, in _checkout
    fairy = _ConnectionRecord.checkout(pool)
  File "C:\Users\TEST\AppData\Roaming\Python\Python313\site-packages\sqlalchemy\pool\base.py", line 717, in checkout
    with util.safe_reraise():
         ~~~~~~~~~~~~~~~~~^^
  File "C:\Users\TEST\AppData\Roaming\Python\Python313\site-packages\sqlalchemy\util\langhelpers.py", line 146, in __exit__
    raise exc_value.with_traceback(exc_tb)
  File "C:\Users\TEST\AppData\Roaming\Python\Python313\site-packages\sqlalchemy\pool\base.py", line 715, in checkout
    dbapi_connection = rec.get_connection()
  File "C:\Users\TEST\AppData\Roaming\Python\Python313\site-packages\sqlalchemy\pool\base.py", line 837, in get_connection
    self.__connect()
    ~~~~~~~~~~~~~~^^
  File "C:\Users\TEST\AppData\Roaming\Python\Python313\site-packages\sqlalchemy\pool\base.py", line 900, in __connect
    with util.safe_reraise():
         ~~~~~~~~~~~~~~~~~^^
  File "C:\Users\TEST\AppData\Roaming\Python\Python313\site-packages\sqlalchemy\util\langhelpers.py", line 146, in __exit__
    raise exc_value.with_traceback(exc_tb)
  File "C:\Users\TEST\AppData\Roaming\Python\Python313\site-packages\sqlalchemy\pool\base.py", line 896, in __connect
    self.dbapi_connection = connection = pool._invoke_creator(self)
                                         ~~~~~~~~~~~~~~~~~~~~^^^^^^
  File "C:\Users\TEST\AppData\Roaming\Python\Python313\site-packages\sqlalchemy\engine\create.py", line 643, in connect
    return dialect.connect(*cargs, **cparams)
           ~~~~~~~~~~~~~~~^^^^^^^^^^^^^^^^^^^
  File "C:\Users\TEST\AppData\Roaming\Python\Python313\site-packages\sqlalchemy\engine\default.py", line 621, in connect
    return self.loaded_dbapi.connect(*cargs, **cparams)
           ~~~~~~~~~~~~~~~~~~~~~~~~~^^^^^^^^^^^^^^^^^^^
  File "C:\Users\TEST\AppData\Roaming\Python\Python313\site-packages\sqlalchemy\dialects\postgresql\asyncpg.py", line 949, in connect
    await_only(creator_fn(*arg, **kw)),
    ~~~~~~~~~~^^^^^^^^^^^^^^^^^^^^^^^^
  File "C:\Users\TEST\AppData\Roaming\Python\Python313\site-packages\sqlalchemy\util\_concurrency_py3k.py", line 132, in await_only
    return current.parent.switch(awaitable)  # type: ignore[no-any-return,attr-defined] # noqa: E501
           ~~~~~~~~~~~~~~~~~~~~~^^^^^^^^^^^
  File "C:\Users\TEST\AppData\Roaming\Python\Python313\site-packages\sqlalchemy\util\_concurrency_py3k.py", line 196, in greenlet_spawn
    value = await result
            ^^^^^^^^^^^^
  File "C:\Users\TEST\AppData\Roaming\Python\Python313\site-packages\asyncpg\connection.py", line 2443, in connect
    return await connect_utils._connect(
           ^^^^^^^^^^^^^^^^^^^^^^^^^^^^^
    ...<22 lines>...
    )
    ^
  File "C:\Users\TEST\AppData\Roaming\Python\Python313\site-packages\asyncpg\connect_utils.py", line 1249, in _connect
    raise last_error or exceptions.TargetServerAttributeNotMatched(
    ...<2 lines>...
    )
  File "C:\Users\TEST\AppData\Roaming\Python\Python313\site-packages\asyncpg\connect_utils.py", line 1218, in _connect
    conn = await _connect_addr(
           ^^^^^^^^^^^^^^^^^^^^
    ...<6 lines>...
    )
    ^
  File "C:\Users\TEST\AppData\Roaming\Python\Python313\site-packages\asyncpg\connect_utils.py", line 1050, in _connect_addr
    return await __connect_addr(params, False, *args)
           ^^^^^^^^^^^^^^^^^^^^^^^^^^^^^^^^^^^^^^^^^^
  File "C:\Users\TEST\AppData\Roaming\Python\Python313\site-packages\asyncpg\connect_utils.py", line 1099, in __connect_addr
    tr, pr = await connector
             ^^^^^^^^^^^^^^^
  File "C:\Users\TEST\AppData\Roaming\Python\Python313\site-packages\asyncpg\connect_utils.py", line 969, in _create_ssl_connection
    tr, pr = await loop.create_connection(
             ^^^^^^^^^^^^^^^^^^^^^^^^^^^^^
    ...<2 lines>...
        host, port)
        ^^^^^^^^^^^
  File "C:\Python313\Lib\asyncio\base_events.py", line 1112, in create_connection
    infos = await self._ensure_resolved(
            ^^^^^^^^^^^^^^^^^^^^^^^^^^^^
        (host, port), family=family,
        ^^^^^^^^^^^^^^^^^^^^^^^^^^^^
        type=socket.SOCK_STREAM, proto=proto, flags=flags, loop=self)
        ^^^^^^^^^^^^^^^^^^^^^^^^^^^^^^^^^^^^^^^^^^^^^^^^^^^^^^^^^^^^^
  File "C:\Python313\Lib\asyncio\base_events.py", line 1495, in _ensure_resolved
    return await loop.getaddrinfo(host, port, family=family, type=type,
           ^^^^^^^^^^^^^^^^^^^^^^^^^^^^^^^^^^^^^^^^^^^^^^^^^^^^^^^^^^^^
                                  proto=proto, flags=flags)
                                  ^^^^^^^^^^^^^^^^^^^^^^^^^
  File "C:\Python313\Lib\asyncio\base_events.py", line 934, in getaddrinfo
    return await self.run_in_executor(
           ^^^^^^^^^^^^^^^^^^^^^^^^^^^
        None, getaddr_func, host, port, family, type, proto, flags)
        ^^^^^^^^^^^^^^^^^^^^^^^^^^^^^^^^^^^^^^^^^^^^^^^^^^^^^^^^^^^
  File "C:\Python313\Lib\concurrent\futures\thread.py", line 59, in run
    result = self.fn(*self.args, **self.kwargs)
  File "C:\Python313\Lib\socket.py", line 975, in getaddrinfo
    for res in _socket.getaddrinfo(host, port, family, type, proto, flags):
               ~~~~~~~~~~~~~~~~~~~^^^^^^^^^^^^^^^^^^^^^^^^^^^^^^^^^^^^^^^^
socket.gaierror: [Errno 11001] getaddrinfo failed
2026-02-08 21:25:05,163 - app.routes.analysis - ERROR - Failed to get threat distribution: [Errno 11001] getaddrinfo failed
Traceback (most recent call last):
  File "C:\Users\TEST\PhishGuard\backend\app\routes\analysis.py", line 239, in get_threat_distribution
    distribution = await stats_service.get_threat_distribution(db)
                   ^^^^^^^^^^^^^^^^^^^^^^^^^^^^^^^^^^^^^^^^^^^^^^^
  File "C:\Users\TEST\PhishGuard\backend\app\services\stats_service.py", line 148, in get_threat_distribution
    result = await db.execute(
             ^^^^^^^^^^^^^^^^^
    ...<5 lines>...
    )
    ^
  File "C:\Users\TEST\AppData\Roaming\Python\Python313\site-packages\sqlalchemy\ext\asyncio\session.py", line 461, in execute
    result = await greenlet_spawn(
             ^^^^^^^^^^^^^^^^^^^^^
    ...<6 lines>...
    )
    ^
  File "C:\Users\TEST\AppData\Roaming\Python\Python313\site-packages\sqlalchemy\util\_concurrency_py3k.py", line 201, in greenlet_spawn
    result = context.throw(*sys.exc_info())
  File "C:\Users\TEST\AppData\Roaming\Python\Python313\site-packages\sqlalchemy\orm\session.py", line 2362, in execute
    return self._execute_internal(
           ~~~~~~~~~~~~~~~~~~~~~~^
        statement,
        ^^^^^^^^^^
    ...<4 lines>...
        _add_event=_add_event,
        ^^^^^^^^^^^^^^^^^^^^^^
    )
    ^
  File "C:\Users\TEST\AppData\Roaming\Python\Python313\site-packages\sqlalchemy\orm\session.py", line 2237, in _execute_internal
    conn = self._connection_for_bind(bind)
  File "C:\Users\TEST\AppData\Roaming\Python\Python313\site-packages\sqlalchemy\orm\session.py", line 2106, in _connection_for_bind
    return trans._connection_for_bind(engine, execution_options)
           ~~~~~~~~~~~~~~~~~~~~~~~~~~^^^^^^^^^^^^^^^^^^^^^^^^^^^
  File "<string>", line 2, in _connection_for_bind
  File "C:\Users\TEST\AppData\Roaming\Python\Python313\site-packages\sqlalchemy\orm\state_changes.py", line 139, in _go
    ret_value = fn(self, *arg, **kw)
  File "C:\Users\TEST\AppData\Roaming\Python\Python313\site-packages\sqlalchemy\orm\session.py", line 1189, in _connection_for_bind
    conn = bind.connect()
  File "C:\Users\TEST\AppData\Roaming\Python\Python313\site-packages\sqlalchemy\engine\base.py", line 3278, in connect
    return self._connection_cls(self)
           ~~~~~~~~~~~~~~~~~~~~^^^^^^
  File "C:\Users\TEST\AppData\Roaming\Python\Python313\site-packages\sqlalchemy\engine\base.py", line 146, in __init__
    self._dbapi_connection = engine.raw_connection()
                             ~~~~~~~~~~~~~~~~~~~~~^^
  File "C:\Users\TEST\AppData\Roaming\Python\Python313\site-packages\sqlalchemy\engine\base.py", line 3302, in raw_connection
    return self.pool.connect()
           ~~~~~~~~~~~~~~~~~^^
  File "C:\Users\TEST\AppData\Roaming\Python\Python313\site-packages\sqlalchemy\pool\base.py", line 449, in connect
    return _ConnectionFairy._checkout(self)
           ~~~~~~~~~~~~~~~~~~~~~~~~~~^^^^^^
  File "C:\Users\TEST\AppData\Roaming\Python\Python313\site-packages\sqlalchemy\pool\base.py", line 1263, in _checkout
    fairy = _ConnectionRecord.checkout(pool)
  File "C:\Users\TEST\AppData\Roaming\Python\Python313\site-packages\sqlalchemy\pool\base.py", line 717, in checkout
    with util.safe_reraise():
         ~~~~~~~~~~~~~~~~~^^
  File "C:\Users\TEST\AppData\Roaming\Python\Python313\site-packages\sqlalchemy\util\langhelpers.py", line 146, in __exit__
    raise exc_value.with_traceback(exc_tb)
  File "C:\Users\TEST\AppData\Roaming\Python\Python313\site-packages\sqlalchemy\pool\base.py", line 715, in checkout
    dbapi_connection = rec.get_connection()
  File "C:\Users\TEST\AppData\Roaming\Python\Python313\site-packages\sqlalchemy\pool\base.py", line 837, in get_connection
    self.__connect()
    ~~~~~~~~~~~~~~^^
  File "C:\Users\TEST\AppData\Roaming\Python\Python313\site-packages\sqlalchemy\pool\base.py", line 900, in __connect
    with util.safe_reraise():
         ~~~~~~~~~~~~~~~~~^^
  File "C:\Users\TEST\AppData\Roaming\Python\Python313\site-packages\sqlalchemy\util\langhelpers.py", line 146, in __exit__
    raise exc_value.with_traceback(exc_tb)
  File "C:\Users\TEST\AppData\Roaming\Python\Python313\site-packages\sqlalchemy\pool\base.py", line 896, in __connect
    self.dbapi_connection = connection = pool._invoke_creator(self)
                                         ~~~~~~~~~~~~~~~~~~~~^^^^^^
  File "C:\Users\TEST\AppData\Roaming\Python\Python313\site-packages\sqlalchemy\engine\create.py", line 643, in connect
    return dialect.connect(*cargs, **cparams)
           ~~~~~~~~~~~~~~~^^^^^^^^^^^^^^^^^^^
  File "C:\Users\TEST\AppData\Roaming\Python\Python313\site-packages\sqlalchemy\engine\default.py", line 621, in connect
    return self.loaded_dbapi.connect(*cargs, **cparams)
           ~~~~~~~~~~~~~~~~~~~~~~~~~^^^^^^^^^^^^^^^^^^^
  File "C:\Users\TEST\AppData\Roaming\Python\Python313\site-packages\sqlalchemy\dialects\postgresql\asyncpg.py", line 949, in connect
    await_only(creator_fn(*arg, **kw)),
    ~~~~~~~~~~^^^^^^^^^^^^^^^^^^^^^^^^
  File "C:\Users\TEST\AppData\Roaming\Python\Python313\site-packages\sqlalchemy\util\_concurrency_py3k.py", line 132, in await_only
    return current.parent.switch(awaitable)  # type: ignore[no-any-return,attr-defined] # noqa: E501
           ~~~~~~~~~~~~~~~~~~~~~^^^^^^^^^^^
  File "C:\Users\TEST\AppData\Roaming\Python\Python313\site-packages\sqlalchemy\util\_concurrency_py3k.py", line 196, in greenlet_spawn
    value = await result
            ^^^^^^^^^^^^
  File "C:\Users\TEST\AppData\Roaming\Python\Python313\site-packages\asyncpg\connection.py", line 2443, in connect
    return await connect_utils._connect(
           ^^^^^^^^^^^^^^^^^^^^^^^^^^^^^
    ...<22 lines>...
    )
    ^
  File "C:\Users\TEST\AppData\Roaming\Python\Python313\site-packages\asyncpg\connect_utils.py", line 1249, in _connect
    raise last_error or exceptions.TargetServerAttributeNotMatched(
    ...<2 lines>...
    )
  File "C:\Users\TEST\AppData\Roaming\Python\Python313\site-packages\asyncpg\connect_utils.py", line 1218, in _connect
    conn = await _connect_addr(
           ^^^^^^^^^^^^^^^^^^^^
    ...<6 lines>...
    )
    ^
  File "C:\Users\TEST\AppData\Roaming\Python\Python313\site-packages\asyncpg\connect_utils.py", line 1050, in _connect_addr
    return await __connect_addr(params, False, *args)
           ^^^^^^^^^^^^^^^^^^^^^^^^^^^^^^^^^^^^^^^^^^
  File "C:\Users\TEST\AppData\Roaming\Python\Python313\site-packages\asyncpg\connect_utils.py", line 1099, in __connect_addr
    tr, pr = await connector
             ^^^^^^^^^^^^^^^
  File "C:\Users\TEST\AppData\Roaming\Python\Python313\site-packages\asyncpg\connect_utils.py", line 969, in _create_ssl_connection
    tr, pr = await loop.create_connection(
             ^^^^^^^^^^^^^^^^^^^^^^^^^^^^^
    ...<2 lines>...
        host, port)
        ^^^^^^^^^^^
  File "C:\Python313\Lib\asyncio\base_events.py", line 1112, in create_connection
    infos = await self._ensure_resolved(
            ^^^^^^^^^^^^^^^^^^^^^^^^^^^^
        (host, port), family=family,
        ^^^^^^^^^^^^^^^^^^^^^^^^^^^^
        type=socket.SOCK_STREAM, proto=proto, flags=flags, loop=self)
        ^^^^^^^^^^^^^^^^^^^^^^^^^^^^^^^^^^^^^^^^^^^^^^^^^^^^^^^^^^^^^
  File "C:\Python313\Lib\asyncio\base_events.py", line 1495, in _ensure_resolved
    return await loop.getaddrinfo(host, port, family=family, type=type,
           ^^^^^^^^^^^^^^^^^^^^^^^^^^^^^^^^^^^^^^^^^^^^^^^^^^^^^^^^^^^^
                                  proto=proto, flags=flags)
                                  ^^^^^^^^^^^^^^^^^^^^^^^^^
  File "C:\Python313\Lib\asyncio\base_events.py", line 934, in getaddrinfo
    return await self.run_in_executor(
           ^^^^^^^^^^^^^^^^^^^^^^^^^^^
        None, getaddr_func, host, port, family, type, proto, flags)
        ^^^^^^^^^^^^^^^^^^^^^^^^^^^^^^^^^^^^^^^^^^^^^^^^^^^^^^^^^^^
  File "C:\Python313\Lib\concurrent\futures\thread.py", line 59, in run
    result = self.fn(*self.args, **self.kwargs)
  File "C:\Python313\Lib\socket.py", line 975, in getaddrinfo
    for res in _socket.getaddrinfo(host, port, family, type, proto, flags):
               ~~~~~~~~~~~~~~~~~~~^^^^^^^^^^^^^^^^^^^^^^^^^^^^^^^^^^^^^^^^
socket.gaierror: [Errno 11001] getaddrinfo failed
2026-02-08 21:25:05,183 - app.routes.analysis - ERROR - Failed to get statistics: [Errno 11001] getaddrinfo failed
Traceback (most recent call last):
  File "C:\Users\TEST\PhishGuard\backend\app\routes\analysis.py", line 142, in get_stats
    stats = await stats_service.get_statistics(db)
            ^^^^^^^^^^^^^^^^^^^^^^^^^^^^^^^^^^^^^^
  File "C:\Users\TEST\PhishGuard\backend\app\services\stats_service.py", line 77, in get_statistics
    result = await db.execute(select(Statistics).limit(1))
             ^^^^^^^^^^^^^^^^^^^^^^^^^^^^^^^^^^^^^^^^^^^^^
  File "C:\Users\TEST\AppData\Roaming\Python\Python313\site-packages\sqlalchemy\ext\asyncio\session.py", line 461, in execute
    result = await greenlet_spawn(
             ^^^^^^^^^^^^^^^^^^^^^
    ...<6 lines>...
    )
    ^
  File "C:\Users\TEST\AppData\Roaming\Python\Python313\site-packages\sqlalchemy\util\_concurrency_py3k.py", line 201, in greenlet_spawn
    result = context.throw(*sys.exc_info())
  File "C:\Users\TEST\AppData\Roaming\Python\Python313\site-packages\sqlalchemy\orm\session.py", line 2362, in execute
    return self._execute_internal(
           ~~~~~~~~~~~~~~~~~~~~~~^
        statement,
        ^^^^^^^^^^
    ...<4 lines>...
        _add_event=_add_event,
        ^^^^^^^^^^^^^^^^^^^^^^
    )
    ^
  File "C:\Users\TEST\AppData\Roaming\Python\Python313\site-packages\sqlalchemy\orm\session.py", line 2237, in _execute_internal
    conn = self._connection_for_bind(bind)
  File "C:\Users\TEST\AppData\Roaming\Python\Python313\site-packages\sqlalchemy\orm\session.py", line 2106, in _connection_for_bind
    return trans._connection_for_bind(engine, execution_options)
           ~~~~~~~~~~~~~~~~~~~~~~~~~~^^^^^^^^^^^^^^^^^^^^^^^^^^^
  File "<string>", line 2, in _connection_for_bind
  File "C:\Users\TEST\AppData\Roaming\Python\Python313\site-packages\sqlalchemy\orm\state_changes.py", line 139, in _go
    ret_value = fn(self, *arg, **kw)
  File "C:\Users\TEST\AppData\Roaming\Python\Python313\site-packages\sqlalchemy\orm\session.py", line 1189, in _connection_for_bind
    conn = bind.connect()
  File "C:\Users\TEST\AppData\Roaming\Python\Python313\site-packages\sqlalchemy\engine\base.py", line 3278, in connect
    return self._connection_cls(self)
           ~~~~~~~~~~~~~~~~~~~~^^^^^^
  File "C:\Users\TEST\AppData\Roaming\Python\Python313\site-packages\sqlalchemy\engine\base.py", line 146, in __init__
    self._dbapi_connection = engine.raw_connection()
                             ~~~~~~~~~~~~~~~~~~~~~^^
  File "C:\Users\TEST\AppData\Roaming\Python\Python313\site-packages\sqlalchemy\engine\base.py", line 3302, in raw_connection
    return self.pool.connect()
           ~~~~~~~~~~~~~~~~~^^
  File "C:\Users\TEST\AppData\Roaming\Python\Python313\site-packages\sqlalchemy\pool\base.py", line 449, in connect
    return _ConnectionFairy._checkout(self)
           ~~~~~~~~~~~~~~~~~~~~~~~~~~^^^^^^
  File "C:\Users\TEST\AppData\Roaming\Python\Python313\site-packages\sqlalchemy\pool\base.py", line 1263, in _checkout
    fairy = _ConnectionRecord.checkout(pool)
  File "C:\Users\TEST\AppData\Roaming\Python\Python313\site-packages\sqlalchemy\pool\base.py", line 717, in checkout
    with util.safe_reraise():
         ~~~~~~~~~~~~~~~~~^^
  File "C:\Users\TEST\AppData\Roaming\Python\Python313\site-packages\sqlalchemy\util\langhelpers.py", line 146, in __exit__
    raise exc_value.with_traceback(exc_tb)
  File "C:\Users\TEST\AppData\Roaming\Python\Python313\site-packages\sqlalchemy\pool\base.py", line 715, in checkout
    dbapi_connection = rec.get_connection()
  File "C:\Users\TEST\AppData\Roaming\Python\Python313\site-packages\sqlalchemy\pool\base.py", line 837, in get_connection
    self.__connect()
    ~~~~~~~~~~~~~~^^
  File "C:\Users\TEST\AppData\Roaming\Python\Python313\site-packages\sqlalchemy\pool\base.py", line 900, in __connect
    with util.safe_reraise():
         ~~~~~~~~~~~~~~~~~^^
  File "C:\Users\TEST\AppData\Roaming\Python\Python313\site-packages\sqlalchemy\util\langhelpers.py", line 146, in __exit__
    raise exc_value.with_traceback(exc_tb)
  File "C:\Users\TEST\AppData\Roaming\Python\Python313\site-packages\sqlalchemy\pool\base.py", line 896, in __connect
    self.dbapi_connection = connection = pool._invoke_creator(self)
                                         ~~~~~~~~~~~~~~~~~~~~^^^^^^
  File "C:\Users\TEST\AppData\Roaming\Python\Python313\site-packages\sqlalchemy\engine\create.py", line 643, in connect
    return dialect.connect(*cargs, **cparams)
           ~~~~~~~~~~~~~~~^^^^^^^^^^^^^^^^^^^
  File "C:\Users\TEST\AppData\Roaming\Python\Python313\site-packages\sqlalchemy\engine\default.py", line 621, in connect
    return self.loaded_dbapi.connect(*cargs, **cparams)
           ~~~~~~~~~~~~~~~~~~~~~~~~~^^^^^^^^^^^^^^^^^^^
  File "C:\Users\TEST\AppData\Roaming\Python\Python313\site-packages\sqlalchemy\dialects\postgresql\asyncpg.py", line 949, in connect
    await_only(creator_fn(*arg, **kw)),
    ~~~~~~~~~~^^^^^^^^^^^^^^^^^^^^^^^^
  File "C:\Users\TEST\AppData\Roaming\Python\Python313\site-packages\sqlalchemy\util\_concurrency_py3k.py", line 132, in await_only
    return current.parent.switch(awaitable)  # type: ignore[no-any-return,attr-defined] # noqa: E501
           ~~~~~~~~~~~~~~~~~~~~~^^^^^^^^^^^
  File "C:\Users\TEST\AppData\Roaming\Python\Python313\site-packages\sqlalchemy\util\_concurrency_py3k.py", line 196, in greenlet_spawn
    value = await result
            ^^^^^^^^^^^^
  File "C:\Users\TEST\AppData\Roaming\Python\Python313\site-packages\asyncpg\connection.py", line 2443, in connect
    return await connect_utils._connect(
           ^^^^^^^^^^^^^^^^^^^^^^^^^^^^^
    ...<22 lines>...
    )
    ^
  File "C:\Users\TEST\AppData\Roaming\Python\Python313\site-packages\asyncpg\connect_utils.py", line 1249, in _connect
    raise last_error or exceptions.TargetServerAttributeNotMatched(
    ...<2 lines>...
    )
  File "C:\Users\TEST\AppData\Roaming\Python\Python313\site-packages\asyncpg\connect_utils.py", line 1218, in _connect
    conn = await _connect_addr(
           ^^^^^^^^^^^^^^^^^^^^
    ...<6 lines>...
    )
    ^
  File "C:\Users\TEST\AppData\Roaming\Python\Python313\site-packages\asyncpg\connect_utils.py", line 1050, in _connect_addr
    return await __connect_addr(params, False, *args)
           ^^^^^^^^^^^^^^^^^^^^^^^^^^^^^^^^^^^^^^^^^^
  File "C:\Users\TEST\AppData\Roaming\Python\Python313\site-packages\asyncpg\connect_utils.py", line 1099, in __connect_addr
    tr, pr = await connector
             ^^^^^^^^^^^^^^^
  File "C:\Users\TEST\AppData\Roaming\Python\Python313\site-packages\asyncpg\connect_utils.py", line 969, in _create_ssl_connection
    tr, pr = await loop.create_connection(
             ^^^^^^^^^^^^^^^^^^^^^^^^^^^^^
    ...<2 lines>...
        host, port)
        ^^^^^^^^^^^
  File "C:\Python313\Lib\asyncio\base_events.py", line 1112, in create_connection
    infos = await self._ensure_resolved(
            ^^^^^^^^^^^^^^^^^^^^^^^^^^^^
        (host, port), family=family,
        ^^^^^^^^^^^^^^^^^^^^^^^^^^^^
        type=socket.SOCK_STREAM, proto=proto, flags=flags, loop=self)
        ^^^^^^^^^^^^^^^^^^^^^^^^^^^^^^^^^^^^^^^^^^^^^^^^^^^^^^^^^^^^^
  File "C:\Python313\Lib\asyncio\base_events.py", line 1495, in _ensure_resolved
    return await loop.getaddrinfo(host, port, family=family, type=type,
           ^^^^^^^^^^^^^^^^^^^^^^^^^^^^^^^^^^^^^^^^^^^^^^^^^^^^^^^^^^^^
                                  proto=proto, flags=flags)
                                  ^^^^^^^^^^^^^^^^^^^^^^^^^
  File "C:\Python313\Lib\asyncio\base_events.py", line 934, in getaddrinfo
    return await self.run_in_executor(
           ^^^^^^^^^^^^^^^^^^^^^^^^^^^
        None, getaddr_func, host, port, family, type, proto, flags)
        ^^^^^^^^^^^^^^^^^^^^^^^^^^^^^^^^^^^^^^^^^^^^^^^^^^^^^^^^^^^
  File "C:\Python313\Lib\concurrent\futures\thread.py", line 59, in run
    result = self.fn(*self.args, **self.kwargs)
  File "C:\Python313\Lib\socket.py", line 975, in getaddrinfo
    for res in _socket.getaddrinfo(host, port, family, type, proto, flags):
               ~~~~~~~~~~~~~~~~~~~^^^^^^^^^^^^^^^^^^^^^^^^^^^^^^^^^^^^^^^^
socket.gaierror: [Errno 11001] getaddrinfo failed
2026-02-08 21:36:59,814 - app.services.gmail_service - INFO - Gmail OAuth credentials loaded successfully
2026-02-08 21:36:59,835 - app.services.outlook_service - WARNING - Microsoft OAuth credentials not found in environment
2026-02-08 21:36:59,884 - app.main - INFO - Starting PhishGuard AI...
2026-02-08 21:37:02,352 - app.main - INFO - Database initialized
2026-02-08 21:47:44,594 - googleapiclient.discovery_cache - INFO - file_cache is only supported with oauth2client<4.0.0
2026-02-08 21:47:45,591 - google_auth_httplib2 - INFO - Refreshing credentials due to a 401 response. Attempt 1/2.
2026-02-08 21:47:46,621 - app.services.gmail_service - INFO - Retrieved 20 emails from Gmail
2026-02-08 21:47:51,463 - googleapiclient.discovery_cache - INFO - file_cache is only supported with oauth2client<4.0.0
2026-02-08 21:47:52,093 - google_auth_httplib2 - INFO - Refreshing credentials due to a 401 response. Attempt 1/2.
2026-02-08 21:47:53,108 - app.services.gmail_service - INFO - Retrieved 20 emails from Gmail
2026-02-08 21:48:00,431 - googleapiclient.discovery_cache - INFO - file_cache is only supported with oauth2client<4.0.0
2026-02-08 21:48:01,341 - google_auth_httplib2 - INFO - Refreshing credentials due to a 401 response. Attempt 1/2.
2026-02-08 21:48:02,448 - app.services.gmail_service - INFO - Retrieved email content for message ID: 19c3de0b3647c058
2026-02-08 21:48:03,011 - app.routes.analysis - INFO - User ayaa98114@gmail.com analyzing email content (length: 1274)
2026-02-08 21:48:03,393 - app.routes.analysis - INFO - Email analysis complete: safe (confidence: 81.53208566577791%)
2026-02-08 22:06:36,892 - googleapiclient.discovery_cache - INFO - file_cache is only supported with oauth2client<4.0.0
2026-02-08 22:06:37,679 - google_auth_httplib2 - INFO - Refreshing credentials due to a 401 response. Attempt 1/2.
2026-02-08 22:06:38,680 - app.services.gmail_service - INFO - Retrieved 20 emails from Gmail
2026-02-08 22:06:43,150 - googleapiclient.discovery_cache - INFO - file_cache is only supported with oauth2client<4.0.0
2026-02-08 22:06:43,879 - google_auth_httplib2 - INFO - Refreshing credentials due to a 401 response. Attempt 1/2.
2026-02-08 22:06:44,777 - app.services.gmail_service - INFO - Retrieved 20 emails from Gmail
2026-02-08 22:08:17,208 - app.routes.analysis - INFO - User ayaa98114@gmail.com analyzing email content (length: 6)
2026-02-08 22:08:17,478 - app.routes.analysis - INFO - Email analysis complete: safe (confidence: 85.0051792122048%)
2026-02-08 22:08:39,902 - app.routes.analysis - INFO - User ayaa98114@gmail.com analyzing URL: xcvb
2026-02-08 22:08:40,421 - app.routes.analysis - INFO - URL analysis complete: dangerous (confidence: 99.99359361985422%)
2026-02-08 22:34:17,810 - app.routes.auth - INFO - User logged in: ayaa98114@gmail.com
2026-02-08 22:34:40,633 - app.routes.auth - INFO - User logged in: ayaa98114@gmail.com
2026-02-08 22:34:46,368 - googleapiclient.discovery_cache - INFO - file_cache is only supported with oauth2client<4.0.0
2026-02-08 22:34:47,240 - google_auth_httplib2 - INFO - Refreshing credentials due to a 401 response. Attempt 1/2.
2026-02-08 22:34:48,322 - app.services.gmail_service - INFO - Retrieved 20 emails from Gmail
2026-02-08 22:34:52,907 - googleapiclient.discovery_cache - INFO - file_cache is only supported with oauth2client<4.0.0
2026-02-08 22:34:53,556 - google_auth_httplib2 - INFO - Refreshing credentials due to a 401 response. Attempt 1/2.
2026-02-08 22:34:54,664 - app.services.gmail_service - INFO - Retrieved 20 emails from Gmail
2026-02-08 22:51:37,920 - app.routes.auth - INFO - User logged in: ayaa98114@gmail.com
2026-02-09 01:14:25,950 - app.routes.auth - INFO - User logged in: ayaa98114@gmail.com
2026-02-09 01:45:06,751 - app.services.gmail_service - INFO - Gmail OAuth credentials loaded successfully
2026-02-09 01:45:06,770 - app.services.outlook_service - WARNING - Microsoft OAuth credentials not found in environment
2026-02-09 01:45:06,805 - app.main - INFO - Starting PhishGuard AI...
2026-02-09 01:45:08,767 - app.main - INFO - Database initialized
2026-02-09 01:55:19,379 - app.services.gmail_service - INFO - Gmail OAuth credentials loaded successfully
2026-02-09 01:55:19,392 - app.services.outlook_service - WARNING - Microsoft OAuth credentials not found in environment
2026-02-09 01:55:19,424 - app.main - INFO - Starting PhishGuard AI...
2026-02-09 01:55:21,494 - app.main - INFO - Database initialized
2026-02-09 02:04:12,304 - app.routes.auth - INFO - User logged in: ayaa98114@gmail.com
2026-02-09 02:04:22,535 - googleapiclient.discovery_cache - INFO - file_cache is only supported with oauth2client<4.0.0
2026-02-09 02:04:23,445 - google_auth_httplib2 - INFO - Refreshing credentials due to a 401 response. Attempt 1/2.
2026-02-09 02:04:24,535 - app.services.gmail_service - INFO - Retrieved 20 emails from Gmail
2026-02-09 02:04:29,829 - googleapiclient.discovery_cache - INFO - file_cache is only supported with oauth2client<4.0.0
2026-02-09 02:04:30,609 - google_auth_httplib2 - INFO - Refreshing credentials due to a 401 response. Attempt 1/2.
2026-02-09 02:04:31,621 - app.services.gmail_service - INFO - Retrieved 20 emails from Gmail
2026-02-09 03:38:34,248 - app.routes.auth - INFO - User logged in: ayaa98114@gmail.com
2026-02-09 03:38:58,181 - googleapiclient.discovery_cache - INFO - file_cache is only supported with oauth2client<4.0.0
2026-02-09 03:38:59,114 - google_auth_httplib2 - INFO - Refreshing credentials due to a 401 response. Attempt 1/2.
2026-02-09 03:39:00,205 - app.services.gmail_service - INFO - Retrieved 20 emails from Gmail
2026-02-09 03:39:05,206 - googleapiclient.discovery_cache - INFO - file_cache is only supported with oauth2client<4.0.0
2026-02-09 03:39:05,968 - google_auth_httplib2 - INFO - Refreshing credentials due to a 401 response. Attempt 1/2.
2026-02-09 03:39:07,031 - app.services.gmail_service - INFO - Retrieved 20 emails from Gmail
2026-02-09 20:43:01,253 - app.services.gmail_service - INFO - Gmail OAuth credentials loaded successfully
2026-02-09 20:43:01,288 - app.services.outlook_service - WARNING - Microsoft OAuth credentials not found in environment
2026-02-09 20:43:01,346 - app.main - INFO - Starting PhishGuard AI...
2026-02-09 20:43:03,927 - app.main - INFO - Database initialized
2026-02-09 23:02:29,697 - app.main - INFO - Shutting down PhishGuard AI...
2026-02-09 23:16:20,460 - app.services.gmail_service - INFO - Gmail OAuth credentials loaded successfully
2026-02-09 23:16:20,481 - fastapi - ERROR - Form data requires "python-multipart" to be installed. 
You can install "python-multipart" with: 

pip install python-multipart

2026-02-09 23:16:52,929 - app.services.gmail_service - INFO - Gmail OAuth credentials loaded successfully
2026-02-09 23:16:52,939 - fastapi - ERROR - Form data requires "python-multipart" to be installed. 
You can install "python-multipart" with: 

pip install python-multipart

2026-02-09 23:17:41,441 - app.services.gmail_service - INFO - Gmail OAuth credentials loaded successfully
2026-02-09 23:17:41,480 - app.services.outlook_service - WARNING - Microsoft OAuth credentials not found in environment
2026-02-09 23:17:41,539 - app.main - INFO - Starting PhishGuard AI...
2026-02-09 23:17:44,043 - app.main - INFO - Database initialized
2026-02-09 23:29:02,809 - app.services.gmail_service - INFO - Gmail OAuth credentials loaded successfully
2026-02-09 23:29:02,846 - app.services.outlook_service - WARNING - Microsoft OAuth credentials not found in environment
2026-02-09 23:29:02,891 - app.main - INFO - Starting PhishGuard AI...
2026-02-09 23:29:04,871 - app.main - INFO - Database initialized
2026-02-09 23:32:39,212 - app.routes.auth - INFO - User logged in: ayaa98114@gmail.com
2026-02-10 00:17:55,066 - googleapiclient.discovery_cache - INFO - file_cache is only supported with oauth2client<4.0.0
2026-02-10 00:17:55,840 - google_auth_httplib2 - INFO - Refreshing credentials due to a 401 response. Attempt 1/2.
2026-02-10 00:17:56,800 - app.services.gmail_service - INFO - Retrieved 20 emails from Gmail
2026-02-10 00:18:01,803 - googleapiclient.discovery_cache - INFO - file_cache is only supported with oauth2client<4.0.0
2026-02-10 00:18:02,656 - google_auth_httplib2 - INFO - Refreshing credentials due to a 401 response. Attempt 1/2.
2026-02-10 00:18:03,595 - app.services.gmail_service - INFO - Retrieved 20 emails from Gmail
2026-02-10 00:28:52,360 - googleapiclient.discovery_cache - INFO - file_cache is only supported with oauth2client<4.0.0
2026-02-10 00:28:53,042 - google_auth_httplib2 - INFO - Refreshing credentials due to a 401 response. Attempt 1/2.
2026-02-10 00:28:54,012 - app.services.gmail_service - INFO - Retrieved 20 emails from Gmail
2026-02-10 00:28:58,427 - googleapiclient.discovery_cache - INFO - file_cache is only supported with oauth2client<4.0.0
2026-02-10 00:28:59,303 - google_auth_httplib2 - INFO - Refreshing credentials due to a 401 response. Attempt 1/2.
2026-02-10 00:29:00,407 - app.services.gmail_service - INFO - Retrieved 20 emails from Gmail
2026-02-10 04:13:07,231 - app.routes.auth - INFO - User logged in: ayaa98114@gmail.com
2026-02-10 04:14:04,608 - googleapiclient.discovery_cache - INFO - file_cache is only supported with oauth2client<4.0.0
2026-02-10 04:14:05,573 - google_auth_httplib2 - INFO - Refreshing credentials due to a 401 response. Attempt 1/2.
2026-02-10 04:14:06,652 - app.services.gmail_service - INFO - Retrieved 20 emails from Gmail
2026-02-10 04:14:11,266 - googleapiclient.discovery_cache - INFO - file_cache is only supported with oauth2client<4.0.0
2026-02-10 04:14:11,954 - google_auth_httplib2 - INFO - Refreshing credentials due to a 401 response. Attempt 1/2.
2026-02-10 04:14:12,892 - app.services.gmail_service - INFO - Retrieved 20 emails from Gmail
2026-02-10 04:14:17,710 - app.routes.analysis - INFO - User ayaa98114@gmail.com analyzing email content (length: 3)
2026-02-10 04:14:18,352 - app.routes.analysis - INFO - Email analysis complete: safe (confidence: 85.0051792122048%)
2026-02-10 04:14:29,346 - app.routes.analysis - INFO - User ayaa98114@gmail.com analyzing email content (length: 3)
2026-02-10 04:14:29,727 - app.routes.analysis - INFO - Email analysis complete: safe (confidence: 85.0051792122048%)
2026-02-10 04:14:35,568 - app.routes.analysis - INFO - User ayaa98114@gmail.com analyzing email content (length: 3)
2026-02-10 04:14:35,928 - app.routes.analysis - INFO - Email analysis complete: safe (confidence: 85.0051792122048%)
2026-02-10 04:15:37,766 - app.routes.analysis - INFO - User ayaa98114@gmail.com analyzing email content (length: 2425)
2026-02-10 04:15:37,942 - app.routes.analysis - INFO - Email analysis complete: safe (confidence: 84.18920373473802%)
2026-02-10 04:16:09,006 - app.routes.analysis - INFO - User ayaa98114@gmail.com analyzing URL: dfgh
2026-02-10 04:16:09,221 - app.routes.analysis - INFO - URL analysis complete: dangerous (confidence: 99.99359361985422%)
2026-02-10 04:19:44,108 - googleapiclient.discovery_cache - INFO - file_cache is only supported with oauth2client<4.0.0
2026-02-10 04:19:44,863 - google_auth_httplib2 - INFO - Refreshing credentials due to a 401 response. Attempt 1/2.
2026-02-10 04:19:45,965 - app.services.gmail_service - INFO - Retrieved 20 emails from Gmail
2026-02-10 04:19:50,375 - googleapiclient.discovery_cache - INFO - file_cache is only supported with oauth2client<4.0.0
2026-02-10 04:19:51,205 - google_auth_httplib2 - INFO - Refreshing credentials due to a 401 response. Attempt 1/2.
2026-02-10 04:19:52,205 - app.services.gmail_service - INFO - Retrieved 20 emails from Gmail
2026-02-10 04:25:12,017 - googleapiclient.discovery_cache - INFO - file_cache is only supported with oauth2client<4.0.0
2026-02-10 04:25:12,866 - google_auth_httplib2 - INFO - Refreshing credentials due to a 401 response. Attempt 1/2.
2026-02-10 04:25:13,952 - app.services.gmail_service - INFO - Retrieved 20 emails from Gmail
2026-02-10 04:25:18,257 - googleapiclient.discovery_cache - INFO - file_cache is only supported with oauth2client<4.0.0
2026-02-10 04:25:19,026 - google_auth_httplib2 - INFO - Refreshing credentials due to a 401 response. Attempt 1/2.
2026-02-10 04:25:20,067 - app.services.gmail_service - INFO - Retrieved 20 emails from Gmail
2026-02-10 04:26:12,837 - app.routes.analysis - INFO - User ayaa98114@gmail.com analyzing URL: cvbn,
2026-02-10 04:26:13,004 - app.routes.analysis - INFO - URL analysis complete: dangerous (confidence: 99.99359361985422%)
2026-02-10 04:31:19,770 - app.routes.analysis - INFO - User ayaa98114@gmail.com analyzing URL: vbn,
2026-02-10 04:31:19,952 - app.routes.analysis - INFO - URL analysis complete: dangerous (confidence: 99.99359361985422%)
2026-02-10 04:35:10,188 - app.routes.analysis - INFO - User ayaa98114@gmail.com analyzing email content (length: 4)
2026-02-10 04:35:10,370 - app.routes.analysis - INFO - Email analysis complete: safe (confidence: 85.0051792122048%)
2026-02-10 04:35:34,016 - app.routes.analysis - INFO - User ayaa98114@gmail.com analyzing email content (length: 8)
2026-02-10 04:35:34,191 - app.routes.analysis - INFO - Email analysis complete: safe (confidence: 85.0051792122048%)
2026-02-10 04:35:50,989 - app.routes.analysis - INFO - User ayaa98114@gmail.com analyzing URL: http://localhost:5173/?view=providers
2026-02-10 04:35:51,149 - app.routes.analysis - INFO - URL analysis complete: dangerous (confidence: 99.99359361985422%)
2026-02-10 04:38:33,777 - app.routes.analysis - INFO - User ayaa98114@gmail.com analyzing URL: ttp://paypa1-secure-login.tk/verify
2026-02-10 04:38:33,955 - app.routes.analysis - INFO - URL analysis complete: dangerous (confidence: 99.9995258392828%)
2026-02-10 04:39:08,556 - app.routes.analysis - INFO - User ayaa98114@gmail.com analyzing email content (length: 44)
2026-02-10 04:39:08,730 - app.routes.analysis - INFO - Email analysis complete: suspicious (confidence: 81.71119925883151%)
2026-02-10 04:43:02,866 - app.routes.analysis - INFO - User ayaa98114@gmail.com analyzing email content (length: 44)
2026-02-10 04:43:03,078 - app.routes.analysis - INFO - Email analysis complete: suspicious (confidence: 81.71119925883151%)
2026-02-10 04:43:28,333 - app.routes.analysis - INFO - User ayaa98114@gmail.com analyzing URL: vbn,;
2026-02-10 04:43:28,505 - app.routes.analysis - INFO - URL analysis complete: dangerous (confidence: 99.99359361985422%)
2026-02-10 04:43:51,576 - app.routes.analysis - INFO - User ayaa98114@gmail.com analyzing URL: vbn,
2026-02-10 04:43:51,730 - app.routes.analysis - INFO - URL analysis complete: dangerous (confidence: 99.99359361985422%)
2026-02-10 04:45:09,064 - app.routes.analysis - INFO - User ayaa98114@gmail.com analyzing URL: vbhnj,
2026-02-10 04:45:09,225 - app.routes.analysis - INFO - URL analysis complete: dangerous (confidence: 99.99359361985422%)
2026-02-10 04:50:14,980 - app.routes.analysis - INFO - User ayaa98114@gmail.com analyzing URL: vbn,
2026-02-10 04:50:15,140 - app.routes.analysis - INFO - URL analysis complete: dangerous (confidence: 99.99359361985422%)
2026-02-10 04:52:04,971 - app.routes.analysis - INFO - User ayaa98114@gmail.com analyzing email content (length: 6)
2026-02-10 04:52:05,151 - app.routes.analysis - INFO - Email analysis complete: safe (confidence: 85.0051792122048%)
2026-02-10 05:02:24,327 - googleapiclient.discovery_cache - INFO - file_cache is only supported with oauth2client<4.0.0
2026-02-10 05:02:25,049 - google_auth_httplib2 - INFO - Refreshing credentials due to a 401 response. Attempt 1/2.
2026-02-10 05:02:26,150 - app.services.gmail_service - INFO - Retrieved 20 emails from Gmail
2026-02-10 05:02:31,199 - googleapiclient.discovery_cache - INFO - file_cache is only supported with oauth2client<4.0.0
2026-02-10 05:02:31,986 - google_auth_httplib2 - INFO - Refreshing credentials due to a 401 response. Attempt 1/2.
2026-02-10 05:02:33,027 - app.services.gmail_service - INFO - Retrieved 20 emails from Gmail
2026-02-10 05:02:40,335 - googleapiclient.discovery_cache - INFO - file_cache is only supported with oauth2client<4.0.0
2026-02-10 05:02:41,175 - google_auth_httplib2 - INFO - Refreshing credentials due to a 401 response. Attempt 1/2.
2026-02-10 05:02:42,192 - app.services.gmail_service - INFO - Retrieved email content for message ID: 19c436d612d17933
2026-02-10 05:02:43,017 - app.routes.analysis - INFO - User ayaa98114@gmail.com analyzing email content (length: 7967)
2026-02-10 05:02:43,438 - app.routes.analysis - INFO - Email analysis complete: safe (confidence: 77.01544282164605%)
2026-02-10 05:02:56,136 - app.routes.analysis - INFO - User ayaa98114@gmail.com analyzing URL: vbn,
2026-02-10 05:02:56,294 - app.routes.analysis - INFO - URL analysis complete: dangerous (confidence: 99.99359361985422%)
2026-02-10 13:52:17,702 - app.services.gmail_service - INFO - Gmail OAuth credentials loaded successfully
2026-02-10 13:52:17,731 - app.services.outlook_service - WARNING - Microsoft OAuth credentials not found in environment
2026-02-10 13:52:17,766 - app.main - INFO - Starting PhishGuard AI...
2026-02-10 13:52:19,832 - app.main - INFO - Database initialized
2026-02-10 13:58:43,813 - app.routes.auth - INFO - User logged in: ayaa98114@gmail.com
2026-02-10 14:51:23,113 - app.routes.auth - INFO - User logged in: ayaa98114@gmail.com
2026-02-10 16:18:29,627 - googleapiclient.discovery_cache - INFO - file_cache is only supported with oauth2client<4.0.0
2026-02-10 16:18:30,609 - google_auth_httplib2 - INFO - Refreshing credentials due to a 401 response. Attempt 1/2.
2026-02-10 16:18:31,836 - app.services.gmail_service - INFO - Retrieved 20 emails from Gmail
2026-02-10 16:18:36,682 - googleapiclient.discovery_cache - INFO - file_cache is only supported with oauth2client<4.0.0
2026-02-10 16:18:37,420 - google_auth_httplib2 - INFO - Refreshing credentials due to a 401 response. Attempt 1/2.
2026-02-10 16:18:38,512 - app.services.gmail_service - INFO - Retrieved 20 emails from Gmail
2026-02-10 17:11:07,498 - app.routes.auth - INFO - User logged in: ayaa98114@gmail.com
2026-02-10 17:33:56,041 - googleapiclient.discovery_cache - INFO - file_cache is only supported with oauth2client<4.0.0
2026-02-10 17:33:56,717 - google_auth_httplib2 - INFO - Refreshing credentials due to a 401 response. Attempt 1/2.
2026-02-10 17:33:57,606 - app.services.gmail_service - INFO - Retrieved 20 emails from Gmail
2026-02-10 17:34:02,191 - googleapiclient.discovery_cache - INFO - file_cache is only supported with oauth2client<4.0.0
2026-02-10 17:34:02,764 - google_auth_httplib2 - INFO - Refreshing credentials due to a 401 response. Attempt 1/2.
2026-02-10 17:34:03,595 - app.services.gmail_service - INFO - Retrieved 20 emails from Gmail
2026-02-10 17:36:15,318 - app.routes.auth - INFO - User logged in: ayaa98114@gmail.com
2026-02-10 17:36:46,964 - googleapiclient.discovery_cache - INFO - file_cache is only supported with oauth2client<4.0.0
2026-02-10 17:36:47,803 - google_auth_httplib2 - INFO - Refreshing credentials due to a 401 response. Attempt 1/2.
2026-02-10 17:36:48,931 - app.services.gmail_service - INFO - Retrieved 20 emails from Gmail
2026-02-10 17:36:53,511 - googleapiclient.discovery_cache - INFO - file_cache is only supported with oauth2client<4.0.0
2026-02-10 17:36:54,234 - google_auth_httplib2 - INFO - Refreshing credentials due to a 401 response. Attempt 1/2.
2026-02-10 17:36:55,316 - app.services.gmail_service - INFO - Retrieved 20 emails from Gmail
2026-02-10 17:39:51,492 - app.routes.analysis - INFO - User ayaa98114@gmail.com analyzing URL: wcxcvb
2026-02-10 17:39:52,082 - app.routes.analysis - INFO - URL analysis complete: dangerous (confidence: 99.99359361985422%)
2026-02-10 17:52:01,824 - googleapiclient.discovery_cache - INFO - file_cache is only supported with oauth2client<4.0.0
2026-02-10 17:52:02,714 - google_auth_httplib2 - INFO - Refreshing credentials due to a 401 response. Attempt 1/2.
2026-02-10 17:52:03,835 - app.services.gmail_service - INFO - Retrieved 20 emails from Gmail
2026-02-10 17:52:08,752 - googleapiclient.discovery_cache - INFO - file_cache is only supported with oauth2client<4.0.0
2026-02-10 17:52:09,587 - google_auth_httplib2 - INFO - Refreshing credentials due to a 401 response. Attempt 1/2.
2026-02-10 17:52:10,706 - app.services.gmail_service - INFO - Retrieved 20 emails from Gmail
2026-02-10 17:54:15,871 - app.services.gmail_service - INFO - Generated Gmail authorization URL
2026-02-10 17:54:26,040 - googleapiclient.discovery_cache - INFO - file_cache is only supported with oauth2client<4.0.0
2026-02-10 17:54:26,870 - google_auth_httplib2 - INFO - Refreshing credentials due to a 401 response. Attempt 1/2.
2026-02-10 17:54:27,993 - app.services.gmail_service - INFO - Retrieved 20 emails from Gmail
2026-02-10 17:54:32,724 - googleapiclient.discovery_cache - INFO - file_cache is only supported with oauth2client<4.0.0
2026-02-10 17:54:33,604 - google_auth_httplib2 - INFO - Refreshing credentials due to a 401 response. Attempt 1/2.
2026-02-10 17:54:34,757 - app.services.gmail_service - INFO - Retrieved 20 emails from Gmail
2026-02-10 17:55:53,828 - app.services.unified_email_service - ERROR - Failed to get auth URL for EmailProvider.OUTLOOK: Microsoft OAuth not configured
2026-02-10 17:55:53,830 - app.routes.email_providers - ERROR - Failed to generate auth URL for outlook: Microsoft OAuth not configured
2026-02-10 17:56:49,063 - app.services.unified_email_service - ERROR - Failed to get auth URL for EmailProvider.OUTLOOK: Microsoft OAuth not configured
2026-02-10 17:56:49,064 - app.routes.email_providers - ERROR - Failed to generate auth URL for outlook: Microsoft OAuth not configured
2026-02-10 18:02:27,732 - googleapiclient.discovery_cache - INFO - file_cache is only supported with oauth2client<4.0.0
2026-02-10 18:02:29,299 - google_auth_httplib2 - INFO - Refreshing credentials due to a 401 response. Attempt 1/2.
2026-02-10 18:02:30,688 - app.services.gmail_service - INFO - Retrieved 20 emails from Gmail
2026-02-10 18:02:36,481 - googleapiclient.discovery_cache - INFO - file_cache is only supported with oauth2client<4.0.0
2026-02-10 18:02:37,282 - google_auth_httplib2 - INFO - Refreshing credentials due to a 401 response. Attempt 1/2.
2026-02-10 18:02:38,369 - app.services.gmail_service - INFO - Retrieved 20 emails from Gmail
2026-02-10 18:03:08,181 - googleapiclient.discovery_cache - INFO - file_cache is only supported with oauth2client<4.0.0
2026-02-10 18:03:09,128 - google_auth_httplib2 - INFO - Refreshing credentials due to a 401 response. Attempt 1/2.
2026-02-10 18:03:10,317 - app.services.gmail_service - INFO - Retrieved 20 emails from Gmail
2026-02-10 18:03:15,555 - googleapiclient.discovery_cache - INFO - file_cache is only supported with oauth2client<4.0.0
2026-02-10 18:03:16,297 - google_auth_httplib2 - INFO - Refreshing credentials due to a 401 response. Attempt 1/2.
2026-02-10 18:03:17,327 - app.services.gmail_service - INFO - Retrieved 20 emails from Gmail
2026-02-10 18:05:36,560 - googleapiclient.discovery_cache - INFO - file_cache is only supported with oauth2client<4.0.0
2026-02-10 18:05:37,511 - google_auth_httplib2 - INFO - Refreshing credentials due to a 401 response. Attempt 1/2.
2026-02-10 18:05:38,911 - app.services.gmail_service - INFO - Retrieved email content for message ID: 19c413e29e61df16
2026-02-10 18:05:39,343 - googleapiclient.discovery_cache - INFO - file_cache is only supported with oauth2client<4.0.0
2026-02-10 18:05:40,287 - google_auth_httplib2 - INFO - Refreshing credentials due to a 401 response. Attempt 1/2.
2026-02-10 18:05:41,534 - app.services.gmail_service - INFO - Retrieved email content for message ID: 19c3f56398a7dec6
2026-02-10 18:05:41,537 - app.routes.analysis - INFO - User ayaa98114@gmail.com analyzing email content (length: 40033)
2026-02-10 18:05:41,867 - app.routes.analysis - INFO - Email analysis complete: safe (confidence: 77.8267955379441%)
2026-02-10 18:05:42,108 - app.routes.analysis - INFO - User ayaa98114@gmail.com analyzing email content (length: 6101)
2026-02-10 18:05:42,399 - app.routes.analysis - INFO - Email analysis complete: suspicious (confidence: 82.55931775481231%)
2026-02-10 18:05:44,965 - googleapiclient.discovery_cache - INFO - file_cache is only supported with oauth2client<4.0.0
2026-02-10 18:05:45,910 - google_auth_httplib2 - INFO - Refreshing credentials due to a 401 response. Attempt 1/2.
2026-02-10 18:05:47,191 - app.services.gmail_service - INFO - Retrieved email content for message ID: 19c482d280cea959
2026-02-10 18:05:56,386 - app.routes.analysis - INFO - User ayaa98114@gmail.com starting bulk analysis of 1 emails
2026-02-10 18:05:56,559 - app.routes.analysis - INFO - Bulk analysis complete: 1 emails processed in 0.17s
2026-02-10 18:06:30,152 - googleapiclient.discovery_cache - INFO - file_cache is only supported with oauth2client<4.0.0
2026-02-10 18:06:31,024 - google_auth_httplib2 - INFO - Refreshing credentials due to a 401 response. Attempt 1/2.
2026-02-10 18:06:32,109 - app.services.gmail_service - INFO - Retrieved 20 emails from Gmail
2026-02-10 18:06:36,771 - googleapiclient.discovery_cache - INFO - file_cache is only supported with oauth2client<4.0.0
2026-02-10 18:06:37,574 - google_auth_httplib2 - INFO - Refreshing credentials due to a 401 response. Attempt 1/2.
2026-02-10 18:06:38,644 - app.services.gmail_service - INFO - Retrieved 20 emails from Gmail
2026-02-10 18:06:46,063 - googleapiclient.discovery_cache - INFO - file_cache is only supported with oauth2client<4.0.0
2026-02-10 18:06:46,825 - google_auth_httplib2 - INFO - Refreshing credentials due to a 401 response. Attempt 1/2.
2026-02-10 18:06:47,954 - app.services.gmail_service - INFO - Retrieved 20 emails from Gmail
2026-02-10 18:06:52,638 - googleapiclient.discovery_cache - INFO - file_cache is only supported with oauth2client<4.0.0
2026-02-10 18:06:53,452 - google_auth_httplib2 - INFO - Refreshing credentials due to a 401 response. Attempt 1/2.
2026-02-10 18:06:54,557 - app.services.gmail_service - INFO - Retrieved 20 emails from Gmail
2026-02-10 18:12:32,484 - app.services.gmail_service - INFO - Gmail OAuth credentials loaded successfully
2026-02-10 18:12:32,527 - app.services.outlook_service - WARNING - Microsoft OAuth credentials not found in environment
2026-02-10 18:12:32,585 - app.main - INFO - Starting PhishGuard AI...
2026-02-10 18:12:34,725 - app.main - INFO - Database initialized
2026-02-10 21:17:49,379 - googleapiclient.discovery_cache - INFO - file_cache is only supported with oauth2client<4.0.0
2026-02-10 21:17:50,440 - google_auth_httplib2 - INFO - Refreshing credentials due to a 401 response. Attempt 1/2.
2026-02-10 21:17:53,072 - app.services.gmail_service - INFO - Retrieved 20 emails from Gmail
2026-02-10 21:18:02,923 - googleapiclient.discovery_cache - INFO - file_cache is only supported with oauth2client<4.0.0
2026-02-10 21:18:03,703 - google_auth_httplib2 - INFO - Refreshing credentials due to a 401 response. Attempt 1/2.
2026-02-10 21:18:05,023 - app.services.gmail_service - INFO - Retrieved 20 emails from Gmail
2026-02-10 21:23:24,426 - app.routes.auth - INFO - User logged in: ayaa98114@gmail.com
2026-02-10 21:25:30,343 - app.routes.analysis - INFO - User ayaa98114@gmail.com analyzing URL: wxcvbn
2026-02-10 21:25:30,905 - app.routes.analysis - INFO - URL analysis complete: dangerous (confidence: 99.99359361985422%)
2026-02-10 21:26:58,320 - googleapiclient.discovery_cache - INFO - file_cache is only supported with oauth2client<4.0.0
2026-02-10 21:26:59,216 - google_auth_httplib2 - INFO - Refreshing credentials due to a 401 response. Attempt 1/2.
2026-02-10 21:27:00,380 - app.services.gmail_service - INFO - Retrieved 20 emails from Gmail
2026-02-10 21:27:05,131 - googleapiclient.discovery_cache - INFO - file_cache is only supported with oauth2client<4.0.0
2026-02-10 21:27:06,024 - google_auth_httplib2 - INFO - Refreshing credentials due to a 401 response. Attempt 1/2.
2026-02-10 21:27:07,116 - app.services.gmail_service - INFO - Retrieved 20 emails from Gmail
2026-02-10 21:28:15,384 - app.services.unified_email_service - ERROR - Failed to get auth URL for EmailProvider.OUTLOOK: Microsoft OAuth not configured
2026-02-10 21:28:15,387 - app.routes.email_providers - ERROR - Failed to generate auth URL for outlook: Microsoft OAuth not configured
2026-02-10 21:28:20,586 - app.services.gmail_service - INFO - Generated Gmail authorization URL
2026-02-10 21:28:28,579 - googleapiclient.discovery_cache - INFO - file_cache is only supported with oauth2client<4.0.0
2026-02-10 21:28:29,474 - google_auth_httplib2 - INFO - Refreshing credentials due to a 401 response. Attempt 1/2.
2026-02-10 21:28:30,627 - app.services.gmail_service - INFO - Retrieved 20 emails from Gmail
2026-02-10 21:28:35,390 - googleapiclient.discovery_cache - INFO - file_cache is only supported with oauth2client<4.0.0
2026-02-10 21:28:36,217 - google_auth_httplib2 - INFO - Refreshing credentials due to a 401 response. Attempt 1/2.
2026-02-10 21:28:37,321 - app.services.gmail_service - INFO - Retrieved 20 emails from Gmail
2026-02-10 21:28:42,521 - googleapiclient.discovery_cache - INFO - file_cache is only supported with oauth2client<4.0.0
2026-02-10 21:28:43,411 - google_auth_httplib2 - INFO - Refreshing credentials due to a 401 response. Attempt 1/2.
2026-02-10 21:28:44,539 - app.services.gmail_service - INFO - Retrieved 20 emails from Gmail
2026-02-10 21:28:49,228 - googleapiclient.discovery_cache - INFO - file_cache is only supported with oauth2client<4.0.0
2026-02-10 21:28:49,985 - google_auth_httplib2 - INFO - Refreshing credentials due to a 401 response. Attempt 1/2.
2026-02-10 21:28:51,083 - app.services.gmail_service - INFO - Retrieved 20 emails from Gmail
2026-02-10 21:31:44,363 - googleapiclient.discovery_cache - INFO - file_cache is only supported with oauth2client<4.0.0
2026-02-10 21:31:45,498 - google_auth_httplib2 - INFO - Refreshing credentials due to a 401 response. Attempt 1/2.
2026-02-10 21:31:46,876 - app.services.gmail_service - INFO - Retrieved 20 emails from Gmail
2026-02-10 21:31:51,826 - app.services.gmail_service - INFO - Generated Gmail authorization URL
2026-02-10 21:31:51,962 - googleapiclient.discovery_cache - INFO - file_cache is only supported with oauth2client<4.0.0
2026-02-10 21:31:52,848 - google_auth_httplib2 - INFO - Refreshing credentials due to a 401 response. Attempt 1/2.
2026-02-10 21:31:53,869 - app.services.gmail_service - INFO - Retrieved 20 emails from Gmail
2026-02-10 21:31:59,796 - googleapiclient.discovery_cache - INFO - file_cache is only supported with oauth2client<4.0.0
2026-02-10 21:32:00,555 - google_auth_httplib2 - INFO - Refreshing credentials due to a 401 response. Attempt 1/2.
2026-02-10 21:32:01,585 - app.services.gmail_service - INFO - Retrieved 20 emails from Gmail
2026-02-10 21:32:06,739 - googleapiclient.discovery_cache - INFO - file_cache is only supported with oauth2client<4.0.0
2026-02-10 21:32:07,565 - google_auth_httplib2 - INFO - Refreshing credentials due to a 401 response. Attempt 1/2.
2026-02-10 21:32:08,559 - app.services.gmail_service - INFO - Retrieved 20 emails from Gmail
2026-02-11 14:15:34,297 - app.services.gmail_service - INFO - Gmail OAuth credentials loaded successfully
2026-02-11 14:15:34,336 - app.services.outlook_service - WARNING - Microsoft OAuth credentials not found in environment
2026-02-11 14:15:34,391 - app.main - INFO - Starting PhishGuard AI...
2026-02-11 14:15:37,003 - app.main - INFO - Database initialized
2026-02-11 15:13:25,353 - app.routes.analysis - INFO - User ayaa98114@gmail.com starting bulk analysis of 1 emails
2026-02-11 15:13:25,837 - app.routes.analysis - INFO - Bulk analysis complete: 1 emails processed in 0.48s
2026-02-11 15:13:53,907 - app.routes.analysis - INFO - User ayaa98114@gmail.com starting bulk analysis of 3 emails
2026-02-11 15:13:54,575 - app.routes.analysis - INFO - Bulk analysis complete: 3 emails processed in 0.67s
2026-02-11 15:36:50,051 - app.routes.analysis - INFO - User ayaa98114@gmail.com starting bulk analysis of 1 emails
2026-02-11 15:36:50,298 - app.routes.analysis - INFO - Bulk analysis complete: 1 emails processed in 0.25s
2026-02-11 15:39:08,556 - googleapiclient.discovery_cache - INFO - file_cache is only supported with oauth2client<4.0.0
2026-02-11 15:39:09,386 - google_auth_httplib2 - INFO - Refreshing credentials due to a 401 response. Attempt 1/2.
2026-02-11 15:39:10,534 - app.services.gmail_service - INFO - Retrieved 20 emails from Gmail
2026-02-11 15:39:16,455 - googleapiclient.discovery_cache - INFO - file_cache is only supported with oauth2client<4.0.0
2026-02-11 15:39:17,190 - google_auth_httplib2 - INFO - Refreshing credentials due to a 401 response. Attempt 1/2.
2026-02-11 15:39:18,254 - app.services.gmail_service - INFO - Retrieved 20 emails from Gmail
2026-02-11 15:46:43,584 - app.routes.auth - INFO - User logged in: ayaa98114@gmail.com
2026-02-11 15:47:17,677 - app.routes.analysis - INFO - User ayaa98114@gmail.com analyzing URL: https://www.youtube.com/watch?v=zMX9fSL-w8w
2026-02-11 15:47:17,975 - app.routes.analysis - INFO - URL analysis complete: safe (confidence: 95.84988310580535%)
2026-02-11 15:48:34,447 - googleapiclient.discovery_cache - INFO - file_cache is only supported with oauth2client<4.0.0
2026-02-11 15:48:35,240 - google_auth_httplib2 - INFO - Refreshing credentials due to a 401 response. Attempt 1/2.
2026-02-11 15:48:36,318 - app.services.gmail_service - INFO - Retrieved 20 emails from Gmail
2026-02-11 15:48:41,100 - googleapiclient.discovery_cache - INFO - file_cache is only supported with oauth2client<4.0.0
2026-02-11 15:48:41,792 - google_auth_httplib2 - INFO - Refreshing credentials due to a 401 response. Attempt 1/2.
2026-02-11 15:48:42,658 - app.services.gmail_service - INFO - Retrieved 20 emails from Gmail
2026-02-11 15:51:31,432 - googleapiclient.discovery_cache - INFO - file_cache is only supported with oauth2client<4.0.0
2026-02-11 15:51:32,328 - google_auth_httplib2 - INFO - Refreshing credentials due to a 401 response. Attempt 1/2.
2026-02-11 15:51:33,687 - app.services.gmail_service - INFO - Retrieved 20 emails from Gmail
2026-02-11 15:51:38,982 - googleapiclient.discovery_cache - INFO - file_cache is only supported with oauth2client<4.0.0
2026-02-11 15:51:39,776 - google_auth_httplib2 - INFO - Refreshing credentials due to a 401 response. Attempt 1/2.
2026-02-11 15:51:41,029 - app.services.gmail_service - INFO - Retrieved 20 emails from Gmail
2026-02-11 15:51:48,554 - googleapiclient.discovery_cache - INFO - file_cache is only supported with oauth2client<4.0.0
2026-02-11 15:51:49,415 - google_auth_httplib2 - INFO - Refreshing credentials due to a 401 response. Attempt 1/2.
2026-02-11 15:51:50,871 - app.services.gmail_service - INFO - Retrieved email content for message ID: 19c4cc3fd9a31db4
2026-02-11 15:51:51,612 - app.routes.analysis - INFO - User ayaa98114@gmail.com analyzing email content (length: 1765)
2026-02-11 15:51:51,949 - app.routes.analysis - INFO - Email analysis complete: dangerous (confidence: 95.0%)
2026-02-11 15:52:22,181 - googleapiclient.discovery_cache - INFO - file_cache is only supported with oauth2client<4.0.0
2026-02-11 15:52:23,020 - google_auth_httplib2 - INFO - Refreshing credentials due to a 401 response. Attempt 1/2.
2026-02-11 15:52:24,102 - app.services.gmail_service - INFO - Retrieved email content for message ID: 19c4bd1d17d61004
2026-02-11 15:52:25,645 - app.routes.analysis - INFO - User ayaa98114@gmail.com analyzing email content (length: 5495)
2026-02-11 15:52:26,171 - app.routes.analysis - INFO - Email analysis complete: safe (confidence: 79.58853324514098%)
2026-02-11 15:54:00,118 - app.routes.analysis - INFO - User ayaa98114@gmail.com analyzing email content (length: 937)
2026-02-11 15:54:00,329 - app.routes.analysis - INFO - Email analysis complete: suspicious (confidence: 75.09415361069252%)
2026-02-11 15:55:09,205 - app.routes.analysis - INFO - User ayaa98114@gmail.com analyzing email content (length: 937)
2026-02-11 15:55:09,566 - app.routes.analysis - INFO - Email analysis complete: suspicious (confidence: 75.09415361069252%)
2026-02-11 15:55:22,148 - app.routes.analysis - INFO - User ayaa98114@gmail.com analyzing email content (length: 937)
2026-02-11 15:55:22,415 - app.routes.analysis - INFO - Email analysis complete: suspicious (confidence: 75.09415361069252%)
2026-02-11 16:11:22,376 - app.main - INFO - Shutting down PhishGuard AI...
2026-02-11 16:11:33,875 - app.services.gmail_service - INFO - Gmail OAuth credentials loaded successfully
2026-02-11 16:11:33,892 - app.services.outlook_service - WARNING - Microsoft OAuth credentials not found in environment
2026-02-11 16:11:33,924 - app.main - INFO - Starting PhishGuard AI...
2026-02-11 16:11:35,826 - app.main - INFO - Database initialized
2026-02-11 16:11:48,962 - app.services.gmail_service - INFO - Gmail OAuth credentials loaded successfully
2026-02-11 16:11:48,975 - app.services.outlook_service - WARNING - Microsoft OAuth credentials not found in environment
2026-02-11 16:11:49,006 - app.main - INFO - Starting PhishGuard AI...
2026-02-11 16:11:50,788 - app.main - INFO - Database initialized
2026-02-11 16:16:07,899 - app.routes.analysis - INFO - User ayaa98114@gmail.com analyzing URL: https://mail.google.com/mail/u/0/
2026-02-11 16:16:08,234 - app.routes.analysis - INFO - URL analysis complete: safe (confidence: 63.72427712001453%)
2026-02-11 16:16:09,867 - app.routes.analysis - INFO - User ayaa98114@gmail.com starting progressive analysis: https://mail.google.com/mail/u/0/
2026-02-11 16:16:10,007 - app.routes.analysis - INFO - Progressive analysis complete: safe (confidence: 63.72427712001453%)
2026-02-11 16:17:00,204 - app.routes.analysis - INFO - User ayaa98114@gmail.com analyzing email content (length: 1017)
2026-02-11 16:17:00,358 - app.routes.analysis - INFO - Email analysis complete: dangerous (confidence: 91.8070136195814%)
2026-02-11 16:17:09,075 - app.routes.analysis - INFO - User ayaa98114@gmail.com analyzing email content (length: 1017)
2026-02-11 16:17:09,220 - app.routes.analysis - INFO - Email analysis complete: dangerous (confidence: 91.8070136195814%)
2026-02-11 16:17:13,658 - app.routes.analysis - INFO - User ayaa98114@gmail.com analyzing email content (length: 1017)
2026-02-11 16:17:13,796 - app.routes.analysis - INFO - Email analysis complete: dangerous (confidence: 91.8070136195814%)
2026-02-11 16:17:28,063 - googleapiclient.discovery_cache - INFO - file_cache is only supported with oauth2client<4.0.0
2026-02-11 16:17:28,925 - google_auth_httplib2 - INFO - Refreshing credentials due to a 401 response. Attempt 1/2.
2026-02-11 16:17:30,250 - app.services.gmail_service - INFO - Retrieved 20 emails from Gmail
2026-02-11 16:17:35,215 - googleapiclient.discovery_cache - INFO - file_cache is only supported with oauth2client<4.0.0
2026-02-11 16:17:36,201 - google_auth_httplib2 - INFO - Refreshing credentials due to a 401 response. Attempt 1/2.
2026-02-11 16:17:37,193 - app.services.gmail_service - INFO - Retrieved 20 emails from Gmail
2026-02-11 16:17:41,956 - googleapiclient.discovery_cache - INFO - file_cache is only supported with oauth2client<4.0.0
2026-02-11 16:17:42,663 - google_auth_httplib2 - INFO - Refreshing credentials due to a 401 response. Attempt 1/2.
2026-02-11 16:17:52,310 - app.services.gmail_service - INFO - Retrieved email content for message ID: 19c4cc3fd9a31db4
2026-02-11 16:17:52,889 - app.routes.analysis - INFO - User ayaa98114@gmail.com analyzing email content (length: 1765)
2026-02-11 16:17:53,201 - app.routes.analysis - INFO - Email analysis complete: dangerous (confidence: 95.0%)
2026-02-11 16:20:05,457 - app.routes.analysis - INFO - User ayaa98114@gmail.com analyzing email content (length: 1035)
2026-02-11 16:20:05,597 - app.routes.analysis - INFO - Email analysis complete: dangerous (confidence: 91.8070136195814%)
2026-02-11 16:25:47,680 - app.routes.analysis - INFO - User ayaa98114@gmail.com analyzing email content (length: 1035)
2026-02-11 16:25:47,845 - app.routes.analysis - INFO - Email analysis complete: dangerous (confidence: 91.8070136195814%)
2026-02-11 16:26:22,431 - app.routes.analysis - INFO - User ayaa98114@gmail.com analyzing email content (length: 1035)
2026-02-11 16:26:22,582 - app.routes.analysis - INFO - Email analysis complete: dangerous (confidence: 91.8070136195814%)
2026-02-11 16:27:10,752 - app.routes.analysis - INFO - User ayaa98114@gmail.com starting progressive analysis: https://chatgpt.com/
2026-02-11 16:27:10,940 - app.routes.analysis - INFO - Progressive analysis complete: dangerous (confidence: 99.56603225185685%)
2026-02-11 16:27:11,885 - app.routes.analysis - INFO - User ayaa98114@gmail.com analyzing URL: https://chatgpt.com/
2026-02-11 16:27:12,021 - app.routes.analysis - INFO - URL analysis complete: dangerous (confidence: 99.56603225185685%)
2026-02-11 16:27:13,610 - app.routes.analysis - INFO - User ayaa98114@gmail.com starting progressive analysis: https://chatgpt.com/
2026-02-11 16:27:13,751 - app.routes.analysis - INFO - Progressive analysis complete: dangerous (confidence: 99.56603225185685%)
2026-02-11 16:27:19,233 - app.routes.analysis - INFO - User ayaa98114@gmail.com analyzing URL: https://chatgpt.com/
2026-02-11 16:27:19,397 - app.routes.analysis - INFO - URL analysis complete: dangerous (confidence: 99.56603225185685%)
2026-02-11 16:27:20,904 - app.routes.analysis - INFO - User ayaa98114@gmail.com starting progressive analysis: https://chatgpt.com/
2026-02-11 16:27:21,049 - app.routes.analysis - INFO - Progressive analysis complete: dangerous (confidence: 99.56603225185685%)
2026-02-11 16:27:24,904 - app.routes.analysis - INFO - User ayaa98114@gmail.com starting progressive analysis: https://chatgpt.com/
2026-02-11 16:27:25,200 - app.routes.analysis - INFO - Progressive analysis complete: dangerous (confidence: 99.56603225185685%)
2026-02-11 16:27:55,498 - app.routes.analysis - INFO - User ayaa98114@gmail.com starting progressive analysis: https://chatgpt.com/
2026-02-11 16:27:55,633 - app.routes.analysis - INFO - Progressive analysis complete: dangerous (confidence: 99.56603225185685%)
2026-02-11 16:29:38,368 - app.main - INFO - Shutting down PhishGuard AI...
2026-02-11 16:32:12,417 - app.services.gmail_service - INFO - Gmail OAuth credentials loaded successfully
2026-02-11 16:32:12,438 - app.services.outlook_service - WARNING - Microsoft OAuth credentials not found in environment
2026-02-11 16:32:12,477 - app.main - INFO - Starting PhishGuard AI...
2026-02-11 16:32:14,336 - app.main - INFO - Database initialized
2026-02-11 16:32:51,996 - app.main - INFO - Shutting down PhishGuard AI...
2026-02-11 16:33:06,370 - app.services.gmail_service - INFO - Gmail OAuth credentials loaded successfully
2026-02-11 16:33:06,385 - app.services.outlook_service - WARNING - Microsoft OAuth credentials not found in environment
2026-02-11 16:33:06,420 - app.main - INFO - Starting PhishGuard AI...
2026-02-11 16:33:08,335 - app.main - INFO - Database initialized
2026-02-11 16:34:05,927 - app.routes.analysis - INFO - User ayaa98114@gmail.com starting progressive analysis: https://chatgpt.com/
2026-02-11 16:34:06,331 - app.routes.analysis - INFO - Progressive analysis complete: dangerous (confidence: 99.56603225185685%)
2026-02-11 16:34:06,613 - app.routes.analysis - INFO - User ayaa98114@gmail.com analyzing URL: https://chatgpt.com/
2026-02-11 16:34:07,011 - app.routes.analysis - INFO - URL analysis complete: dangerous (confidence: 99.56603225185685%)
2026-02-11 16:34:15,202 - app.routes.analysis - INFO - User ayaa98114@gmail.com starting progressive analysis: https://chatgpt.com/
2026-02-11 16:34:15,322 - app.routes.analysis - INFO - User ayaa98114@gmail.com analyzing URL: https://chatgpt.com/
2026-02-11 16:34:15,378 - app.routes.analysis - INFO - Progressive analysis complete: dangerous (confidence: 99.56603225185685%)
2026-02-11 16:34:15,479 - app.routes.analysis - INFO - URL analysis complete: dangerous (confidence: 99.56603225185685%)
2026-02-11 16:34:41,308 - app.routes.analysis - INFO - User ayaa98114@gmail.com starting progressive analysis: https://web.whatsapp.com/
2026-02-11 16:34:41,514 - app.routes.analysis - INFO - Progressive analysis complete: safe (confidence: 63.72427712001453%)
2026-02-11 16:34:41,594 - app.routes.analysis - INFO - User ayaa98114@gmail.com analyzing URL: https://web.whatsapp.com/
2026-02-11 16:34:41,750 - app.routes.analysis - INFO - URL analysis complete: safe (confidence: 63.72427712001453%)
2026-02-11 16:35:00,780 - googleapiclient.discovery_cache - INFO - file_cache is only supported with oauth2client<4.0.0
2026-02-11 16:35:01,562 - google_auth_httplib2 - INFO - Refreshing credentials due to a 401 response. Attempt 1/2.
2026-02-11 16:35:03,788 - app.services.gmail_service - INFO - Retrieved 20 emails from Gmail
2026-02-11 16:35:08,647 - googleapiclient.discovery_cache - INFO - file_cache is only supported with oauth2client<4.0.0
2026-02-11 16:35:09,412 - google_auth_httplib2 - INFO - Refreshing credentials due to a 401 response. Attempt 1/2.
2026-02-11 16:35:10,408 - app.services.gmail_service - INFO - Retrieved 20 emails from Gmail
2026-02-11 16:35:18,053 - googleapiclient.discovery_cache - INFO - file_cache is only supported with oauth2client<4.0.0
2026-02-11 16:35:19,492 - google_auth_httplib2 - INFO - Refreshing credentials due to a 401 response. Attempt 1/2.
2026-02-11 16:35:21,824 - app.services.gmail_service - INFO - Retrieved email content for message ID: 19c4bd1d17d61004
2026-02-11 16:35:23,735 - app.routes.analysis - INFO - User ayaa98114@gmail.com analyzing email content (length: 5495)
2026-02-11 16:35:23,920 - app.routes.analysis - INFO - Email analysis complete: safe (confidence: 79.58853324514098%)
2026-02-11 16:55:13,484 - app.main - INFO - Shutting down PhishGuard AI...
2026-02-11 16:55:20,126 - app.services.gmail_service - INFO - Gmail OAuth credentials loaded successfully
2026-02-11 16:55:20,141 - app.services.outlook_service - WARNING - Microsoft OAuth credentials not found in environment
2026-02-11 16:55:20,179 - app.main - INFO - Starting PhishGuard AI...
2026-02-11 16:55:22,150 - app.main - INFO - Database initialized
2026-02-11 16:55:59,551 - app.services.gmail_service - INFO - Gmail OAuth credentials loaded successfully
2026-02-11 16:55:59,566 - app.services.outlook_service - WARNING - Microsoft OAuth credentials not found in environment
2026-02-11 16:55:59,599 - app.main - INFO - Starting PhishGuard AI...
2026-02-11 16:56:29,431 - app.services.gmail_service - INFO - Gmail OAuth credentials loaded successfully
2026-02-11 16:56:29,444 - app.services.outlook_service - WARNING - Microsoft OAuth credentials not found in environment
2026-02-11 16:56:29,476 - app.main - INFO - Starting PhishGuard AI...
2026-02-11 16:57:17,992 - app.services.gmail_service - INFO - Gmail OAuth credentials loaded successfully
2026-02-11 16:57:18,006 - app.services.outlook_service - WARNING - Microsoft OAuth credentials not found in environment
2026-02-11 16:57:18,056 - app.main - INFO - Starting PhishGuard AI...
2026-02-11 16:57:19,895 - app.main - INFO - Database initialized
2026-02-11 16:57:56,360 - app.main - INFO - Shutting down PhishGuard AI...
2026-02-11 16:58:09,973 - app.services.gmail_service - INFO - Gmail OAuth credentials loaded successfully
2026-02-11 16:58:09,987 - app.services.outlook_service - WARNING - Microsoft OAuth credentials not found in environment
2026-02-11 16:58:10,022 - app.main - INFO - Starting PhishGuard AI...
2026-02-11 16:58:12,015 - app.main - INFO - Database initialized
2026-02-11 16:58:34,867 - app.routes.analysis - INFO - User ayaa98114@gmail.com starting progressive analysis: Profitez de tous les avantages Premium pendant 2 mois pour 12,50 TND Boîte de réception  Spotify <no-reply@spotify.com> Se désabonner 13:53 (il y a 3 heures) À moi  Passez à Spotify Premium. Essayez 2 mois de Spotify Premium pour 12,50 TND Profitez de votre musique sans pub et hors connexion, à tout moment et partout, avec le zapping illimité sur Spotify Premium. PROFITER DE 2 MOIS POUR 12,50 TND	 Abonnement Personnel uniquement. 12,50 TND/mois ensuite. Offre soumise à nos Conditions générales. Disponible uniquement pour les utilisateurs qui n'ont pas encore essayé Spotify Premium. Passez à Spotify Premium. Spotify Logo	 Choisissez Spotify Premium pour :  iPhone iPad Android Autre	 Ce message a été envoyé à ayaa98114@gmail.com. Si vous ne souhaitez plus recevoir ces e-mails de Spotify, vous pouvez modifier votre profil ou vous désabonner.	 Conditions d'utilisation Politique de confidentialité Nous contacter	 Spotify AB, Regeringsgatan 19, 111 53, Stockholm, Sweden	
2026-02-11 16:58:35,330 - app.routes.analysis - INFO - Progressive analysis complete: dangerous (confidence: 99.99992674442552%)
2026-02-11 16:58:35,625 - app.routes.analysis - INFO - User ayaa98114@gmail.com analyzing URL: Profitez de tous les avantages Premium pendant 2 mois pour 12,50 TND Boîte de réception  Spotify <no-reply@spotify.com> Se désabonner 13:53 (il y a 3 heures) À moi  Passez à Spotify Premium. Essayez 2 mois de Spotify Premium pour 12,50 TND Profitez de votre musique sans pub et hors connexion, à tout moment et partout, avec le zapping illimité sur Spotify Premium. PROFITER DE 2 MOIS POUR 12,50 TND	 Abonnement Personnel uniquement. 12,50 TND/mois ensuite. Offre soumise à nos Conditions générales. Disponible uniquement pour les utilisateurs qui n'ont pas encore essayé Spotify Premium. Passez à Spotify Premium. Spotify Logo	 Choisissez Spotify Premium pour :  iPhone iPad Android Autre	 Ce message a été envoyé à ayaa98114@gmail.com. Si vous ne souhaitez plus recevoir ces e-mails de Spotify, vous pouvez modifier votre profil ou vous désabonner.	 Conditions d'utilisation Politique de confidentialité Nous contacter	 Spotify AB, Regeringsgatan 19, 111 53, Stockholm, Sweden	
2026-02-11 16:58:35,969 - app.routes.analysis - INFO - URL analysis complete: dangerous (confidence: 99.99992674442552%)
2026-02-11 16:59:07,805 - app.routes.analysis - INFO - User ayaa98114@gmail.com analyzing URL: https://chatgpt.com/
2026-02-11 16:59:07,819 - app.routes.analysis - INFO - User ayaa98114@gmail.com starting progressive analysis: https://chatgpt.com/
2026-02-11 16:59:07,947 - app.routes.analysis - INFO - URL analysis complete: dangerous (confidence: 99.56603225185685%)
2026-02-11 16:59:07,964 - app.routes.analysis - INFO - Progressive analysis complete: dangerous (confidence: 99.56603225185685%)
2026-02-11 17:00:18,503 - app.routes.analysis - INFO - User ayaa98114@gmail.com starting progressive analysis: https://www.youtube.com/
2026-02-11 17:00:18,544 - app.routes.analysis - INFO - User ayaa98114@gmail.com analyzing URL: https://www.youtube.com/
2026-02-11 17:00:18,629 - app.routes.analysis - INFO - Progressive analysis complete: safe (confidence: 95.84988310580535%)
2026-02-11 17:00:18,682 - app.routes.analysis - INFO - URL analysis complete: safe (confidence: 95.84988310580535%)
2026-02-11 17:00:34,623 - app.routes.analysis - INFO - User ayaa98114@gmail.com starting progressive analysis: https://www.youtube.com/
2026-02-11 17:00:34,764 - app.routes.analysis - INFO - Progressive analysis complete: safe (confidence: 95.84988310580535%)
2026-02-11 17:00:34,918 - app.routes.analysis - INFO - User ayaa98114@gmail.com analyzing URL: https://www.youtube.com/
2026-02-11 17:00:35,052 - app.routes.analysis - INFO - URL analysis complete: safe (confidence: 95.84988310580535%)
2026-02-11 17:01:00,701 - app.routes.analysis - INFO - User ayaa98114@gmail.com starting progressive analysis: https://mail.google.com/mail/u/0/#inbox/FMfcgzQfBkQvqWRsGqNkzZqqrDghDljs
2026-02-11 17:01:00,718 - app.routes.analysis - INFO - User ayaa98114@gmail.com analyzing URL: https://mail.google.com/mail/u/0/#inbox/FMfcgzQfBkQvqWRsGqNkzZqqrDghDljs
2026-02-11 17:01:00,848 - app.routes.analysis - INFO - Progressive analysis complete: dangerous (confidence: 99.95710189243425%)
2026-02-11 17:01:00,857 - app.routes.analysis - INFO - URL analysis complete: dangerous (confidence: 99.95710189243425%)
2026-02-11 17:01:51,114 - googleapiclient.discovery_cache - INFO - file_cache is only supported with oauth2client<4.0.0
2026-02-11 17:01:51,869 - google_auth_httplib2 - INFO - Refreshing credentials due to a 401 response. Attempt 1/2.
2026-02-11 17:01:53,025 - app.services.gmail_service - INFO - Retrieved 20 emails from Gmail
2026-02-11 17:01:58,129 - googleapiclient.discovery_cache - INFO - file_cache is only supported with oauth2client<4.0.0
2026-02-11 17:01:59,081 - google_auth_httplib2 - INFO - Refreshing credentials due to a 401 response. Attempt 1/2.
2026-02-11 17:01:59,973 - app.services.gmail_service - INFO - Retrieved 20 emails from Gmail
2026-02-11 17:02:25,563 - googleapiclient.discovery_cache - INFO - file_cache is only supported with oauth2client<4.0.0
2026-02-11 17:02:26,223 - google_auth_httplib2 - INFO - Refreshing credentials due to a 401 response. Attempt 1/2.
2026-02-11 17:02:27,123 - app.services.gmail_service - INFO - Retrieved 20 emails from Gmail
2026-02-11 17:02:32,333 - googleapiclient.discovery_cache - INFO - file_cache is only supported with oauth2client<4.0.0
2026-02-11 17:02:33,363 - google_auth_httplib2 - INFO - Refreshing credentials due to a 401 response. Attempt 1/2.
2026-02-11 17:02:34,342 - app.services.gmail_service - INFO - Retrieved 20 emails from Gmail
2026-02-11 17:03:50,065 - googleapiclient.discovery_cache - INFO - file_cache is only supported with oauth2client<4.0.0
2026-02-11 17:03:50,791 - google_auth_httplib2 - INFO - Refreshing credentials due to a 401 response. Attempt 1/2.
2026-02-11 17:03:51,688 - app.services.gmail_service - INFO - Retrieved 20 emails from Gmail
2026-02-11 17:03:56,507 - googleapiclient.discovery_cache - INFO - file_cache is only supported with oauth2client<4.0.0
2026-02-11 17:03:57,422 - google_auth_httplib2 - INFO - Refreshing credentials due to a 401 response. Attempt 1/2.
2026-02-11 17:03:58,638 - app.services.gmail_service - INFO - Retrieved 20 emails from Gmail
2026-02-11 17:04:09,280 - googleapiclient.discovery_cache - INFO - file_cache is only supported with oauth2client<4.0.0
2026-02-11 17:04:10,015 - google_auth_httplib2 - INFO - Refreshing credentials due to a 401 response. Attempt 1/2.
2026-02-11 17:04:11,053 - app.services.gmail_service - INFO - Retrieved 20 emails from Gmail
2026-02-11 17:04:15,556 - googleapiclient.discovery_cache - INFO - file_cache is only supported with oauth2client<4.0.0
2026-02-11 17:04:16,318 - google_auth_httplib2 - INFO - Refreshing credentials due to a 401 response. Attempt 1/2.
2026-02-11 17:04:17,274 - app.services.gmail_service - INFO - Retrieved 20 emails from Gmail
2026-02-12 13:13:03,940 - app.services.gmail_service - INFO - Gmail OAuth credentials loaded successfully
2026-02-12 13:13:03,989 - app.services.outlook_service - WARNING - Microsoft OAuth credentials not found in environment
2026-02-12 13:13:04,073 - app.main - INFO - Starting PhishGuard AI...
2026-02-12 13:13:06,110 - app.main - INFO - Database initialized
2026-02-12 13:13:20,278 - app.routes.auth - INFO - User logged in: ayaa98114@gmail.com
2026-02-12 13:14:03,483 - app.routes.analysis - INFO - User ayaa98114@gmail.com starting bulk analysis of 1 emails
2026-02-12 13:14:03,889 - app.routes.analysis - INFO - Bulk analysis complete: 1 emails processed in 0.41s
2026-02-12 13:18:46,963 - app.routes.analysis - INFO - User ayaa98114@gmail.com starting bulk analysis of 1 emails
2026-02-12 13:18:47,181 - app.routes.analysis - INFO - Bulk analysis complete: 1 emails processed in 0.22s
2026-02-12 13:19:06,990 - app.routes.analysis - INFO - User ayaa98114@gmail.com starting bulk analysis of 1 emails
2026-02-12 13:19:07,161 - app.routes.analysis - INFO - Bulk analysis complete: 1 emails processed in 0.17s
2026-02-12 13:25:35,920 - app.routes.analysis - INFO - User ayaa98114@gmail.com starting bulk analysis of 1 emails
2026-02-12 13:25:36,279 - app.routes.analysis - INFO - Bulk analysis complete: 1 emails processed in 0.36s
2026-02-12 13:27:24,652 - app.routes.analysis - INFO - User ayaa98114@gmail.com starting bulk analysis of 1 emails
2026-02-12 13:27:24,827 - app.routes.analysis - INFO - Bulk analysis complete: 1 emails processed in 0.18s
2026-02-12 13:32:22,007 - app.routes.analysis - INFO - User ayaa98114@gmail.com starting bulk analysis of 1 emails
2026-02-12 13:32:22,225 - app.routes.analysis - INFO - Bulk analysis complete: 1 emails processed in 0.22s
2026-02-12 15:09:24,947 - app.services.gmail_service - INFO - Gmail OAuth credentials loaded successfully
2026-02-12 15:09:24,980 - app.services.outlook_service - WARNING - Microsoft OAuth credentials not found in environment
2026-02-12 15:09:25,035 - app.main - INFO - Starting PhishGuard AI...
2026-02-12 15:09:28,324 - app.main - INFO - Database initialized
2026-02-12 15:14:51,330 - app.services.gmail_service - INFO - Gmail OAuth credentials loaded successfully
2026-02-12 15:14:51,353 - app.services.outlook_service - WARNING - Microsoft OAuth credentials not found in environment
2026-02-12 15:14:51,404 - app.main - INFO - Starting PhishGuard AI...
2026-02-12 15:14:53,776 - app.main - INFO - Database initialized
2026-02-12 15:16:06,200 - app.routes.analysis - INFO - User ayaa98114@gmail.com starting bulk analysis of 2 emails
2026-02-12 15:16:07,217 - app.routes.analysis - INFO - Bulk analysis complete: 2 emails processed in 1.02s
2026-02-12 15:16:30,814 - app.routes.analysis - INFO - User ayaa98114@gmail.com analyzing email content (length: 397)
2026-02-12 15:16:30,967 - app.routes.analysis - INFO - Email analysis complete: suspicious (confidence: 89.5858253599785%)
2026-02-12 15:35:02,851 - app.main - INFO - Shutting down PhishGuard AI...
2026-02-12 15:35:37,345 - app.services.gmail_service - INFO - Gmail OAuth credentials loaded successfully
2026-02-12 15:35:37,362 - app.services.outlook_service - WARNING - Microsoft OAuth credentials not found in environment
2026-02-12 15:35:37,395 - app.main - INFO - Starting PhishGuard AI...
2026-02-12 15:35:40,471 - app.main - INFO - Database initialized
2026-02-12 15:35:46,178 - app.services.gmail_service - INFO - Gmail OAuth credentials loaded successfully
2026-02-12 15:35:46,193 - app.services.outlook_service - WARNING - Microsoft OAuth credentials not found in environment
2026-02-12 15:35:46,230 - app.main - INFO - Starting PhishGuard AI...
2026-02-12 15:35:48,391 - app.main - INFO - Database initialized
2026-02-12 15:35:58,122 - app.routes.analysis - INFO - User ayaa98114@gmail.com analyzing email content (length: 396)
2026-02-12 15:35:58,563 - app.routes.analysis - INFO - Email analysis complete: suspicious (confidence: 88.78520369223304%)
2026-02-12 15:36:04,985 - app.routes.analysis - ERROR - Failed to get statistics: 'User' object is not subscriptable
Traceback (most recent call last):
  File "C:\Users\TEST\PhishGuard\backend\app\routes\analysis.py", line 145, in get_stats
    stats = await stats_service.get_statistics(db, user_id=current_user["id"])
                                                           ~~~~~~~~~~~~^^^^^^
TypeError: 'User' object is not subscriptable
2026-02-12 15:36:05,322 - app.routes.analysis - ERROR - Failed to get threat distribution: 'User' object is not subscriptable
Traceback (most recent call last):
  File "C:\Users\TEST\PhishGuard\backend\app\routes\analysis.py", line 245, in get_threat_distribution
    distribution = await stats_service.get_threat_distribution(db, user_id=current_user["id"])
                                                                           ~~~~~~~~~~~~^^^^^^
TypeError: 'User' object is not subscriptable
2026-02-12 15:36:05,595 - app.routes.analysis - ERROR - Failed to get statistics: 'User' object is not subscriptable
Traceback (most recent call last):
  File "C:\Users\TEST\PhishGuard\backend\app\routes\analysis.py", line 145, in get_stats
    stats = await stats_service.get_statistics(db, user_id=current_user["id"])
                                                           ~~~~~~~~~~~~^^^^^^
TypeError: 'User' object is not subscriptable
2026-02-12 15:36:05,915 - app.routes.analysis - ERROR - Failed to get threat distribution: 'User' object is not subscriptable
Traceback (most recent call last):
  File "C:\Users\TEST\PhishGuard\backend\app\routes\analysis.py", line 245, in get_threat_distribution
    distribution = await stats_service.get_threat_distribution(db, user_id=current_user["id"])
                                                                           ~~~~~~~~~~~~^^^^^^
TypeError: 'User' object is not subscriptable
2026-02-12 15:36:07,672 - app.routes.analysis - ERROR - Failed to get statistics: 'User' object is not subscriptable
Traceback (most recent call last):
  File "C:\Users\TEST\PhishGuard\backend\app\routes\analysis.py", line 145, in get_stats
    stats = await stats_service.get_statistics(db, user_id=current_user["id"])
                                                           ~~~~~~~~~~~~^^^^^^
TypeError: 'User' object is not subscriptable
2026-02-12 15:36:07,711 - app.routes.analysis - ERROR - Failed to get threat distribution: 'User' object is not subscriptable
Traceback (most recent call last):
  File "C:\Users\TEST\PhishGuard\backend\app\routes\analysis.py", line 245, in get_threat_distribution
    distribution = await stats_service.get_threat_distribution(db, user_id=current_user["id"])
                                                                           ~~~~~~~~~~~~^^^^^^
TypeError: 'User' object is not subscriptable
2026-02-12 15:36:09,403 - app.routes.analysis - ERROR - Failed to get statistics: 'User' object is not subscriptable
Traceback (most recent call last):
  File "C:\Users\TEST\PhishGuard\backend\app\routes\analysis.py", line 145, in get_stats
    stats = await stats_service.get_statistics(db, user_id=current_user["id"])
                                                           ~~~~~~~~~~~~^^^^^^
TypeError: 'User' object is not subscriptable
2026-02-12 15:36:09,434 - app.routes.analysis - ERROR - Failed to get threat distribution: 'User' object is not subscriptable
Traceback (most recent call last):
  File "C:\Users\TEST\PhishGuard\backend\app\routes\analysis.py", line 245, in get_threat_distribution
    distribution = await stats_service.get_threat_distribution(db, user_id=current_user["id"])
                                                                           ~~~~~~~~~~~~^^^^^^
TypeError: 'User' object is not subscriptable
2026-02-12 15:36:11,344 - googleapiclient.discovery_cache - INFO - file_cache is only supported with oauth2client<4.0.0
2026-02-12 15:36:12,099 - google_auth_httplib2 - INFO - Refreshing credentials due to a 401 response. Attempt 1/2.
2026-02-12 15:36:13,121 - app.services.gmail_service - INFO - Retrieved 20 emails from Gmail
2026-02-12 15:36:18,980 - googleapiclient.discovery_cache - INFO - file_cache is only supported with oauth2client<4.0.0
2026-02-12 15:36:19,643 - google_auth_httplib2 - INFO - Refreshing credentials due to a 401 response. Attempt 1/2.
2026-02-12 15:36:20,503 - app.services.gmail_service - INFO - Retrieved 20 emails from Gmail
2026-02-12 15:36:54,616 - app.services.gmail_service - INFO - Gmail OAuth credentials loaded successfully
2026-02-12 15:36:54,628 - app.services.outlook_service - WARNING - Microsoft OAuth credentials not found in environment
2026-02-12 15:36:54,658 - app.main - INFO - Starting PhishGuard AI...
2026-02-12 15:36:56,942 - app.main - INFO - Database initialized
2026-02-12 15:37:14,614 - app.routes.analysis - ERROR - Failed to get statistics: 'User' object is not subscriptable
Traceback (most recent call last):
  File "C:\Users\TEST\PhishGuard\backend\app\routes\analysis.py", line 145, in get_stats
    stats = await stats_service.get_statistics(db, user_id=current_user["id"])
                                                           ~~~~~~~~~~~~^^^^^^
TypeError: 'User' object is not subscriptable
2026-02-12 15:37:15,214 - app.routes.analysis - ERROR - Failed to get statistics: 'User' object is not subscriptable
Traceback (most recent call last):
  File "C:\Users\TEST\PhishGuard\backend\app\routes\analysis.py", line 145, in get_stats
    stats = await stats_service.get_statistics(db, user_id=current_user["id"])
                                                           ~~~~~~~~~~~~^^^^^^
TypeError: 'User' object is not subscriptable
2026-02-12 15:37:15,242 - app.routes.analysis - ERROR - Failed to get threat distribution: 'User' object is not subscriptable
Traceback (most recent call last):
  File "C:\Users\TEST\PhishGuard\backend\app\routes\analysis.py", line 245, in get_threat_distribution
    distribution = await stats_service.get_threat_distribution(db, user_id=current_user["id"])
                                                                           ~~~~~~~~~~~~^^^^^^
TypeError: 'User' object is not subscriptable
2026-02-12 15:37:15,774 - app.routes.analysis - ERROR - Failed to get threat distribution: 'User' object is not subscriptable
Traceback (most recent call last):
  File "C:\Users\TEST\PhishGuard\backend\app\routes\analysis.py", line 245, in get_threat_distribution
    distribution = await stats_service.get_threat_distribution(db, user_id=current_user["id"])
                                                                           ~~~~~~~~~~~~^^^^^^
TypeError: 'User' object is not subscriptable
2026-02-12 15:37:17,585 - app.routes.analysis - ERROR - Failed to get threat distribution: 'User' object is not subscriptable
Traceback (most recent call last):
  File "C:\Users\TEST\PhishGuard\backend\app\routes\analysis.py", line 245, in get_threat_distribution
    distribution = await stats_service.get_threat_distribution(db, user_id=current_user["id"])
                                                                           ~~~~~~~~~~~~^^^^^^
TypeError: 'User' object is not subscriptable
2026-02-12 15:37:17,598 - app.routes.analysis - ERROR - Failed to get statistics: 'User' object is not subscriptable
Traceback (most recent call last):
  File "C:\Users\TEST\PhishGuard\backend\app\routes\analysis.py", line 145, in get_stats
    stats = await stats_service.get_statistics(db, user_id=current_user["id"])
                                                           ~~~~~~~~~~~~^^^^^^
TypeError: 'User' object is not subscriptable
2026-02-12 15:37:46,372 - app.routes.analysis - ERROR - Failed to get statistics: 'User' object is not subscriptable
Traceback (most recent call last):
  File "C:\Users\TEST\PhishGuard\backend\app\routes\analysis.py", line 145, in get_stats
    stats = await stats_service.get_statistics(db, user_id=current_user["id"])
                                                           ~~~~~~~~~~~~^^^^^^
TypeError: 'User' object is not subscriptable
2026-02-12 15:37:46,376 - app.routes.analysis - ERROR - Failed to get threat distribution: 'User' object is not subscriptable
Traceback (most recent call last):
  File "C:\Users\TEST\PhishGuard\backend\app\routes\analysis.py", line 245, in get_threat_distribution
    distribution = await stats_service.get_threat_distribution(db, user_id=current_user["id"])
                                                                           ~~~~~~~~~~~~^^^^^^
TypeError: 'User' object is not subscriptable
2026-02-12 15:38:16,361 - app.routes.analysis - ERROR - Failed to get statistics: 'User' object is not subscriptable
Traceback (most recent call last):
  File "C:\Users\TEST\PhishGuard\backend\app\routes\analysis.py", line 145, in get_stats
    stats = await stats_service.get_statistics(db, user_id=current_user["id"])
                                                           ~~~~~~~~~~~~^^^^^^
TypeError: 'User' object is not subscriptable
2026-02-12 15:38:16,410 - app.routes.analysis - ERROR - Failed to get threat distribution: 'User' object is not subscriptable
Traceback (most recent call last):
  File "C:\Users\TEST\PhishGuard\backend\app\routes\analysis.py", line 245, in get_threat_distribution
    distribution = await stats_service.get_threat_distribution(db, user_id=current_user["id"])
                                                                           ~~~~~~~~~~~~^^^^^^
TypeError: 'User' object is not subscriptable
2026-02-12 15:38:45,195 - app.routes.analysis - ERROR - Failed to get statistics: 'User' object is not subscriptable
Traceback (most recent call last):
  File "C:\Users\TEST\PhishGuard\backend\app\routes\analysis.py", line 145, in get_stats
    stats = await stats_service.get_statistics(db, user_id=current_user["id"])
                                                           ~~~~~~~~~~~~^^^^^^
TypeError: 'User' object is not subscriptable
2026-02-12 15:38:45,319 - app.routes.analysis - ERROR - Failed to get threat distribution: 'User' object is not subscriptable
Traceback (most recent call last):
  File "C:\Users\TEST\PhishGuard\backend\app\routes\analysis.py", line 245, in get_threat_distribution
    distribution = await stats_service.get_threat_distribution(db, user_id=current_user["id"])
                                                                           ~~~~~~~~~~~~^^^^^^
TypeError: 'User' object is not subscriptable
2026-02-12 15:39:15,744 - app.routes.analysis - ERROR - Failed to get statistics: 'User' object is not subscriptable
Traceback (most recent call last):
  File "C:\Users\TEST\PhishGuard\backend\app\routes\analysis.py", line 145, in get_stats
    stats = await stats_service.get_statistics(db, user_id=current_user["id"])
                                                           ~~~~~~~~~~~~^^^^^^
TypeError: 'User' object is not subscriptable
2026-02-12 15:39:15,756 - app.routes.analysis - ERROR - Failed to get threat distribution: 'User' object is not subscriptable
Traceback (most recent call last):
  File "C:\Users\TEST\PhishGuard\backend\app\routes\analysis.py", line 245, in get_threat_distribution
    distribution = await stats_service.get_threat_distribution(db, user_id=current_user["id"])
                                                                           ~~~~~~~~~~~~^^^^^^
TypeError: 'User' object is not subscriptable
2026-02-12 15:39:43,812 - app.main - INFO - Shutting down PhishGuard AI...
2026-02-12 15:39:50,842 - app.services.gmail_service - INFO - Gmail OAuth credentials loaded successfully
2026-02-12 15:39:50,856 - app.services.outlook_service - WARNING - Microsoft OAuth credentials not found in environment
2026-02-12 15:39:50,895 - app.main - INFO - Starting PhishGuard AI...
2026-02-12 15:39:55,092 - app.main - INFO - Database initialized
2026-02-12 15:40:55,487 - app.routes.analysis - INFO - User ayaa98114@gmail.com starting bulk analysis of 1 emails
2026-02-12 15:40:55,965 - app.routes.analysis - INFO - Bulk analysis complete: 1 emails processed in 0.48s
2026-02-12 15:43:03,590 - app.main - INFO - Shutting down PhishGuard AI...
2026-02-12 15:43:10,349 - app.services.gmail_service - INFO - Gmail OAuth credentials loaded successfully
2026-02-12 15:43:10,368 - app.services.outlook_service - WARNING - Microsoft OAuth credentials not found in environment
2026-02-12 15:43:10,428 - app.main - INFO - Starting PhishGuard AI...
2026-02-12 15:43:13,151 - app.main - INFO - Database initialized
2026-02-12 15:44:22,295 - app.services.gmail_service - INFO - Gmail OAuth credentials loaded successfully
2026-02-12 15:44:22,308 - app.services.outlook_service - WARNING - Microsoft OAuth credentials not found in environment
2026-02-12 15:44:22,343 - app.main - INFO - Starting PhishGuard AI...
2026-02-12 15:44:24,974 - app.main - INFO - Database initialized
2026-02-12 16:33:48,615 - app.routes.analysis - INFO - User ayaa98114@gmail.com starting bulk analysis of 1 emails
2026-02-12 16:33:49,182 - app.routes.analysis - INFO - Bulk analysis complete: 1 emails processed in 0.57s
2026-02-12 17:49:55,320 - googleapiclient.discovery_cache - INFO - file_cache is only supported with oauth2client<4.0.0
2026-02-12 17:49:56,718 - google_auth_httplib2 - INFO - Refreshing credentials due to a 401 response. Attempt 1/2.
2026-02-12 17:49:58,806 - app.services.gmail_service - INFO - Retrieved 20 emails from Gmail
2026-02-12 17:50:05,953 - googleapiclient.discovery_cache - INFO - file_cache is only supported with oauth2client<4.0.0
2026-02-12 17:50:06,585 - google_auth_httplib2 - INFO - Refreshing credentials due to a 401 response. Attempt 1/2.
2026-02-12 17:50:07,623 - app.services.gmail_service - INFO - Retrieved 20 emails from Gmail
2026-02-12 17:59:42,131 - googleapiclient.discovery_cache - INFO - file_cache is only supported with oauth2client<4.0.0
2026-02-12 17:59:43,137 - google_auth_httplib2 - INFO - Refreshing credentials due to a 401 response. Attempt 1/2.
2026-02-12 17:59:44,474 - app.services.gmail_service - INFO - Retrieved 20 emails from Gmail
2026-02-12 17:59:51,157 - googleapiclient.discovery_cache - INFO - file_cache is only supported with oauth2client<4.0.0
2026-02-12 17:59:52,355 - google_auth_httplib2 - INFO - Refreshing credentials due to a 401 response. Attempt 1/2.
2026-02-12 17:59:53,924 - app.services.gmail_service - INFO - Retrieved 20 emails from Gmail
2026-02-12 18:14:03,985 - googleapiclient.discovery_cache - INFO - file_cache is only supported with oauth2client<4.0.0
2026-02-12 18:14:04,995 - google_auth_httplib2 - INFO - Refreshing credentials due to a 401 response. Attempt 1/2.
2026-02-12 18:14:06,247 - app.services.gmail_service - INFO - Retrieved 20 emails from Gmail
2026-02-12 18:14:12,152 - googleapiclient.discovery_cache - INFO - file_cache is only supported with oauth2client<4.0.0
2026-02-12 18:14:13,088 - google_auth_httplib2 - INFO - Refreshing credentials due to a 401 response. Attempt 1/2.
2026-02-12 18:14:14,228 - app.services.gmail_service - INFO - Retrieved 20 emails from Gmail
2026-02-12 18:18:55,938 - googleapiclient.discovery_cache - INFO - file_cache is only supported with oauth2client<4.0.0
2026-02-12 18:18:57,023 - google_auth_httplib2 - INFO - Refreshing credentials due to a 401 response. Attempt 1/2.
2026-02-12 18:18:58,378 - app.services.gmail_service - INFO - Retrieved 20 emails from Gmail
2026-02-12 18:19:05,055 - googleapiclient.discovery_cache - INFO - file_cache is only supported with oauth2client<4.0.0
2026-02-12 18:19:05,973 - google_auth_httplib2 - INFO - Refreshing credentials due to a 401 response. Attempt 1/2.
2026-02-12 18:19:06,979 - app.services.gmail_service - INFO - Retrieved 20 emails from Gmail
2026-02-12 18:19:21,466 - googleapiclient.discovery_cache - INFO - file_cache is only supported with oauth2client<4.0.0
2026-02-12 18:19:22,349 - google_auth_httplib2 - INFO - Refreshing credentials due to a 401 response. Attempt 1/2.
2026-02-12 18:19:23,758 - app.services.gmail_service - INFO - Retrieved email content for message ID: 19c50b044cd8166c
2026-02-12 18:19:23,765 - googleapiclient.discovery_cache - INFO - file_cache is only supported with oauth2client<4.0.0
2026-02-12 18:19:24,811 - google_auth_httplib2 - INFO - Refreshing credentials due to a 401 response. Attempt 1/2.
2026-02-12 18:19:26,055 - app.services.gmail_service - INFO - Retrieved email content for message ID: 19c502c3b8e4e571
2026-02-12 18:19:34,452 - app.routes.analysis - INFO - User ayaa98114@gmail.com starting bulk analysis of 2 emails
2026-02-12 18:19:35,340 - app.routes.analysis - INFO - Bulk analysis complete: 2 emails processed in 0.89s
2026-02-12 18:19:56,325 - googleapiclient.discovery_cache - INFO - file_cache is only supported with oauth2client<4.0.0
2026-02-12 18:19:57,071 - google_auth_httplib2 - INFO - Refreshing credentials due to a 401 response. Attempt 1/2.
2026-02-12 18:19:58,129 - app.services.gmail_service - INFO - Retrieved 20 emails from Gmail
2026-02-12 18:20:03,343 - googleapiclient.discovery_cache - INFO - file_cache is only supported with oauth2client<4.0.0
2026-02-12 18:20:03,851 - google_auth_httplib2 - INFO - Refreshing credentials due to a 401 response. Attempt 1/2.
2026-02-12 18:20:04,663 - app.services.gmail_service - INFO - Retrieved 20 emails from Gmail
2026-02-12 18:22:21,925 - googleapiclient.discovery_cache - INFO - file_cache is only supported with oauth2client<4.0.0
2026-02-12 18:22:22,691 - google_auth_httplib2 - INFO - Refreshing credentials due to a 401 response. Attempt 1/2.
2026-02-12 18:22:23,974 - app.services.gmail_service - INFO - Retrieved email content for message ID: 19c3d7680827fd2b
2026-02-12 18:22:24,585 - app.routes.analysis - INFO - User ayaa98114@gmail.com analyzing email content (length: 940)
2026-02-12 18:22:24,617 - googleapiclient.discovery_cache - INFO - file_cache is only supported with oauth2client<4.0.0
2026-02-12 18:22:25,390 - google_auth_httplib2 - INFO - Refreshing credentials due to a 401 response. Attempt 1/2.
2026-02-12 18:22:26,496 - app.services.gmail_service - INFO - Retrieved email content for message ID: 19c3de0b3647c058
2026-02-12 18:22:26,820 - app.routes.analysis - INFO - Email analysis complete: suspicious (confidence: 76.07412796974381%)
2026-02-12 18:22:27,168 - app.routes.analysis - INFO - User ayaa98114@gmail.com analyzing email content (length: 1274)
2026-02-12 18:22:27,641 - app.routes.analysis - INFO - Email analysis complete: safe (confidence: 81.53208566577791%)
2026-02-12 18:22:28,164 - googleapiclient.discovery_cache - INFO - file_cache is only supported with oauth2client<4.0.0
2026-02-12 18:22:28,912 - google_auth_httplib2 - INFO - Refreshing credentials due to a 401 response. Attempt 1/2.
2026-02-12 18:22:30,051 - app.services.gmail_service - INFO - Retrieved 20 emails from Gmail
2026-02-12 18:22:36,529 - googleapiclient.discovery_cache - INFO - file_cache is only supported with oauth2client<4.0.0
2026-02-12 18:22:37,470 - google_auth_httplib2 - INFO - Refreshing credentials due to a 401 response. Attempt 1/2.
2026-02-12 18:22:38,309 - app.services.gmail_service - INFO - Retrieved 20 emails from Gmail
2026-02-12 18:22:45,574 - googleapiclient.discovery_cache - INFO - file_cache is only supported with oauth2client<4.0.0
2026-02-12 18:22:46,450 - google_auth_httplib2 - INFO - Refreshing credentials due to a 401 response. Attempt 1/2.
2026-02-12 18:22:47,540 - app.services.gmail_service - INFO - Retrieved 20 emails from Gmail
2026-02-12 18:22:53,036 - googleapiclient.discovery_cache - INFO - file_cache is only supported with oauth2client<4.0.0
2026-02-12 18:22:53,892 - google_auth_httplib2 - INFO - Refreshing credentials due to a 401 response. Attempt 1/2.
2026-02-12 18:22:55,043 - app.services.gmail_service - INFO - Retrieved 20 emails from Gmail
2026-02-12 18:25:45,551 - googleapiclient.discovery_cache - INFO - file_cache is only supported with oauth2client<4.0.0
2026-02-12 18:25:46,599 - google_auth_httplib2 - INFO - Refreshing credentials due to a 401 response. Attempt 1/2.
2026-02-12 18:25:47,862 - app.services.gmail_service - INFO - Retrieved 20 emails from Gmail
2026-02-12 18:25:55,405 - googleapiclient.discovery_cache - INFO - file_cache is only supported with oauth2client<4.0.0
2026-02-12 18:25:56,213 - google_auth_httplib2 - INFO - Refreshing credentials due to a 401 response. Attempt 1/2.
2026-02-12 18:25:57,321 - app.services.gmail_service - INFO - Retrieved 20 emails from Gmail
2026-02-12 18:28:36,018 - googleapiclient.discovery_cache - INFO - file_cache is only supported with oauth2client<4.0.0
2026-02-12 18:28:37,116 - google_auth_httplib2 - INFO - Refreshing credentials due to a 401 response. Attempt 1/2.
2026-02-12 18:28:38,429 - app.services.gmail_service - INFO - Retrieved email content for message ID: 19c4cc3fd9a31db4
2026-02-12 18:28:38,443 - googleapiclient.discovery_cache - INFO - file_cache is only supported with oauth2client<4.0.0
2026-02-12 18:28:39,455 - google_auth_httplib2 - INFO - Refreshing credentials due to a 401 response. Attempt 1/2.
2026-02-12 18:28:40,813 - app.services.gmail_service - INFO - Retrieved email content for message ID: 19c4bd1d17d61004
2026-02-12 18:28:40,823 - googleapiclient.discovery_cache - INFO - file_cache is only supported with oauth2client<4.0.0
2026-02-12 18:28:41,844 - google_auth_httplib2 - INFO - Refreshing credentials due to a 401 response. Attempt 1/2.
2026-02-12 18:28:43,226 - app.services.gmail_service - INFO - Retrieved email content for message ID: 19c502c3b8e4e571
2026-02-12 18:28:43,232 - googleapiclient.discovery_cache - INFO - file_cache is only supported with oauth2client<4.0.0
2026-02-12 18:28:44,126 - google_auth_httplib2 - INFO - Refreshing credentials due to a 401 response. Attempt 1/2.
2026-02-12 18:28:45,261 - app.services.gmail_service - INFO - Retrieved email content for message ID: 19c4d870ee0fc899
2026-02-12 18:28:45,287 - googleapiclient.discovery_cache - INFO - file_cache is only supported with oauth2client<4.0.0
2026-02-12 18:28:46,066 - google_auth_httplib2 - INFO - Refreshing credentials due to a 401 response. Attempt 1/2.
2026-02-12 18:28:47,227 - app.services.gmail_service - INFO - Retrieved email content for message ID: 19c482d280cea959
2026-02-12 18:28:47,235 - googleapiclient.discovery_cache - INFO - file_cache is only supported with oauth2client<4.0.0
2026-02-12 18:28:48,032 - google_auth_httplib2 - INFO - Refreshing credentials due to a 401 response. Attempt 1/2.
2026-02-12 18:28:49,364 - app.services.gmail_service - INFO - Retrieved email content for message ID: 19c50b044cd8166c
2026-02-12 18:28:50,146 - googleapiclient.discovery_cache - INFO - file_cache is only supported with oauth2client<4.0.0
2026-02-12 18:28:50,953 - google_auth_httplib2 - INFO - Refreshing credentials due to a 401 response. Attempt 1/2.
2026-02-12 18:28:52,121 - app.services.gmail_service - INFO - Retrieved email content for message ID: 19c4701098b0dfea
2026-02-12 18:28:52,129 - googleapiclient.discovery_cache - INFO - file_cache is only supported with oauth2client<4.0.0
2026-02-12 18:28:52,975 - google_auth_httplib2 - INFO - Refreshing credentials due to a 401 response. Attempt 1/2.
2026-02-12 18:28:54,299 - app.services.gmail_service - INFO - Retrieved email content for message ID: 19c413e29e61df16
2026-02-12 18:28:54,332 - googleapiclient.discovery_cache - INFO - file_cache is only supported with oauth2client<4.0.0
2026-02-12 18:28:55,404 - google_auth_httplib2 - INFO - Refreshing credentials due to a 401 response. Attempt 1/2.
2026-02-12 18:28:56,732 - app.services.gmail_service - INFO - Retrieved email content for message ID: 19c473782c0bdae5
2026-02-12 18:28:56,740 - googleapiclient.discovery_cache - INFO - file_cache is only supported with oauth2client<4.0.0
2026-02-12 18:28:57,642 - google_auth_httplib2 - INFO - Refreshing credentials due to a 401 response. Attempt 1/2.
2026-02-12 18:28:58,865 - app.services.gmail_service - INFO - Retrieved email content for message ID: 19c3f56398a7dec6
2026-02-12 18:28:58,872 - googleapiclient.discovery_cache - INFO - file_cache is only supported with oauth2client<4.0.0
2026-02-12 18:28:59,632 - google_auth_httplib2 - INFO - Refreshing credentials due to a 401 response. Attempt 1/2.
2026-02-12 18:29:00,830 - app.services.gmail_service - INFO - Retrieved email content for message ID: 19c436d612d17933
2026-02-12 18:29:00,838 - googleapiclient.discovery_cache - INFO - file_cache is only supported with oauth2client<4.0.0
2026-02-12 18:29:01,668 - google_auth_httplib2 - INFO - Refreshing credentials due to a 401 response. Attempt 1/2.
2026-02-12 18:29:02,776 - app.services.gmail_service - INFO - Retrieved email content for message ID: 19c3de0b3647c058
2026-02-12 18:29:03,611 - googleapiclient.discovery_cache - INFO - file_cache is only supported with oauth2client<4.0.0
2026-02-12 18:29:04,801 - google_auth_httplib2 - INFO - Refreshing credentials due to a 401 response. Attempt 1/2.
2026-02-12 18:29:06,195 - app.services.gmail_service - INFO - Retrieved email content for message ID: 19c3d7680827fd2b
2026-02-12 18:29:06,204 - googleapiclient.discovery_cache - INFO - file_cache is only supported with oauth2client<4.0.0
2026-02-12 18:29:07,088 - google_auth_httplib2 - INFO - Refreshing credentials due to a 401 response. Attempt 1/2.
2026-02-12 18:29:08,211 - app.services.gmail_service - INFO - Retrieved email content for message ID: 19c3a25452cfa438
2026-02-12 18:29:08,230 - googleapiclient.discovery_cache - INFO - file_cache is only supported with oauth2client<4.0.0
2026-02-12 18:29:09,162 - google_auth_httplib2 - INFO - Refreshing credentials due to a 401 response. Attempt 1/2.
2026-02-12 18:29:10,341 - app.services.gmail_service - INFO - Retrieved email content for message ID: 19c38552b1e1b9aa
2026-02-12 18:29:10,347 - googleapiclient.discovery_cache - INFO - file_cache is only supported with oauth2client<4.0.0
2026-02-12 18:29:11,182 - google_auth_httplib2 - INFO - Refreshing credentials due to a 401 response. Attempt 1/2.
2026-02-12 18:29:12,412 - app.services.gmail_service - INFO - Retrieved email content for message ID: 19c33a23178baae2
2026-02-12 18:29:12,431 - googleapiclient.discovery_cache - INFO - file_cache is only supported with oauth2client<4.0.0
2026-02-12 18:29:13,351 - google_auth_httplib2 - INFO - Refreshing credentials due to a 401 response. Attempt 1/2.
2026-02-12 18:29:14,715 - app.services.gmail_service - INFO - Retrieved email content for message ID: 19c3dd2d8eb9adaa
2026-02-12 18:29:14,739 - googleapiclient.discovery_cache - INFO - file_cache is only supported with oauth2client<4.0.0
2026-02-12 18:29:15,603 - google_auth_httplib2 - INFO - Refreshing credentials due to a 401 response. Attempt 1/2.
2026-02-12 18:29:16,670 - app.services.gmail_service - INFO - Retrieved email content for message ID: 19c3c443a86c89c9
2026-02-12 18:29:16,690 - app.services.gmail_service - INFO - Generated Gmail authorization URL
2026-02-12 18:29:25,222 - googleapiclient.discovery_cache - INFO - file_cache is only supported with oauth2client<4.0.0
2026-02-12 18:29:26,081 - google_auth_httplib2 - INFO - Refreshing credentials due to a 401 response. Attempt 1/2.
2026-02-12 18:29:27,400 - app.services.gmail_service - INFO - Retrieved 20 emails from Gmail
2026-02-12 18:29:33,247 - googleapiclient.discovery_cache - INFO - file_cache is only supported with oauth2client<4.0.0
2026-02-12 18:29:34,187 - google_auth_httplib2 - INFO - Refreshing credentials due to a 401 response. Attempt 1/2.
2026-02-12 18:29:35,272 - app.services.gmail_service - INFO - Retrieved 20 emails from Gmail
2026-02-12 18:29:41,006 - googleapiclient.discovery_cache - INFO - file_cache is only supported with oauth2client<4.0.0
2026-02-12 18:29:41,671 - google_auth_httplib2 - INFO - Refreshing credentials due to a 401 response. Attempt 1/2.
2026-02-12 18:29:42,801 - app.services.gmail_service - INFO - Retrieved 20 emails from Gmail
2026-02-12 18:29:48,096 - googleapiclient.discovery_cache - INFO - file_cache is only supported with oauth2client<4.0.0
2026-02-12 18:29:48,774 - google_auth_httplib2 - INFO - Refreshing credentials due to a 401 response. Attempt 1/2.
2026-02-12 18:29:49,681 - app.services.gmail_service - INFO - Retrieved 20 emails from Gmail
2026-02-12 18:29:55,469 - googleapiclient.discovery_cache - INFO - file_cache is only supported with oauth2client<4.0.0
2026-02-12 18:29:56,269 - google_auth_httplib2 - INFO - Refreshing credentials due to a 401 response. Attempt 1/2.
2026-02-12 18:29:57,571 - app.services.gmail_service - INFO - Retrieved 20 emails from Gmail
2026-02-12 18:30:03,886 - googleapiclient.discovery_cache - INFO - file_cache is only supported with oauth2client<4.0.0
2026-02-12 18:30:04,755 - google_auth_httplib2 - INFO - Refreshing credentials due to a 401 response. Attempt 1/2.
2026-02-12 18:30:06,372 - app.services.gmail_service - INFO - Retrieved 20 emails from Gmail
2026-02-12 18:30:12,415 - app.routes.auth - INFO - User logged in: ayaa98114@gmail.com
2026-02-12 18:30:13,668 - app.routes.auth - INFO - User logged in: ayaa98114@gmail.com
2026-02-12 18:30:17,873 - googleapiclient.discovery_cache - INFO - file_cache is only supported with oauth2client<4.0.0
2026-02-12 18:30:18,954 - google_auth_httplib2 - INFO - Refreshing credentials due to a 401 response. Attempt 1/2.
2026-02-12 18:30:20,133 - app.services.gmail_service - INFO - Retrieved 20 emails from Gmail
2026-02-12 18:30:26,138 - googleapiclient.discovery_cache - INFO - file_cache is only supported with oauth2client<4.0.0
2026-02-12 18:30:27,244 - google_auth_httplib2 - INFO - Refreshing credentials due to a 401 response. Attempt 1/2.
2026-02-12 18:30:28,593 - app.services.gmail_service - INFO - Retrieved 20 emails from Gmail
2026-02-12 18:34:37,122 - app.services.gmail_service - INFO - Gmail OAuth credentials loaded successfully
2026-02-12 18:34:37,139 - app.services.outlook_service - WARNING - Microsoft OAuth credentials not found in environment
2026-02-12 18:34:37,169 - app.main - INFO - Starting PhishGuard AI...
2026-02-12 18:34:39,492 - app.main - INFO - Database initialized
2026-02-12 18:34:55,141 - app.services.gmail_service - INFO - Generated Gmail authorization URL
2026-02-12 18:35:01,608 - googleapiclient.discovery_cache - INFO - file_cache is only supported with oauth2client<4.0.0
2026-02-12 18:35:02,539 - google_auth_httplib2 - INFO - Refreshing credentials due to a 401 response. Attempt 1/2.
2026-02-12 18:35:03,802 - app.services.gmail_service - INFO - Retrieved 20 emails from Gmail
2026-02-12 18:35:09,591 - googleapiclient.discovery_cache - INFO - file_cache is only supported with oauth2client<4.0.0
2026-02-12 18:35:10,651 - google_auth_httplib2 - INFO - Refreshing credentials due to a 401 response. Attempt 1/2.
2026-02-12 18:35:11,791 - app.services.gmail_service - INFO - Retrieved 20 emails from Gmail
